sentence,label,source_file
"According to Gran , the company has no plans to move all production to Russia , although that is where the company is growing .",neutral,Sentences_75Agree.txt
With the new production plant the company would increase its capacity to meet the expected increase in demand and would improve the use of raw materials and therefore increase the production profitability .,positive,Sentences_75Agree.txt
"For the last quarter of 2010 , Componenta 's net sales doubled to EUR131m from EUR76m for the same period a year earlier , while it moved to a zero pre-tax profit from a pre-tax loss of EUR7m .",positive,Sentences_75Agree.txt
"In the third quarter of 2010 , net sales increased by 5.2 % to EUR 205.5 mn , and operating profit by 34.9 % to EUR 23.5 mn .",positive,Sentences_75Agree.txt
Operating profit rose to EUR 13.1 mn from EUR 8.7 mn in the corresponding period in 2007 representing 7.7 % of net sales .,positive,Sentences_75Agree.txt
"Operating profit totalled EUR 21.1 mn , up from EUR 18.6 mn in 2007 , representing 9.7 % of net sales .",positive,Sentences_75Agree.txt
TeliaSonera TLSN said the offer is in line with its strategy to increase its ownership in core business holdings and would strengthen Eesti Telekom 's offering to its customers .,positive,Sentences_75Agree.txt
"STORA ENSO , NORSKE SKOG , M-REAL , UPM-KYMMENE Credit Suisse First Boston ( CFSB ) raised the fair value for shares in four of the largest Nordic forestry groups .",positive,Sentences_75Agree.txt
"A purchase agreement for 7,200 tons of gasoline with delivery at the Hamina terminal , Finland , was signed with Neste Oil OYj at the average Platts index for this September plus eight US dollars per month .",positive,Sentences_75Agree.txt
"Finnish Talentum reports its operating profit increased to EUR 20.5 mn in 2005 from EUR 9.3 mn in 2004 , and net sales totaled EUR 103.3 mn , up from EUR 96.4 mn .",positive,Sentences_75Agree.txt
"Clothing retail chain Sepp+ñl+ñ 's sales increased by 8 % to EUR 155.2 mn , and operating profit rose to EUR 31.1 mn from EUR 17.1 mn in 2004 .",positive,Sentences_75Agree.txt
"Consolidated net sales increased 16 % to reach EUR74 .8 m , while operating profit amounted to EUR0 .9 m compared to a loss of EUR0 .7 m in the prior year period .",positive,Sentences_75Agree.txt
"Foundries division reports its sales increased by 9.7 % to EUR 63.1 mn from EUR 57.5 mn in the corresponding period in 2006 , and sales of the Machine Shop division increased by 16.4 % to EUR 41.2 mn from EUR 35.4 mn in the corresponding period in 2006 .",positive,Sentences_75Agree.txt
"HELSINKI ( AFX ) - Shares closed higher , led by Nokia after it announced plans to team up with Sanyo to manufacture 3G handsets , and by Nokian Tyres after its fourth-quarter earnings report beat analysts ' expectations , dealers said .",positive,Sentences_75Agree.txt
"Incap Contract Manufacturing Services Pvt Ltd , a subsidiary of Incap Corporation of Finland , plans to double its revenues by 2007-2008 .",positive,Sentences_75Agree.txt
"Its board of directors will propose a dividend of EUR0 .12 per share for 2010 , up from the EUR0 .08 per share paid in 2009 .",positive,Sentences_75Agree.txt
"Lifetree was founded in 2000 , and its revenues have risen on an average by 40 % with margins in late 30s .",positive,Sentences_75Agree.txt
"MegaFon 's subscriber base increased 16.1 % in 2009 to 50.5 million users as of December 31 , while its market share by the number of customers amounted to 24 % as of late 2009 , up from 23 % as of late 2008 , according to TeliaSonera estimates .",positive,Sentences_75Agree.txt
"Net income from life insurance doubled to EUR 6.8 mn from EUR 3.2 mn , and net income from non-life insurance rose to EUR 5.2 mn from EUR 1.5 mn in the corresponding period in 2009 .",positive,Sentences_75Agree.txt
Net sales increased to EUR193 .3 m from EUR179 .9 m and pretax profit rose by 34.2 % to EUR43 .1 m. ( EUR1 = USD1 .4 ),positive,Sentences_75Agree.txt
"Net sales surged by 18.5 % to EUR167 .8 m. Teleste said that EUR20 .4 m , or 12.2 % , of the sales came from the acquisitions made in 2009 .",positive,Sentences_75Agree.txt
Nordea Group 's operating profit increased in 2010 by 18 percent year-on-year to 3.64 billion euros and total revenue by 3 percent to 9.33 billion euros .,positive,Sentences_75Agree.txt
"Operating profit for the nine-month period increased from EUR13 .6 m , while net sales increased from EUR394 .7 m , as compared to the corresponding period in 2005 .",positive,Sentences_75Agree.txt
"Operating profit for the nine-month period increased from EUR3 .1 m and net sales increased from EUR61 .5 m , as compared to the corresponding period in 2007 .",positive,Sentences_75Agree.txt
"Operating profit for the three-month period increased from EUR1 .2 m , while revenue increased from EUR20 .2 m , as compared to the corresponding period in 2005 .",positive,Sentences_75Agree.txt
"The company 's net profit rose 11.4 % on the year to 82.2 million euros in 2005 on sales of 686.5 million euros , 13.8 % up on the year , the company said earlier .",positive,Sentences_75Agree.txt
"The Lithuanian beer market made up 14.41 million liters in January , a rise of 0.8 percent from the year-earlier figure , the Lithuanian Brewers ' Association reporting citing the results from its members .",positive,Sentences_75Agree.txt
"Viking Line 's cargo revenue increased by 5.4 % to EUR 21.46 mn , and cargo volume increased by 2.4 % to 70,116 cargo units .",positive,Sentences_75Agree.txt
"The fair value of the property portfolio doubled as a result of the Kapiteeli acquisition and totalled EUR 2,686.2 1,259.7 million .",positive,Sentences_75Agree.txt
10 February 2011 - Finnish media company Sanoma Oyj HEL : SAA1V said yesterday its 2010 net profit almost tripled to EUR297 .3 m from EUR107 .1 m for 2009 and announced a proposal for a raised payout .,positive,Sentences_75Agree.txt
"A Helsinki : ELIiV today reported EPS of EUR1 .13 for 2009 , an increase over EPS of EUR1 .12 in 2008 .",positive,Sentences_75Agree.txt
"Aspo Plc STOCK EXCHANGE RELEASE February 11 , 2011 at8 .45 a.m. ESL Shipping Ltd , part of Aspo Group , has signed a new , long-term contract with Rautaruukki Corporation for the marine transport of raw materials on the Baltic Sea .",positive,Sentences_75Agree.txt
"Commission income increased by 22 % to EUR 4.4 mn , and lending volume rose by 13.5 % .",positive,Sentences_75Agree.txt
"In January , traffic , measured in revenue passenger kilometres RPK , went up by 3.2 % and capacity , measured in available seat kilometres ASK , rose by 12.2 % .",positive,Sentences_75Agree.txt
"In January-September 2010 , Fiskars ' net profit went up by 14 % year-on-year to EUR 65.4 million and net sales to EUR 525.3 million from EUR 487.7 million .",positive,Sentences_75Agree.txt
"Net income from life insurance rose to EUR 16.5 mn from EUR 14.0 mn , and net income from non-life insurance to EUR 22.6 mn from EUR 15.2 mn in 2009 .",positive,Sentences_75Agree.txt
"Nyrstar has also agreed to supply to Talvivaara up to 150,000 tonnes of sulphuric acid per annum for use in Talvivaara 's leaching process during the period of supply of the zinc in concentrate .",positive,Sentences_75Agree.txt
Sales have risen in other export markets .,positive,Sentences_75Agree.txt
Sales increased due to growing market rates and increased operations .,positive,Sentences_75Agree.txt
The agreement strengthens our long-term partnership with Nokia Siemens Networks .,positive,Sentences_75Agree.txt
The company also estimates the already carried out investments to lead to an increase in its net sales for 2010 from 2009 when they reached EUR 141.7 million .,positive,Sentences_75Agree.txt
"The company 's order book stood at 1.5 bln euro $ 2.2 bln on September 30 , 2007 , up by 24.2 pct on the year , with international orders amounting to 365 mln euro $ 534.3 mln .",positive,Sentences_75Agree.txt
"The company said that paper demand increased in all of its main markets , including of publication papers , and that it increased average paper prices by 4 percent compared with last year .",positive,Sentences_75Agree.txt
"The world 's second largest stainless steel maker said net profit in the three-month period until Dec. 31 surged to euro603 million US$ 781 million , or euro3 .33 US$ 4.31 per share , from euro172 million , or euro0 .94 per share , the previous year .",positive,Sentences_75Agree.txt
"Seppala 's revenue increased by 0.2 % to EUR10 .1 m. In Finland , revenue went down by 2.4 % to EUR6 .8 m , while sales abroad rose by 6.2 % to EUR3 .3 m. Sales increased in all the Baltic countries as well as in Russia and Ukraine .",positive,Sentences_75Agree.txt
"Shares of Standard Chartered ( STAN ) rose 1.2 % in the FTSE 100 , while Royal Bank of Scotland ( RBS ) shares rose 2 % and Barclays shares ( BARC ) ( BCS ) were up 1.7 % .",positive,Sentences_75Agree.txt
Shares of Nokia Corp. rose Thursday after the cell phone maker said its third-quarter earnings almost doubled and its share of the global handset market increased .,positive,Sentences_75Agree.txt
"In its financial report , published on Friday , SEB said its net profit soared to SEK6 .745 bn in 2010 from a year-earlier SEK1 .114 bn and proposed a 50 % dividend increase to SEK1 .50 per share .",positive,Sentences_75Agree.txt
"At the request of Finnish media company Alma Media 's newspapers , research manager Jari Kaivo-oja at the Finland Futures Research Centre at the Turku School of Economics has drawn up a future scenario for Finland 's national economy by using a model developed by the University of Denver .",neutral,Sentences_75Agree.txt
"In Sweden , Gallerix accumulated SEK denominated sales were down 1 % and EUR denominated sales were up 11 % .",neutral,Sentences_75Agree.txt
"When this investment is in place , Atria plans to expand into the Moscow market .",neutral,Sentences_75Agree.txt
"In June it sold a 30 percent stake to Nordstjernan , and the investment group has now taken up the option to acquire EQT 's remaining shares .",neutral,Sentences_75Agree.txt
STOCK EXCHANGE ANNOUNCEMENT 20 July 2006 1 ( 1 ) BASWARE SHARE SUBSCRIPTIONS WITH WARRANTS AND INCREASE IN SHARE CAPITAL A total of 119 850 shares have been subscribed with BasWare Warrant Program .,neutral,Sentences_75Agree.txt
The new plant is planned to have an electricity generation capacity of up to 350 megawatts ( MW ) and the same heat generation capacity .,neutral,Sentences_75Agree.txt
"The OMX Helsinki 25 index was up 0.92 pct at 2,518.67 and the Helsinki CAP portfolio index was 0.91 pct higher at 4,711.19 .",positive,Sentences_75Agree.txt
"A maximum of 666,104 new shares can further be subscribed for by exercising B options under the 2004 stock option plan .",neutral,Sentences_75Agree.txt
"On the route between Helsinki in Finland and Tallinn in Estonia , cargo volumes increased by 36 % , while cargo volumes between Finland and Sweden fell by 9 % .",neutral,Sentences_75Agree.txt
"Rinkuskiai raised the sales by 18.1 percent , to 1.37 million liters , while the sales of Kauno Alus grew by 14.3 percent , to 960,000 liters .",positive,Sentences_75Agree.txt
Tiimari operates 194 stores in six countries -- including its core Finnish market -- and generated a turnover of 76.5 mln eur in 2005 .,neutral,Sentences_75Agree.txt
"The combination of all services enabling us to offer a complex and strengthened service chain not only limited to the Baltic port connections but also for getting access to the world wide Grimaldi Network into the Mediterranean , Africa and North America `` says Uwe Bakosch .",positive,Sentences_75Agree.txt
"The company still expects its turnover in 2010 to slightly increase from the level of 2009 , adding that `` market predictability is still too poor for trustworthy forecasts on the market development of the contract manufacturing business during the current year '' .",positive,Sentences_75Agree.txt
The acquisition will considerably increase Kemira 's sales and market position in the Russian metal industry coatings market .,positive,Sentences_75Agree.txt
"In January-September 2007 , Finnlines ' net sales rose to EUR 505.4 mn from EUR 473.5 mn in the corresponding period in 2006 .",positive,Sentences_75Agree.txt
"Adjusted for changes in the Group structure , the Division 's net sales increased by 1.7 % .",positive,Sentences_75Agree.txt
"`` The change will optimize the operational efficiencies of our growing business , '' said Julia Prohaska , director of marketing communications for Fiskars .",positive,Sentences_75Agree.txt
"4 February 2011 - Finnish broadband data communication systems provider Teleste Oyj HEL : TLT1V saw its net profit jump to EUR2 .1 m for the last quarter of 2010 from EUR995 ,000 for the same period of 2009 .",positive,Sentences_75Agree.txt
Finnish Aktia Group 's operating profit rose to EUR 17.5 mn in the first quarter of 2010 from EUR 8.2 mn in the first quarter of 2009 .,positive,Sentences_75Agree.txt
Finnish Bank of +àland 's consolidated net operating profit increased from EUR 4.8 mn in the first quarter of 2005 to EUR 6.4 mn in the first quarter of 2006 .,positive,Sentences_75Agree.txt
"Finnish financial group Aktia reports operating profit of EUR 44.4 mn in January-September 2009 , up from EUR 37.3 mn in the corresponding period in 2008 .",positive,Sentences_75Agree.txt
"Finnish high technology provider Vaahto Group reports net sales of EUR 41.8 mn in the accounting period September 2007 - February 2008 , an increase of 11.2 % from a year earlier .",positive,Sentences_75Agree.txt
Net sales of Finnish food industry company L+ñnnen Tehtaat 's continuing operations increased by 13 % in 2008 to EUR 349.1 mn from EUR 309.6 mn in 2007 .,positive,Sentences_75Agree.txt
An individual promotion also generated slightly higher-than-expected revenues .,positive,Sentences_75Agree.txt
Biohit already services many current Genesis customers and the customer base is expected to expand as a result of this agreement .,positive,Sentences_75Agree.txt
"Both operating profit and turnover for the three-month period increased , respectively from EUR0 .9 m and EUR8 .3 m , as compared to the corresponding period in 2005 .",positive,Sentences_75Agree.txt
Circulation revenue has increased by 5 % in Finland and 4 % in Sweden in 2008 .,positive,Sentences_75Agree.txt
Clothing chain Sepp+ñl+ñ 's net sales increased by 7.0 % to EUR 30.8 mn .,positive,Sentences_75Agree.txt
Construction volumes meanwhile grow at a rate of 10-15 percent annually .,positive,Sentences_75Agree.txt
Finnish and Swedish construction markets are still experiencing an estimated 4 % annual growth in 2008 .,positive,Sentences_75Agree.txt
"However , Biohit estimates its total net sales will continue to grow in 2009 , and that favourable trends in net sales will lead to a profit in 2009 .",positive,Sentences_75Agree.txt
"In 2009 , Fiskars ' cash flow from operating activities amounted to EUR121m , up from EUR97m in the previous year .",positive,Sentences_75Agree.txt
"In Lithuania , operating profit rose to EUR 190,000 from EUR 70,000 in the corresponding period in 2005 .",positive,Sentences_75Agree.txt
"In the fourth quarter of 2008 , net sales increased by 2 % to EUR 1,050.7 mn from EUR 1,027.0 mn in the fourth quarter of 2007 .",positive,Sentences_75Agree.txt
"International sales rose by 59.8 % to EUR 1,244.4 mn .",positive,Sentences_75Agree.txt
Net sales grew in the period to  x20ac 402 million $ 585US million from  x20ac 401 million in 2006 .,positive,Sentences_75Agree.txt
Net sales increased to EUR655m in April to June 2010 from EUR438m a year earlier .,positive,Sentences_75Agree.txt
"Net sales rose by 25.5 % year-on-year to EUR59 .6 m , as the number of chargers delivered went up by 41 % to 65.9 million pieces .",positive,Sentences_75Agree.txt
"Net sales totaled EUR 93.6 mn , up from EUR 93.2 mn in the corresponding period in 2005 .",positive,Sentences_75Agree.txt
Operating profit increased by 145.1 % to EUR 8.3 mn from EUR 3.4 mn .,positive,Sentences_75Agree.txt
Operating profit margin increased from 11.2 % to 11.7 % .,positive,Sentences_75Agree.txt
Operating profit rose to EUR 3.11 mn from EUR 1.22 mn in the corresponding period in 2009 .,positive,Sentences_75Agree.txt
Operating profit rose to EUR 5mn from EUR 2.8 mn in the fourth quarter of 2008 .,positive,Sentences_75Agree.txt
"Operating profit was EUR 24.5 mn , up from EUR 23.0 mn .",positive,Sentences_75Agree.txt
"Ramirent 's net sales in the second quarterended June 30 were EURO 128.7 million about U.S. $ 163 million , a 3.3-percent increase compared with EURO 124.6 million for thesecond quarter last year .",positive,Sentences_75Agree.txt
"Revenue grew by 2 percent to  x20ac 580 million $ 743 million , from  x20ac 569 million .",positive,Sentences_75Agree.txt
Ruukki announced that it has signed an agreement with Aker Solutions of Norway to supply 24 suction anchors in September 2010 from its Kalajoki unit in Finland .,positive,Sentences_75Agree.txt
"Ruukki 's delivery volumes and selling prices showed favourable development and the company 's comparable net sales grew by 50 % year-on-year to EUR647m , CEO Sakari Tamminen said .",positive,Sentences_75Agree.txt
Sanoma Magazines ' net sales are estimated to grow in 2006 .,positive,Sentences_75Agree.txt
The bank forecasts Finland 's GDP will grow by 2 % in 2010 and in 2011 .,positive,Sentences_75Agree.txt
"The company 's consolidated operating profit amounted to EUR 15.86 mn , up from EUR 4.14 mn year-on-year .",positive,Sentences_75Agree.txt
The Department Store Division reported an increase in sales of 4 per cent .,positive,Sentences_75Agree.txt
The fair value of the company 's investment properties grew to EUR 2.803 billion at the end of March 2009 from EUR 2.691 million a year ago .,positive,Sentences_75Agree.txt
"The last quarter was the best quarter of 2009 in net sales , and the operating margin rose to 12.2 % .",positive,Sentences_75Agree.txt
"The major breweries increased their domestic beer sales by 4.5 per cent last year , to 256.88 million litres from 245.92 million litres in 2004 .",positive,Sentences_75Agree.txt
"The transaction doubles Tecnomens workforse , and adds a fourth to their net sales .",positive,Sentences_75Agree.txt
- Operating profit rose by 26.9 % to EUR 105.8 ( 83.4 ) million .,positive,Sentences_75Agree.txt
"`` After this purchase , Cramo will become the second largest rental services provider in the Latvian market .",positive,Sentences_75Agree.txt
`` The purchase of the operations is part of YIT 's strategy to expand its offering of building system services geographically . '',positive,Sentences_75Agree.txt
21 October 2010 - Finnish fishing tackle company Rapala VMC Corp ( HEL : RAP1V ) said today its net profit rose to EUR18 .9 m for the first nine months of 2010 from EUR15 .1 m for the same period a year earlier .,positive,Sentences_75Agree.txt
"According to Finnish Metso Minerals , the value of the company 's orders has gone up to EUR 1.9 bn in 12 months .",positive,Sentences_75Agree.txt
Finnish Aldata Solution has signed a contract of supply its G.O.L.D. system to two French retail chains .,positive,Sentences_75Agree.txt
Finnish Bank of +àland reports its operating profit rose to EUR 21.3 mn in the second quarter of 2009 from EUR 6.1 mn in the corresponding period in 2008 .,positive,Sentences_75Agree.txt
Finnish financial group Aktia 's operating profit for 2009 increased to EUR 47.0 mn from EUR 6.6 mn in 2008 .,positive,Sentences_75Agree.txt
Finnish forest machinery manufacturer Ponsse 's net sales grew to EUR 51.3 mn in the first quarter of 2010 from EUR 37.5 mn in the corresponding period in 2009 .,positive,Sentences_75Agree.txt
Finnish KCI Konecranes has raised its net sales growth estimate for 2006 from over 25 % to over 35 % .,positive,Sentences_75Agree.txt
Finnish Okmetic that manufactures and processes silicon wafers for the semiconductor and sensor industries and Norwegian solar wafer company NorSun have signed a contract under which Okmetic will supply NorSun mono silicon crystals for use in solar cell manufacturing .,positive,Sentences_75Agree.txt
Finnish pharmaceuticals company Orion 's net sales rose to EUR 190mn in the first quarter of 2009 from EUR 180mn in the first quarter of 2008 .,positive,Sentences_75Agree.txt
"Finnish Ponsse has signed an agreement with Babcock Africa for the distribution and support of Ponsse forest machines , harvester heads , and information systems in South Africa .",positive,Sentences_75Agree.txt
South African Sappi will become the largest foreign forest industry company operating in Finland as a result of the acquisition Finnish M-real Corporation 's Graphic Papers Business unit .,positive,Sentences_75Agree.txt
According to Deputy MD Pekka Silvennoinen the aim is double turnover over the next three years .,positive,Sentences_75Agree.txt
"According to HKScan Finland , the plan is to increase J+ñrvi-Suomen Portti 's net sales to EUR 80mn to EUR 100mn .",positive,Sentences_75Agree.txt
"Advertising and circulation revenues grew by 3.4 % and by 0.4 % , respectively .",positive,Sentences_75Agree.txt
"After the takeover , Cramo will become the second largest rental services provider in the Latvian market .",positive,Sentences_75Agree.txt
"Again , the most significant sales increase of 18.6 % was in Russia .",positive,Sentences_75Agree.txt
Alma Media expects its net sales to increase as forecast previously .,positive,Sentences_75Agree.txt
Also Lemmink+ñinen 's profit for accounting period went up to EUR 3.1 mn from EUR -24.5 mn a year ago .,positive,Sentences_75Agree.txt
"At the end of March 2007 , the group 's order book was at EUR 39.6 mn , up 42 % from the corresponding period in 2006 .",positive,Sentences_75Agree.txt
"At the same time profit of the company increased by 10 % in H1 and reached Ls 79,000 .",positive,Sentences_75Agree.txt
"Both operating profit and net sales for the 12-month period increased , respectively from EUR10 .5 m and EUR28 .8 m , as compared to the financial year 2004 .",positive,Sentences_75Agree.txt
"Both operating profit and net sales for the 12-month period increased , respectively from EUR20 .8 m and EUR177 .7 m , as compared to the financial year 2004 .",positive,Sentences_75Agree.txt
"Both operating profit and net sales for the 12-month period increased , respectively from EUR21 .5 m and EUR196 .1 m , as compared to 2005 .",positive,Sentences_75Agree.txt
"Both operating profit and net sales for the 12-month period increased , respectively from EUR4 .7 m and EUR26 .7 m , as compared to 2004 .",positive,Sentences_75Agree.txt
"Both operating profit and net sales for the nine-month period increased , respectively by 26.6 % and 3.4 % , as compared to the corresponding period in 2006 .",positive,Sentences_75Agree.txt
"Both operating profit and net sales for the six-month period increased , respectively , from EUR13 .8 m and EUR143 .6 m , as compared to the corresponding period in 2007 .",positive,Sentences_75Agree.txt
"Both operating profit and net sales for the six-month period increased , respectively from EUR0 .4 m and EUR3 .2 m , as compared to the corresponding period in 2005 .",positive,Sentences_75Agree.txt
"Both operating profit and net sales for the six-month period increased , respectively from EUR18 .1 m and EUR127 .6 m , as compared to the corresponding period in 2006 .",positive,Sentences_75Agree.txt
"Both operating profit and net sales for the six-month period increased , respectively from EUR7 .5 m and EUR655 .5 m , as compared to the corresponding period in 2005 .",positive,Sentences_75Agree.txt
"Both operating profit and net sales for the three-month period increased , respectively from EUR15 .1 m and EUR131 .5 m , as compared to the corresponding period in 2005 .",positive,Sentences_75Agree.txt
"Both operating profit and net sales for the three-month period increased , respectively from EUR16 .0 m and EUR139m , as compared to the corresponding quarter in 2006 .",positive,Sentences_75Agree.txt
"Both operating profit and sales for the three-month period increased , respectively from EUR0 .3 m and EUR13 .1 m , as compared to the corresponding period in 2005 .",positive,Sentences_75Agree.txt
"Both operating profit and turnover for the nine-month period increased , respectively from EUR2 .4 m and EUR43 .8 m , as compared to the corresponding period a year ago .",positive,Sentences_75Agree.txt
"Both operating profit and turnover for the six-month period increased , respectively , from EUR17 .6 m and EUR1149 .9 m , as compared to the corresponding period in 2007 .",positive,Sentences_75Agree.txt
"Both operating profit and turnover for the six-month period increased , respectively from EUR0 .1 m and EUR29 .0 m , as compared to the corresponding period a year ago .",positive,Sentences_75Agree.txt
Cargo volume grew by 7 % .,positive,Sentences_75Agree.txt
Cargo volume increased by approximately 5 % .,positive,Sentences_75Agree.txt
"comparable operating profit totaled EUR 854mn , up from EUR 730mn in 2004 .",positive,Sentences_75Agree.txt
"Digia said its consolidated net sales for January-June 2010 were EUR67 .8 m , up 9.7 % on the same period in 2009 ( EUR61 .9 m ) .",positive,Sentences_75Agree.txt
Diluted earnings per share ( EPS ) rose to EUR 0.29 from EUR 0.05 .,positive,Sentences_75Agree.txt
Diluted earnings per share ( EPS ) rose to EUR 0.52 versus EUR 0.09 .,positive,Sentences_75Agree.txt
Diluted earnings per share ( EPS ) rose to EUR 1.05 from EUR 0.64 .,positive,Sentences_75Agree.txt
Diluted earnings per share ( EPS ) rose to EUR 3.68 from EUR 0.50 .,positive,Sentences_75Agree.txt
Diluted EPS rose to EUR3 .68 from EUR0 .50 .,positive,Sentences_75Agree.txt
EBIT margin was up from 1.4 % to 5.1 % .,positive,Sentences_75Agree.txt
"EPS for the quarter was EUR0 .00 , as compared with EUR0 .01 in the third quarter of 2008 , representing a Group net sales for the third quarter were EUR15 .3 m , up by 2.8 % as compared with EUR14 .9 m in the third quarter of 2008 .",positive,Sentences_75Agree.txt
"EPS from continuing operations came in at 0.30 eur , up from 0.17 .",positive,Sentences_75Agree.txt
"Equity ratio was 60.9 % compared to 54.2 % In the third quarter of 2007 , net sales of the Frozen Foods Business totaled EUR 11.0 , up by about 5 % from the third quarter of 2006 .",positive,Sentences_75Agree.txt
"EUR928 ,000 in Q1 2010 6 May 2010 - Finnish textile and clothing design company Marimekko Oyj ( HEL : MMO1V ) said today its net profit rose to EUR928 ,000 in the first quarter of 2010 from EUR13 ,000 in the corresponding period a year earlier .",positive,Sentences_75Agree.txt
"Finland-based Elcoteq SE , a privately held provider of electronics manufacturing services to communications companies , said Thursday it signed a long-term manufacturing supply deal with communications equipment company Andrew Corp. .",positive,Sentences_75Agree.txt
Finnish cutlery and hand tools maker Fiskars Oyj Abp ( HEL : FISAS ) said today its net profit rose to EUR 24.1 million ( USD 33.6 m ) in the third quarter of 2010 from EUR 17.9 million a year earlier .,positive,Sentences_75Agree.txt
Finnish department store chain Stockmann Oyj Abp net profit rose to 39.8 mln euro ( $ 56.8 mln ) for the first nine months of 2007 from 37.4 mln euro ( $ 53.4 mln ) for the same period of 2006 .,positive,Sentences_75Agree.txt
"Finnish lifting equipment maker Konecranes Oyj said on July 30 , 2008 that its net profit rose to 71.2 mln euro ( $ 111.1 mln ) for the first half of 2008 from 57.1 mln euro ( $ 89.1 mln ) for the same period of 2007 .",positive,Sentences_75Agree.txt
Finnish messaging solutions developer Tecnomen Corporation ( OMX Helsinki : TEM1V ) said on Thursday ( 11 December ) that it has received an expansion order for its Convergent Charging solution in Latin America .,positive,Sentences_75Agree.txt
Finnish metal industry solutions supplier Outotec Oyj net profit rose to 50.4 mln euro ( $ 72.5 mln ) for the first nine months of 2007 from 20.1 mln euro ( $ 28.9 mln ) for the same period of 2006 .,positive,Sentences_75Agree.txt
Finnish metal products company Componenta Oyj net profit rose to 26.1 mln euro ( $ 35.9 mln ) for the first quarter of 2007 from 5.3 mln euro ( $ 7.3 mln ) for the same period of 2006 .,positive,Sentences_75Agree.txt
Finnish office supplies and computer accessories dealer Beltton-Group Plc said its net profit rose to 1.3 mln euro ( $ 1.7 mln ) in 2006 from 1.13 mln euro ( $ 1.5 mln ) in 2005 .,positive,Sentences_75Agree.txt
"Finnish security and privacy software solutions developer Stonesoft Oyj said on January 7 , 2008 that the preliminary sales of its StoneGate products grew by 59 pct year-on-year to 3.6 mln euro ( $ 5.3 mln ) for the fourth quarter of 2007 .",positive,Sentences_75Agree.txt
"Finnish silicon wafer technology company Okmetic Oyj ( OMX Helsinki : OKM1V ) reported on Thursday ( 7 August ) an operating profit of EUR5 .3 m for the period January-June 2008 , up from EUR3 .3 m in the corresponding period in 2007 .",positive,Sentences_75Agree.txt
Finnish software developer Done Solutions Oyj said its net profit increased to 3.5 mln euro ( $ 4.6 mln ) in 2006 from 2.3 mln euro ( $ 3.0 mln ) in 2005 .,positive,Sentences_75Agree.txt
First quarter underlying operating profit rose to 41 mln eur from 33 mln a year earlier .,positive,Sentences_75Agree.txt
"Following the acquisition , Relacom will strengthen its presence in Finland , serving operators and office market with mobile and fixed networks construction , installation and maintenance services .",positive,Sentences_75Agree.txt
"For the first nine months of 2010 , the company 's net profit rose to EUR41m from EUR30m for the corresponding period of 2009 .",positive,Sentences_75Agree.txt
"HELSINKI ( AFX ) - Retail and wholesale group Kesko reported net sales of 659.4 mln eur for February , an increase of 10.8 pct year-on-year .",positive,Sentences_75Agree.txt
"However , net sales in 2010 are seen to have grown to EUR598 .3 m from EUR582 .3 m in 2009 .",positive,Sentences_75Agree.txt
"However , sales returned to growth in April-June 2010 , CEO Pekka Eloholma said .",positive,Sentences_75Agree.txt
"Ragutis , which is controlled by the Finnish brewery , reported a 5.4-per-cent rise in beer sales to 10.44 million litres and held an 11.09-per-cent market share .",positive,Sentences_75Agree.txt
"Svyturys-Utenos Alus , which is controlled by the Nordic group Baltic Beverages Holding ( BBH ) , posted a 4.7-per-cent growth in beer sales for January-May to 46.22 million litres .",positive,Sentences_75Agree.txt
"In December alone , the members of the Lithuanian Brewers ' Association sold a total of 20.3 million liters of beer , an increase of 1.9 percent from the sales of 19.92 million liters in December 2004 .",positive,Sentences_75Agree.txt
"In January-September 2009 , the Group 's net interest income increased to EUR 112.4 mn from EUR 74.3 mn in January-September 2008 .",positive,Sentences_75Agree.txt
"In Q1 of 2010 , Bank of +àland 's net interest income increased from EUR 9.1 mn to EUR 9.7 mn .",positive,Sentences_75Agree.txt
"In Sweden , operating profit for the period under review totaled EUR 3.4 mn , up 30.8 % from the corresponding period in 2005 .",positive,Sentences_75Agree.txt
"In the fourth quarter of 2009 , Orion 's net profit went up by 33.8 % year-on-year to EUR33m .",positive,Sentences_75Agree.txt
"In the second quarter of 2010 , the group 's net profit rose to EUR 3.1 million from EUR 2.5 million in April-June 2009 .",positive,Sentences_75Agree.txt
"In the second quarter of 2010 , the group 's net profit rose to EUR3 .1 m from EUR2 .5 m in April-June 2009 .",positive,Sentences_75Agree.txt
"In the third quarter , net sales increased by 12 % year-on-year to EUR 159.5 million , or by 6 % at comparable currency rates growth .",positive,Sentences_75Agree.txt
"In the third quarter , net sales increased by 12 % year-on-year to EUR159 .5 m , or by 6 % at comparable currency rates growth .",positive,Sentences_75Agree.txt
Its market share widened to 48.51 percent from 48.31 percent a year earlier .,positive,Sentences_75Agree.txt
"Kesko Agro Eesti , the retailer and wholesaler of grain , agricultural and warehousing machinery and accessories , had net sales of 81 million euros in 2007 , an increase by one-tenth over the preceding year .",positive,Sentences_75Agree.txt
"Kesko 's car import and retailing business , VV-Auto , saw sales grow by 17.1 pct .",positive,Sentences_75Agree.txt
Kone 's net sales rose by some 14 % year-on-year in the first nine months of 2008 .,positive,Sentences_75Agree.txt
"( ADP News ) - Feb 11 , 2009 - Finnish management software solutions provider Ixonos Oyj ( HEL : XNS1V ) said today its net profit rose to EUR 3.5 million ( USD 4.5 m ) for 2008 from EUR 3.1 million for 2007 .",positive,Sentences_75Agree.txt
"( ADP News ) - Feb 12 , 2009 - Finnish IT solutions provider Affecto Oyj ( HEL : AFE1V ) said today its net profit rose to EUR 8.5 million ( USD 11m ) in 2008 from EUR 7 million in 2007 .",positive,Sentences_75Agree.txt
"( ADP News ) - Feb 6 , 2009 - Finnish fishing tackle company Rapala VMC Corp ( HEL : RAP1V ) said today its net profit rose to EUR 19.2 million ( USD 24.6 m ) for 2008 from EUR 17.5 million for 2007 .",positive,Sentences_75Agree.txt
"( ADP News ) - Nov 5 , 2008 - Finnish electronic measurement products and solutions maker Vaisala Oyj ( OMX : VAIAS ) said today that its net profit rose to EUR 18 million ( USD 23.1 m ) for the first nine months of 2008 from EUR 1",positive,Sentences_75Agree.txt
"( ADP News ) - Oct 29 , 2008 - Finnish lifting equipment maker Konecranes Oyj ( OMX : KCR1V ) said today that its net profit rose to EUR 116.6 million ( USD 149.1 m ) in the first nine months of 2008 from EUR 73.6 million for the s",positive,Sentences_75Agree.txt
"Metso expects its net sales to increase by about 10 % in 2008 , at comparable exchange rates .",positive,Sentences_75Agree.txt
"Neste Oil Corp. has signed long-term procurement contracts with Honkajoki Oy and Findest Protein Oy , both owned by Finnish food manufacturers , for the supply of animal fat for biodiesel production at Neste 's 200,000 b-cd Porvoo , Finland , refinery .",positive,Sentences_75Agree.txt
Net interest income increased by 4.5 % to EUR 31.4 mn from EUR 30.0 mn in 2004 .,positive,Sentences_75Agree.txt
"Net interest income was EUR 152.2 mn , up from EUR 101.0 mn in 2008 .",positive,Sentences_75Agree.txt
"Net interest income was EUR 39.3 mn , up from EUR 32.7 mn .",positive,Sentences_75Agree.txt
Net sales of the Vegetable Oil Business rose to EUR 10.6 mn from EUR 10.1 mn .,positive,Sentences_75Agree.txt
"Nokia Multimedia 's net sales totaled EUR 5.7 bn , up 45 % from the corresponding period in 2005 .",positive,Sentences_75Agree.txt
Operating income rose to EUR 696.4 mn from EUR 600.3 mn in 2009 .,positive,Sentences_75Agree.txt
"Operating profit of Kauppalehti group rose to EUR 1.5 mn from EUR 1.3 mn , and that of Marketplaces to EUR 1.3 mn from EUR 1.0 mn in the third quarter of 2006 .",positive,Sentences_75Agree.txt
Operating profit rose from EUR 1.94 mn to EUR 2.45 mn .,positive,Sentences_75Agree.txt
Operating profit rose to 22.1 mln eur from 19.9 mln .,positive,Sentences_75Agree.txt
Operating profit rose to EUR 1.6 mn from EUR 1.1 mn in the corresponding period in 2006 .,positive,Sentences_75Agree.txt
Operating profit rose to EUR 103.4 mn from EUR 23.2 in the corresponding period in 2006 .,positive,Sentences_75Agree.txt
Operating profit rose to EUR 13.5 mn from EUR 9.7 mn in the corresponding period in 2006 .,positive,Sentences_75Agree.txt
Operating profit rose to EUR 26.7 mn from EUR 14.9 mn in the corresponding period in 2006 .,positive,Sentences_75Agree.txt
Operating profit rose to EUR 27.8 mn from EUR 17.5 mn in 2008 .,positive,Sentences_75Agree.txt
Operating profit rose to EUR 3.2 mn from EUR 1.0 mn in the corresponding period in 2008 .,positive,Sentences_75Agree.txt
Operating profit rose to EUR 4.7 mn from EUR 3.6 mn .,positive,Sentences_75Agree.txt
Operating profit rose to EUR 4.7 mn from EUR 4.6 mn .,positive,Sentences_75Agree.txt
Operating profit rose to EUR 9.2 mn from EUR 6.8 mn in the corresponding period in 2007 .,positive,Sentences_75Agree.txt
Operating profit rose to EUR2 .4 m from EUR1 .6 m year earlier .,positive,Sentences_75Agree.txt
"Operating profit surged to EUR21m from EUR106 ,000 .",positive,Sentences_75Agree.txt
"Operating profit totaled EUR 37,7 mn , up slightly from EUR 37.2 mn in the corresponding period in 2006 .",positive,Sentences_75Agree.txt
"Operating profit totaled EUR 5.5 mn , up from EUR -0.7 mn .",positive,Sentences_75Agree.txt
"Operating profit was EUR 11.4 mn , up from EUR 7.5 mn .",positive,Sentences_75Agree.txt
"Operating profit was EUR 139.7 mn , up 23 % from EUR 113.8 mn .",positive,Sentences_75Agree.txt
"Order intake grew by 40 % year-on-year and 30 % year-on-year , respectively , to EUR 576 million and EUR 1.7 billion for the respective January-September and July-September 2010 periods .",positive,Sentences_75Agree.txt
Orders received grew by 55 % year-on-year to EUR732m .,positive,Sentences_75Agree.txt
Orion Pharma 's operating profit increased by 42.5 % from 2004 .,positive,Sentences_75Agree.txt
Passenger volumes rose by 8.4 % in the accounting period .,positive,Sentences_75Agree.txt
Passenger-related revenue rose by 5.1 % to EUR 460.8 mn from EUR 438.5 mn in 2009 .,positive,Sentences_75Agree.txt
Pretax profit rose to EUR 0.6 mn from EUR 0.4 mn in the corresponding period in 2005 .,positive,Sentences_75Agree.txt
"Pretax profit rose to EUR 1,019 mn from EUR 1,007 in the corresponding period in 2005 .",positive,Sentences_75Agree.txt
Pretax profit rose to EUR 17.8 mn from EUR 14.9 mn in 2005 .,positive,Sentences_75Agree.txt
"Pre-tax profit totaled EUR 397.4 mn , up from EUR 164.7 mn .",positive,Sentences_75Agree.txt
"Previously , the company had guided for EBIT and sales growth of 20 pct and 10 pct respectively for this year .",positive,Sentences_75Agree.txt
"Profit for the period totaled EUR 39.4 mn , up from EUR 33.9 mn in the corresponding period in 2006 .",positive,Sentences_75Agree.txt
"Profit for the period was EUR 5.9 mn , up from EUR 1.3 mn .",positive,Sentences_75Agree.txt
"Profit for the period was EUR 9.8 mn , up from EUR 6.0 mn in 2004 .",positive,Sentences_75Agree.txt
Revenue grew 12 percent to (  x20ac ) 3.6 billion ( US$ 4.5 billion ) .,positive,Sentences_75Agree.txt
"Revenue in July to September grew 14 percent to ( EURO ) 467 million from a year earlier , the company said Thursday .",positive,Sentences_75Agree.txt
Revenues at the same time grew 14 percent to 43 million euros .,positive,Sentences_75Agree.txt
"Ruukki has signed a contract to deliver and install the steel structures for a bridge over the Kyronsalmi strait in Savonlinna , Finland .",positive,Sentences_75Agree.txt
"Sales in Latin America increased by 42 % to EUR 432mn , and a total of 8.7 mn mobile devices were sold in the area , representing an increase of 32 % from the corresponding period in 2009 .",positive,Sentences_75Agree.txt
Sanoma Magazines Finland 's net sales grew to EUR 140.1 mn from EUR 131.8 mn .,positive,Sentences_75Agree.txt
"Satama 's net profit for the third quarter of 2007 rose to 275,000 euro ( $ 395,000 ) from 270,000 euro ( $ 388,000 ) for the same period of 2006 .",positive,Sentences_75Agree.txt
"Section : Regional News - The demand in Finnair 's Asian traffic , measured in passenger kilometers , was up 34.9 % in August compare to last year .",positive,Sentences_75Agree.txt
"Svyturys-Utenos Alus , which is controlled by the Nordic group Baltic Beverages Holding ( BBH ) , posted a 6.1 percent growth in beer sales for January-September to 101.99 million liters .",positive,Sentences_75Agree.txt
That would be an increase from estimated sales of 117 million last year .,positive,Sentences_75Agree.txt
"The chain posted sales of 298 million euros for full 2005 , a rise of 19.5 percent , year-on-year .",positive,Sentences_75Agree.txt
The company expects its net sales in 2008 to increase 5-10 % from 2007 .,positive,Sentences_75Agree.txt
"The company is in the process of building a new fleet and has placed orders for 10 P-Max tankers of 65,200 dwt .",positive,Sentences_75Agree.txt
"The company 's operating income ( EBIT ) totalled EUR 0.0 mn , up from EUR -0.3 mn year-on-year .",positive,Sentences_75Agree.txt
The EPS outlook was increased by 5.6 pct for 2007 and 7.0 pct for 2008 .,positive,Sentences_75Agree.txt
"The fair value of the investment properties totaled EUR 2,534.9 mn , up from EUR 2,455.1 mn in 2006 .",positive,Sentences_75Agree.txt
"The Finnish government announced Wednesday that it sold a 32 percent stake in chemicals and fertilizer group Kemira Oyj for (  x20ac ) 655.6 million ( $ 890US million ) , sending the company 's share price up 6 percent .",positive,Sentences_75Agree.txt
"The German company has also signed a code share agreement with another Oneworld member -- American Airlines Inc , part of US-based AMR Corp ( NYSE : AMR ) .",positive,Sentences_75Agree.txt
"The Helsinki-based company , which also owns the Salomon , Atomic and Suunto brands , said net profit rose 15 percent in the three months through Dec. 31 to (  x20ac ) 47 million ( $ 61US million ) , from (  x20ac ) 40.8 million a year earlier .",positive,Sentences_75Agree.txt
The operating profit for Grain Trading increased to EUR 2.0 mn from EUR 1.4 mn in 2005 .,positive,Sentences_75Agree.txt
The stock rose for a second day on Wednesday bringing its two-day rise to GBX12 .0 or 2.0 % .,positive,Sentences_75Agree.txt
The stock rose for a third day on Tuesday bringing its three-day rise to GBX10 .50 or 1.8 % .,positive,Sentences_75Agree.txt
The transactions would increase earnings per share in the first quarter by some EUR0 .28 .,positive,Sentences_75Agree.txt
"There has been some recovery of the base metals prices and increased demand for metals in China , however .",positive,Sentences_75Agree.txt
"This new representation extends Comptel 's global presence to a total of 18 countries , serving over 250 customers in over 80 countries worldwide .",positive,Sentences_75Agree.txt
Total operating revenue grew by 27.6 % year-on-year to EUR61m .,positive,Sentences_75Agree.txt
Vacon 's cash flow from operations grew to EUR 37.1 mn from EUR 21.9 mn a year ago .,positive,Sentences_75Agree.txt
"We also strengthen our existing partnership with Cybercom '' , says Teleste CTO Esko Myllyla .",positive,Sentences_75Agree.txt
"Via the Satlan acquisition , Teleste plans to further expand its market presence as a video services partner for cable operators , broadcasters and IPTV service providers .",positive,Sentences_75Agree.txt
"With the acquisition , the company will expand its offering to North , Central and South America , it said .",positive,Sentences_75Agree.txt
"`` BasWare 's product sales grew strongly in the financial period , by 24 percent .",positive,Sentences_75Agree.txt
"`` The second quarter of 2010 was the firstquarter with growth in net sales since the third quarter of2008 , '' said Magnus Rosen , Ramirent CEO .",positive,Sentences_75Agree.txt
"`` The transaction strengthens our position ... in design and branded goods , '' said Fiskars president and CEO Heikki Allonen , pointing out that the two groups have relatively few overlapping operations .",positive,Sentences_75Agree.txt
1 February 2011 - Finnish textile and clothing company Marimekko Oyj HEL : MMO1V said today its preliminary operating profit grew to EUR8 .2 m in 2010 from EUR6 .3 m in 2009 .,positive,Sentences_75Agree.txt
"Finnish Larox has signed a contract with the Talvivaara Project for the delivery of filters to the Talvivaara nickel mine in Sotkamo , in Finland .",positive,Sentences_75Agree.txt
Affecto expects its net sales for the whole 2010 to increase from the 2009 level when they reached EUR 103 million .,positive,Sentences_75Agree.txt
Cash flow from operations rose to EUR 52.7 mn from EUR 15.6 mn in 2007 .,positive,Sentences_75Agree.txt
Commission income rose by 25.7 % to EUR 16.1 mn from EUR 12.8 mn in 2004 .,positive,Sentences_75Agree.txt
"Earnings per share for January-June 2010 were EUR0 .30 , an increase of 20 % year-on-year EUR0 .25 .",positive,Sentences_75Agree.txt
Earnings per share EPS rose to EUR 0.11 from EUR 0.03 .,positive,Sentences_75Agree.txt
"Elisa said mobile subscriptions grew 7 percent during 2007 , mainly because of customers adopting so-called third generation mobile technology .",positive,Sentences_75Agree.txt
"EPS for the quarter came in at 0.36 eur , up from 0.33 eur a year ago and ahead of forecast of 0.33 eur .",positive,Sentences_75Agree.txt
EPS grew to 0.04 eur from 0.02 eur .,positive,Sentences_75Agree.txt
Exports grew 16.5 percent to 19.1 million liters .,positive,Sentences_75Agree.txt
"Finnish investment group Panostaja Oyj said its net profit went up to 8.6 mln euro $ 11.4 mln in fiscal 2005-06 , ended October 31 , 2006 , from 2.8 mln euro $ 3.7 mln in the same period of fiscal 2004-05 .",positive,Sentences_75Agree.txt
Finnish metal components supplier Componenta Oyj said its net profit went up to 3.5 mln euro $ 4.5 mln in 2006 from 2.2 mln euro $ 2.8 mln in 2005 .,positive,Sentences_75Agree.txt
"Finnish silicon wafer technology company Okmetic Oyj OMX Helsinki : OKM1V reported on Thursday 30 October an operating profit of EUR7 .4 m for January-September 2008 , up from EUR6 .1 m in the corresponding period in 2007 .",positive,Sentences_75Agree.txt
"Fiskars Brands report net sales of EUR 145.8 mn , up from EUR 138.4 mn .",positive,Sentences_75Agree.txt
HELSINKI AFX - Outokumpu Technology said it has signed a 3.5 mln eur agreement with Mongolia 's Erdenet Mining Corporation for the engineering of the first HydroCopper plant to be built at the Erdenet mine site .,positive,Sentences_75Agree.txt
"However , the proportion of the paid standing orders grew in 2009 .",positive,Sentences_75Agree.txt
"In addition to the demand in Finland , the export of lining stone products also increased .",positive,Sentences_75Agree.txt
"In January-September 2007 , the group 's net sales from continuing operations rose to EUR 213.1 mn from EUR 172.6 mn in the corresponding period in 2006 .",positive,Sentences_75Agree.txt
"In July-September 2008 , YIT 's net sales increased to EUR 970.8 mn , compared to EUR 906.8 mn in the corresponding period in 2007 .",positive,Sentences_75Agree.txt
"In the reporting period , net sales rose by 8 % year-on-year to EUR64 .3 m , due to the business acquisitions realized during the first half of 2008-09 , the effect of which was EUR10 .9 m in the review period .",positive,Sentences_75Agree.txt
"In the reporting period , the company 's operating profit grew by 43.2 % to EUR 6 million .",positive,Sentences_75Agree.txt
Last year 's net sales rose to EUR 68.3 million from EUR 62.2 million .,positive,Sentences_75Agree.txt
"Last year the company raised its turnover to approximately 7 million litas EUR 2 mln , from 6.1 million litas in 2004 .",positive,Sentences_75Agree.txt
Marimekko Group 's full-year net sales are estimated to increase by about 10 % .,positive,Sentences_75Agree.txt
Net sales surged by 30 % to EUR 36 million .,positive,Sentences_75Agree.txt
"Net sales went up by 1 % year-on-year to EUR 29 million , affected by the business acquisitions , realized during the previous financial period , the effect of which was EUR 5.1 million on the review period .",positive,Sentences_75Agree.txt
"Nevertheless , its market share rose to 49.14 percent from 48.51 percent a year earlier .",positive,Sentences_75Agree.txt
Nokia - the world 's largest mobile phone manufacturer - and China Postel - China 's largest mobile phone distributor - have a long-standing partnership that continues to grow stronger over time .,positive,Sentences_75Agree.txt
"October-December sales were 302 mln eur , or a 25.3 pct increase year on year .",positive,Sentences_75Agree.txt
"Olvi , which controls a 94 percent stake in Ragutis through A. Le Coq , said in its annual report published earlier this year that the Lithuanian brewery 's sales reached 15.04 million euros last year , a rise of 20.4 percent from 12.49 million euros in 2004 .",positive,Sentences_75Agree.txt
Olvi expects sales and market share to increase in the first quarter of 2010 .,positive,Sentences_75Agree.txt
Operating profit increased to EUR 14.0 mn from EUR 4.9 mn in the corresponding period in 2005 .,positive,Sentences_75Agree.txt
Operating profit of the Asian plants grew markedly .,positive,Sentences_75Agree.txt
"Operating profit totaled EUR 825mn , up from EUR 763mn in 2004 .",positive,Sentences_75Agree.txt
"Operating profit totalled EUR 83.0 mn , up from EUR 23.5 mn year-on-year .",positive,Sentences_75Agree.txt
Production capacity will increase from 36 000 to 85 000 tonnes per year and the raw material will continue to be recycled paper and board .,positive,Sentences_75Agree.txt
Profit for the period increased from EUR 2.9 mn to EUR 10.5 mn .,positive,Sentences_75Agree.txt
"Profit per share was EUR 1.03 , up from EUR 0.87 .",positive,Sentences_75Agree.txt
Return on capital employed rose by 4.8 percentage points to 19.6 % .,positive,Sentences_75Agree.txt
"Revenue from July to September grew 21 percent to EURO 2.3 billion , the Finnish company said Thursday .",positive,Sentences_75Agree.txt
Revenue grew 1 percent to euro742 .2 million US$ 964 million from euro735 million .,positive,Sentences_75Agree.txt
Ruukki 's order book at the end of 2010 was 30 % up year-on-year and 10 % up quarter-on-quarter .,positive,Sentences_75Agree.txt
Sales in Finland rose by 3.9 % and international growth was 0.7 % .,positive,Sentences_75Agree.txt
Sales of security and system packaging increased slightly .,positive,Sentences_75Agree.txt
Stora Enso 's third-quarter pre-tax profit doubled to EUR 197mn .,positive,Sentences_75Agree.txt
"Strongest growth was seen in the new markets in Russia , the Czech Republic , and Slovakia .",positive,Sentences_75Agree.txt
"The airline has ordered nine Airbus A350-900 aircraft with deliveries from 2011 , and in doing so becomes the lead airline for the latest variant of Rolls-Royce Trent series engines , called the 1700 .",positive,Sentences_75Agree.txt
The company 's market share is continued to increase further .,positive,Sentences_75Agree.txt
"The company 's scheduled traffic , measured in revenue passenger kilometres RPK , grew by just over 2 % and nearly 3 % more passengers were carried on scheduled flights than in February 2009 .",positive,Sentences_75Agree.txt
"The company said that its investments in the new market areas resulted in sales increase in Sweden , Poland , Russia and Lithuania .",positive,Sentences_75Agree.txt
"The disposal of Autotank will also strengthen Aspo 's capital structure , '' commented Gustav Nyberg , CEO of Aspo .",positive,Sentences_75Agree.txt
"The earnings per share for the quarter came in at 0.25 eur , up from the 0.20 eur of the same quarter a year earlier .",positive,Sentences_75Agree.txt
The economic occupancy rate of Sponda 's property portfolio rose to 91.2 % from 88.8 % in 2006 .,positive,Sentences_75Agree.txt
"The Finnish supplier of BSS-OSS and VAS for telecom operators , Tecnotree , has received expansion orders worth a total US$ 7.3 mn for its convergent charging and next generation messaging solutions in Latin America , the company announced without specifying which operators had placed the orders .",positive,Sentences_75Agree.txt
The group 's 12-month operating profit grew 31 percent to 337.8 million euros .,positive,Sentences_75Agree.txt
The growth of net sales in the first half of 2008 has been 28 % compared with the first half of 2007 .,positive,Sentences_75Agree.txt
The pretax profit of the group 's life insurance business increased to EUR 36 million from EUR 27 million .,positive,Sentences_75Agree.txt
The pretax profit of the group 's life insurance business increased to EUR36m from EUR27m .,positive,Sentences_75Agree.txt
"The total delivery volume of paper businesses in 2010 was 1,155,000 tonnes , up from 1,132,000 tonnes in 2009 .",positive,Sentences_75Agree.txt
The value of the firm 's forestry holdings increased by SEK 3.6 bn .,positive,Sentences_75Agree.txt
"This new deal has strengthened the partnership from Telemig Celular and Tecnomen , which it has started since the beginning of Telemig 's prepaid operations .",positive,Sentences_75Agree.txt
Turnover rose to EUR21m from EUR17m .,positive,Sentences_75Agree.txt
"Xerox and Stora Enso have teamed up to tailor the iGen3 to the short-run , on-demand packaging market .",positive,Sentences_75Agree.txt
"The upgrade is intended to raise the network capacity from 450 MHz to 630 MHz in several cities , enabling bi-directional services for digital television as well as broadband data .",positive,Sentences_75Agree.txt
"According to its notice , Skandinaviska Enskilda Banken AB publ Helsinki Branch has on 10 August 2009 divested in total 11,958,000 Alma Media shares to Ilkka-Yhtyma Oyj and Kaleva Kustannus Oy , as the conditions of the agreement made by the companies on 1 July 2009 fulfilled .",neutral,Sentences_75Agree.txt
"At the same time , the market for automated liquid handling devices is already larger than that for pipettes , according to Biohit .",neutral,Sentences_75Agree.txt
Finnish Talvivaara Mining Co HEL : TLV1V said Thursday it had picked BofA Merrill Lynch and JPMorgan NYSE : JPM as joint bookrunners of its planned issue of convertible notes worth up to EUR250m USD332m .,neutral,Sentences_75Agree.txt
"Lead production , in turn , should increase to 60,000 tonnes through 2009 in what would be a twofold increase from current capacity levels , Zahariev said .",positive,Sentences_75Agree.txt
"Separately , YIT Corporation and Austrian firm E AG last week signed an agreement on the sale of E 's building system service business in Germany , Austria , Poland , the Czech Republic , Hungary and Romania for EUR 55 mln .",positive,Sentences_75Agree.txt
"The estimated value of the contract is EUR12 .4 m. Vaisala , headquartered in Helsinki in Finland , develops and manufactures electronic measurement systems for meteorology , environmental sciences , traffic and industry .",neutral,Sentences_75Agree.txt
"The mall is part of the Baltic Pearl development project in the city of St Petersburg , where Baltic Pearl CJSC , a subsidiary of Shanghai Foreign Joint Investment Company , is developing homes for 35,000 people .",neutral,Sentences_75Agree.txt
Vacon controls a further 5 % of the company via investment fund Power Fund I. EUR 1.0 = USD 1.397,neutral,Sentences_75Agree.txt
"` This order is included in Wartsila 's order book in the second quarter , ' the company added .",neutral,Sentences_75Agree.txt
`` Management decided at the end of 2005 to increase cathode copper capacity .,neutral,Sentences_75Agree.txt
4 ) Complete name of the shareholder : Otto Henrik Bernhard Nyberg 5 ) Further information : The amount of shares now transferred corresponds to 5.68 % of the total number of shares in Aspo Plc. .,neutral,Sentences_75Agree.txt
"A data processing unit collects the data , calculates RVR values and provides the data to users via various interfaces .",neutral,Sentences_75Agree.txt
"ALEXANDRIA , Va. , March 28 -- Pertti Salmi and Hanna Vuolteenaho , both of Oulu , Finland , and Sami Viitasaari of Ii , Finland , have developed an ornamental design for a handset , the U.S. Patent & Trademark Office announced .",neutral,Sentences_75Agree.txt
"ALEXANDRIA , Va. , Oct. 3 -- Markka A. Oksanen and Harald Kaaja , both of Helsinki , Finland , Juha Salokannel of Kangasala , Finland , and Arto Palin of Viiala , Finland , have developed a system for providing communications security .",neutral,Sentences_75Agree.txt
"As earlier reported , Nokian Tyres is building a plant in the town of Vsevolozhsk in Russia 's Leningrad Region with an annual production capacity of 4 million tires .",neutral,Sentences_75Agree.txt
"German Commerzbank AG 's Hamburg Branch and US JP Morgan ( NYSE : JPM ) participated as arrangers , and Dutch ING ( AMS : INGA ) as co-arranger .",neutral,Sentences_75Agree.txt
"In April 2005 , Neste separated from its parent company , Finnish energy company Fortum , and became listed on the Helsinki Stock Exchange .",neutral,Sentences_75Agree.txt
Increase in the number of shares is based on the option rights which were granted to the management of the company under the stock option plan 2006 .,neutral,Sentences_75Agree.txt
It has some 30 offices worldwide and more than 90 pct of its net sales are generated outside Finland .,neutral,Sentences_75Agree.txt
It has80 branches in Finland with annual revenue in Finland of ?,neutral,Sentences_75Agree.txt
Nokia Messaging 1.1 enables customers to receive e-mails from up to 10 e-mail accounts on their mobile phone supporting all POP or IMAP e-mail services .,neutral,Sentences_75Agree.txt
SHARE REPURCHASE 11.01.2008 In the Helsinki Stock Exchange On behalf of Sampo plc Danske Bank A-S Helsinki Branch,neutral,Sentences_75Agree.txt
Solidium picked up Tikkurila shares as a dividend at a book value of EUR15 .80 per share .,neutral,Sentences_75Agree.txt
"The agreement will provide The Switch with double the converter capacity , whilst opening up further manufacturing locations in China .",positive,Sentences_75Agree.txt
"The contract covers installation , training and start-up services .",neutral,Sentences_75Agree.txt
"The contract value amounts to about EUR11m , the company added .",neutral,Sentences_75Agree.txt
To be number one means creating added value for stakeholders in everything we do .,neutral,Sentences_75Agree.txt
"- BEIJING XFN-ASIA - Hong Kong-listed Standard Chartered Bank said it has signed a China mobile phone dealer financing agreement with Nokia , making it the first foreign bank to offer financing to the country 's small and medium enterprise -LR",positive,Sentences_75Agree.txt
- Provides summary of the medical equipment pipeline products that the company is developing .,neutral,Sentences_75Agree.txt
"`` Of course , we are in talks with all those coming up with new projects that involve material handling , '' Konecranes President and CEO Pekka Lundmark said , when asked whether it was talking to Reliance Industries for supplying equipment to its upcoming refinery in Jamnagar .",neutral,Sentences_75Agree.txt
"A corresponding increase of 85,432.50 euros in Ahlstrom 's share capital has been entered in the Trade Register today .",neutral,Sentences_75Agree.txt
"A In August 2007 , Latvijas Finieris ordered all production lines for a new green veneer mill to be built in Ukmerge , central Lithuania .",neutral,Sentences_75Agree.txt
Aldata said that there are still a number of operational aspects to be defined between it and Microsoft and further details of the product and market initiatives resulting from this agreement will be available at a later date .,neutral,Sentences_75Agree.txt
"ALEXANDRIA , Va. , May 16 -- Kenneth Bower of Vista , Calif. , has developed an ornamental design for a handset , the U.S. Patent & Trademark Office announced .",neutral,Sentences_75Agree.txt
Aspocomp intends to set up a plant to manufacture printed circuit boards with an investment of Rs310 crore .,neutral,Sentences_75Agree.txt
"Biohit Oyj develops , manufactures and markets liquid handling products and diagnostic test systems for use in research , healthcare and industrial laboratories .",neutral,Sentences_75Agree.txt
"Earnings per share EPS are seen at EUR 0.56 , up from EUR 0.38 .",positive,Sentences_75Agree.txt
Estonia 's beer market overall grew three percent last year to 130 million liters .,positive,Sentences_75Agree.txt
Finnish food company Raisio Oyj HEL : RAIVV said on Friday it has wrapped up the divestment of its margarine operations to US sector player Bunge Ltd NYSE : BG for EUR80m USD119 .2 m .,neutral,Sentences_75Agree.txt
Finnish lifting equipment maker Konecranes HEL : KCR1V said on 29 July 2009 it has raised its stake in Austrian manipulator maker ACS Konecranes to 80 % and bought German sector player Knight Europe .,positive,Sentences_75Agree.txt
Following the increase the company+óEUR TM s capital totals 5.5 mln Romanian lei $ 1.98 mln-1 .56 mln euro .,neutral,Sentences_75Agree.txt
"In 2008 , it generated net sales of EUR 9.3 million USD 13.1 m .",neutral,Sentences_75Agree.txt
Most of the increase in net sales was due to the acquisition of Swedish Silva that produces garden tools and boats .,positive,Sentences_75Agree.txt
"Mr Ashley , deputy executive chairman of Sports Direct , sold a 43pc stake in the company for more than pounds 900m at the time of the float .",neutral,Sentences_75Agree.txt
Rental of building equipment accounted for 88 percent of the operating income .,neutral,Sentences_75Agree.txt
"Ruukki 's delivery includes steel structures , including installation , for Krakeroy bascule bridge and steel piles for the bridge foundations .",neutral,Sentences_75Agree.txt
Stockmann was established in 1862 in Finland and it became the first foreign company to enter Russia 's retail trade market in 1989 .,neutral,Sentences_75Agree.txt
"The broad-based WIG index ended Thursday 's session 0.1 pct up at 65,003.34 pts , while the blue-chip WIG20 was 1.13 down at 3,687.15 pts .",neutral,Sentences_75Agree.txt
The business to be divested generates consolidated net sales of EUR 60 million annually and currently has some 640 employees .,neutral,Sentences_75Agree.txt
"The company generates net sales of about 600 mln euro $ 775.5 mln annually and employs 6,000 .",neutral,Sentences_75Agree.txt
The company plans to expand into the international market through its subsidiaries and distributors from 2011 onwards .,positive,Sentences_75Agree.txt
"The contract covers the manufacturing , surface-treatment and installation of the steel structures .",neutral,Sentences_75Agree.txt
"The corresponding increase in the share capital , in total EUR 300,00 was registered in the Finnish Trade Register on May 8 , 2008 .",neutral,Sentences_75Agree.txt
The order also includes start-up and commissioning services .,neutral,Sentences_75Agree.txt
"The order consists of capacity expansion , maintenance services and new charging functionality , the company said .",neutral,Sentences_75Agree.txt
The phones are targeted at first time users in growth markets .,neutral,Sentences_75Agree.txt
"The repayment of EUR 105 million debenture bonds is related to the Company 's previous announcement on October 21 , 2009 to collect irrevocable selling commitments from the holders of its subordinated debenture bonds .",neutral,Sentences_75Agree.txt
The revenues of the business reached NOK 12 million for 2008 .,neutral,Sentences_75Agree.txt
Tielinja generated net sales of 7.5 mln euro $ 9.6 mln in 2005 .,neutral,Sentences_75Agree.txt
"Tikkurila Powder Coatings has some 50 employees at its four paint plants , which generated revenues of EUR2 .4 m USD3 .3 m in 2010 .",neutral,Sentences_75Agree.txt
"Under the rental agreement , Stockmann was committed to invest in the building of a bridge over the Gogol Street or build an underground tunnel for crossing the street by 2004 .",neutral,Sentences_75Agree.txt
VNH generates annual net sales of about 5 mln eur and employs 21 people .,neutral,Sentences_75Agree.txt
"Earnings per share ( EPS ) for the first quarter 2007 amounted to EUR0 .07 , up from EUR0 .04 .",positive,Sentences_75Agree.txt
"Jan. 6 -- Ford is struggling in the face of slowing truck and SUV sales and a surfeit of up-to-date , gotta-have cars .",negative,Sentences_75Agree.txt
"Rautakesko 's business operations in Norway and Russia , acquired in July 2005 , are included in the figures of the comparable period , impacting sales growth starting from August .",neutral,Sentences_75Agree.txt
"Operating profit was EUR 11.07 mn , up from EUR 8.65 mn .",positive,Sentences_75Agree.txt
Pharmaceuticals group Orion Corp reported a fall in its third-quarter earnings that were hit by larger expenditures on R&D and marketing .,negative,Sentences_75Agree.txt
"However , the growth margin slowed down due to the financial crisis .",negative,Sentences_75Agree.txt
"Significance : Teleste has emphasised that with its large size and growing economy , as well as the rapid development of its TV services distribution industry , Poland is viewed as an attractive market .",positive,Sentences_75Agree.txt
"HELSINKI ( AFX ) - Nokian Tyres reported a fourth quarter pretax profit of 61.5 mln eur , up from 48.6 mln on the back of strong sales .",positive,Sentences_75Agree.txt
"Kalnapilio-Tauro Grupe ( Kalnapilis-Tauras Group ) , which is owned by Denmark 's Royal Unibrew , raised its market share to 25.18 percent from 23.74 percent , as beer sales for the seven months jumped by 14.5 percent to 40.5 million liters .",positive,Sentences_75Agree.txt
"Kalnapilio-Tauro Grupe ( Kalnapilis-Tauras Group ) , which is owned by Denmark 's Royal Unibrew , raised its market share to 25.2 percent from 23.91 percent , as beer sales for the nine months jumped by 11.4 percent to 52.99 million liters .",positive,Sentences_75Agree.txt
More staff has been recruited in Japan to further complement its network of close to 50 service locations in more than 20 countries worldwide .,positive,Sentences_75Agree.txt
Rautaruukki Corporation Stock exchange release 3 December 2009 at 12 noon Ruukki 's construction and engineering divisions are to further improve and adjust their operations in Finland .,positive,Sentences_75Agree.txt
"Ruukki Romania , the local arm of Finnish metal producer Ruukki , increased its capital by 900,000 euro ( $ 1.14 mln ) through cash contribution , it was reported on September 19 , 2006 .",positive,Sentences_75Agree.txt
"STX Finland Oy signed a a preliminary agreement for the building of an environmentally friendly , new generation cruise ferry for Viking Line to manage on between Turku , Finland , and Stockholm , Sweden withViking Line ABP .",positive,Sentences_75Agree.txt
The company now estimates its net sales in 2010 to increase considerably from 2009 and its operating result to be clearly positive .,positive,Sentences_75Agree.txt
"Uponor made an operating profit of EUR 151.0 mn , up from EUR 143.7 mn , which made 2007 a record year .",positive,Sentences_75Agree.txt
"Basware Corporation stock exchange release August 31 , 2010 at 16:25 Basware signed a large deal with an international industrial group Basware will deliver Invoice Automation solution and Connectivity Services to an international industrial group .",positive,Sentences_75Agree.txt
It estimates the operating profit to further improve from the third quarter .,positive,Sentences_75Agree.txt
Kazgiprotsvetmet and Outotec Finland have signed an agreement on strategic cooperation in the marketing and providing of minerals processing and metallurgical plants and related services in Kazakhstan and the surrounding countries .,positive,Sentences_75Agree.txt
Ruukki forecast a 15-20 % annual sales growth and a positive pretax result for 2010 .,positive,Sentences_75Agree.txt
Sales rose 10 pct to 566 mln eur on the back of strong volume and favourable currency effects .,positive,Sentences_75Agree.txt
The growth of net sales has continued favourably in the Middle East and Africaand in Asia Pacific .,positive,Sentences_75Agree.txt
With this appointment Kaupthing Bank aims to further co-ordinate Capital Markets activities within the Group and to improve the overall service to clients .,positive,Sentences_75Agree.txt
"Cencorp , headquartered in Virkkala , Finland , develops and supplies automation solutions to the electronics and semiconductor industry that enhance productivity .",neutral,Sentences_75Agree.txt
"Following this increase Huhtamaki 's registered share capital is EUR360 .62 m and the number of shares outstanding is 106,063,320 .",neutral,Sentences_75Agree.txt
"When the OMX market forwards mature on May 16 , 2008 , Novator Finland Oy 's direct shareholding in Amer Sports Corporation will exceed one-fifth 1-5 of the company 's shares and voting rights .",neutral,Sentences_75Agree.txt
"`` These tests are part of a larger campaign which includes various customer trials and demonstrations to make LTE on 800 MHz commercially viable by this summer , '' Nokia Siemens head of LTE business line , Reino Tammela , said .",neutral,Sentences_75Agree.txt
"Helsinki on October 22 , 2008 SSH COMMUNICATIONS SECURITY CORP Board of Directors For further information , please contact : Tomi Laamanen , Chairman , tel. +358 0 400 609 544 Distribution : NASDAQ OMX Helsinki Ltd. .",neutral,Sentences_75Agree.txt
Sales rose to 300.9 mln eur compared with last year 's 276.1 mln eur and in line with 299 mln eur consensus figure .,positive,Sentences_75Agree.txt
"The offer of some 30 million shares aimed to raise more than  x20ac 500 million US$ 640 million , was expected to be completed by Oct. 9 , Outokumpu said .",neutral,Sentences_75Agree.txt
"`` With this agreement , we can continue our good cooperationand at the same time release capital that has been tied up in ourmachinery operation .",positive,Sentences_75Agree.txt
"Theodosopoulos said Tellabs could be of value to Nokia Siemens or Nortel given its `` leading supply status '' with Verizon , along with high-growth products .",positive,Sentences_75Agree.txt
"We succeeded in increasing our market share of sold apartment '' , comments Mr Kari Kauniskangas , Head of YIT International Construction Services .",positive,Sentences_75Agree.txt
"With CapMan as a partner , we will be able to further develop our business and continue to focus on providing quality restaurant services for our customers , '' says Christopher Wynne , CEO of Papa John 's Russia .",positive,Sentences_75Agree.txt
"Finnish Suominen Corporation that specialises in wet wipes , nonwovens , and flexible packaging reports net sales of EUR 44.1 mn in the second quarter of 2010 , up from EUR 43.3 mn in the second quarter of 2009 .",positive,Sentences_75Agree.txt
"Finnish telecoms software developer Tecnomen Oyj said on December 5 , 2006 it won a $ 3.3 mln ( 2.5 mln euro ) order to supply an expansion of the charging and messaging systems for the mobile and fixed networks of Brasil Telecom .",positive,Sentences_75Agree.txt
Increased trust of our clients in YIT can be seen as apartment sales accelerated .,positive,Sentences_75Agree.txt
"( ADP News ) - Dec 11 , 2008 - Finnish construction and engineering company Outotec Oyj ( OMX : OTE1V ) said today it won a EUR 28 million ( USD 36.8 m ) order to expand the phosphate concentrator in Siilinjarvi of Norwegian minera",positive,Sentences_75Agree.txt
"Mr Priit Kasak , Balti Metsamasina 's owner , said the Rakvere-based company wishes to increase Valmet 's market share from 27 % to a third in a couple of years .",positive,Sentences_75Agree.txt
The bank sees a potential for Getinge share to rise .,positive,Sentences_75Agree.txt
"The company recorded revenues of E658 .1 million during the fiscal year ended December 2007 , an increase of 23 % over 2006 .",positive,Sentences_75Agree.txt
The cooperation will double The Switch 's converter capacity .,positive,Sentences_75Agree.txt
The robust growth was the result of the inclusion of clothing chain Lindex in the Group in December 2007 .,positive,Sentences_75Agree.txt
"The six breweries recorded a 5.2 percent growth in domestic beer sales last year to 270.21 million liters , from 256.88 million liters sold in 2005 .",positive,Sentences_75Agree.txt
"This truly takes efficiency to new heights , '' Mr. Metso adds .",positive,Sentences_75Agree.txt
"a January 11 , 2010 EPHC board of directors has approved an increase in the quarterly dividend from $ 0.03 to $ 0.05 per share .",positive,Sentences_75Agree.txt
"Finnish Cargotec 's Kalmar , the business area providing container handling solutions , has been awarded an order for a further ten E-One rubber-tyred gantry RTG cranes from Saigon Newport Company SNP , in Vietnam .",positive,Sentences_75Agree.txt
"Bilfinger investors cheered the agreement , pushing shares up 7 % , or & euro ; 3.30 , to & euro ; 50.29 , in afternoon trade .",positive,Sentences_75Agree.txt
"LONDON AFX - Shares in Rautaruukki Corp have been upgraded to ` hold ' from ` sell ' by ABN Amro , with the price target raised to 25.75 eur from 14.5 , said dealers .",positive,Sentences_75Agree.txt
LONDON MarketWatch -- Nokia nok said it 's won a five-year services contract to run Hutchison Essar 's network operations in nine locations in India .,positive,Sentences_75Agree.txt
"Progress Group , QPR 's representative in Saudi Arabia and North Africa , has signed a framework agreement for a long term strategic relationship with ISE .",positive,Sentences_75Agree.txt
"Ragutis , controlled by the Finnish brewery Olvi , achieved a 5.7 percent rise in beer sales to 22.6 million liters and held a 10.75 percent market share .",positive,Sentences_75Agree.txt
"The metal has gained 41 percent this year as demand from China , the world 's largest user , increased .",positive,Sentences_75Agree.txt
"In addition , Cramo and Peab have signed exclusive five-year rental agreements in Finland and have extended their existing rental agreements in the Swedish market for another five years .",positive,Sentences_75Agree.txt
"OUTOTEC OYJ PRESS RELEASE DECEMBER 4 , 2009 10.30 AM Outotec establishes a new subsidiary in Kolkata Outotec has established a subsidiary in India in order to better serve its Indian customers and to increase its business in the growing Indian market .",positive,Sentences_75Agree.txt
It is also 7.7 pct above the 12-month volume weighted average price of the stock .,positive,Sentences_75Agree.txt
"Mobile phone shipments jumped 26 percent to almost 112 million units , while Finnish company 's global market share rose to 39 percent from 36 percent .",positive,Sentences_75Agree.txt
"CDP was established on the initiative of institutional investors ; however , the annually published results also interest an increasing number of customers and other interest groups of the reporting companies .",neutral,Sentences_75Agree.txt
The original contract was signed last summer .,neutral,Sentences_75Agree.txt
"ALEXANDRIA , Va. , Oct. 15 -- Aaron Moss of Hampshire , Great Britain , has developed an ornamental design for a handset , the U.S. Patent & Trademark Office announced .",neutral,Sentences_75Agree.txt
"Repair and maintenance business accounted for net sales of EUR 645.3 mn , up from EUR 563.6 mn .",positive,Sentences_75Agree.txt
The new technology improves the glass quality and consistency while increasing throughput .,positive,Sentences_75Agree.txt
"The reasons behind the estimate include the rise in 2008 rent levels and several fully-leased office and retail properties , which were completed and added to the company 's investment property portfolio .",neutral,Sentences_75Agree.txt
"The Vuokatti unit will be developed to focus especially on the manufacture of prototypes , the ramp-up of new products and the demanding testing and after-sales services .",neutral,Sentences_75Agree.txt
"AGJ recorded EUR 43 mln sales in 2006 , most of which was generated by exports to customers in Western Europe , the statement said .",neutral,Sentences_75Agree.txt
"`` The number of collection errors fell considerably , and operations speeded up .",positive,Sentences_75Agree.txt
"By combining its existing solutions into a single platform , Comptel said that it has reduced the cost of deployment .",positive,Sentences_75Agree.txt
"In the second quarter of 2010 , the group 's pretax loss narrowed to EUR 400,000 from EUR 600,000 .",positive,Sentences_75Agree.txt
"26 January 2011 - Finnish metal products company Componenta Oyj ( HEL : CTH1V ) said yesterday its net loss narrowed to EUR500 ,000 in the last quarter of 2010 from EUR5 .3 m for the same period a year earlier .",positive,Sentences_75Agree.txt
8 May 2009 - Finnish liquid handling products and diagnostic test systems maker Biohit Oyj ( HEL : BIOBV ) said today ( 8 May 2009 ) its net loss narrowed to EUR0 .1 m ( USD0 .14 m ) for the first quarter of 2009 from EUR0 .4 m for the same period of 2008 .,positive,Sentences_75Agree.txt
Finnish fibers and plastic products maker Suominen Corporation said its net loss from continuing operations narrowed to 1.8 mln euro ( $ 2.3 mln ) in 2006 from 3.7 mln euro ( $ 4.8 mln ) in 2005 .,positive,Sentences_75Agree.txt
"Finnish metal products company Componenta Oyj ( HEL : CTH1V ) said today its net loss narrowed to EUR 500,000 ( USD 680,000 ) in the last quarter of 2010 from EUR 5.3 million for the same period a year earlier .",positive,Sentences_75Agree.txt
Finnish sports equipment maker Amer Sports Oyj ( HEL : AMEAS ) said today that its net loss narrowed to EUR 16.9 million ( USD 22.3 m ) in the second quarter of 2010 from EUR 23.2 million in the corresponding period a year earlier .,positive,Sentences_75Agree.txt
"Finnish steel maker Rautaruukki Oyj ( HEL : RTRKS ) , or Ruukki , said today its net loss contracted to EUR 49 million ( USD 68.2 m ) for the first nine months of 2010 from EUR 229 million for the same period a year ago .",positive,Sentences_75Agree.txt
"For the first nine months of 2010 , Talvivaara 's net loss narrowed to EUR 8.3 million from EUR 21.9 million for the same period of 2009 .",positive,Sentences_75Agree.txt
"In the first nine months of 2010 , the company 's net loss narrowed to EUR 415,000 from EUR 7.4 million for the corresponding period of 2009 .",positive,Sentences_75Agree.txt
"In the first nine months of 2010 , the company 's net loss narrowed to EUR415 ,000 from EUR7 .4 m for the corresponding period of 2009 .",positive,Sentences_75Agree.txt
"( ADP News ) - Feb 9 , 2009 - Finnish computer services company Proha Oyj ( HEL : ART1V ) said today its net loss narrowed to EUR 113,000 ( USD 146,000 ) for 2008 from EUR 1.2 million for 2007 .",positive,Sentences_75Agree.txt
The new factory working model and reorganisations would decrease Nokian Tyres ' costs in the factory by EUR 30 million ( USD 38.7 m ) .,positive,Sentences_75Agree.txt
20 October 2010 - Finnish metal products company Componenta Oyj HEL : CTH1V said yesterday that its net loss narrowed to EUR7m for the first nine months of 2010 from EUR23 .3 m for the same period of 2009 .,positive,Sentences_75Agree.txt
Finnish fibers and plastic products maker Suominen Corporation said its net loss narrowed to 1.6 mln euro $ 2.0 mln in the first nine months of 2006 from 2.16 mln euro $ 2.7 mln in the same period of 2005 .,positive,Sentences_75Agree.txt
"In contrast , the company 's net loss for the third quarter of 2009 contracted to EUR 76 million from EUR 256 million for the corresponding period a year ago .",positive,Sentences_75Agree.txt
"In the second quarter of 2010 , Raute 's net loss narrowed to EUR 123,000 from EUR 1.5 million in the same period of 2009 .",positive,Sentences_75Agree.txt
"ADP News - Nov 13 , 2008 - Finnish printed circuit board PCB maker Aspocomp Group Oyj OMX : ACG1V said today that its net loss narrowed to EUR 2 million USD 2.5 m in the first nine months of 2008 from EUR 57",positive,Sentences_75Agree.txt
"Metsaliitto , however , narrowed its net loss for the second quarter of 2007 to 5.0 mln euro $ 6.9 mln from 61 mln euro $ 83.7 mln a year ago .",positive,Sentences_75Agree.txt
"narrows to EUR2 .8 m 9-mo '09 29 October 2009 - Finnish software and hardware developer Elektrobit Oyj HEL : EBG1V , or EB , said today that its net loss narrowed to EUR2 .8 m for the first nine months of 2009 from EUR35 .6 m for the same period a year ago .",positive,Sentences_75Agree.txt
The diluted loss per share narrowed to EUR 0.27 from EUR 0.86 .,positive,Sentences_75Agree.txt
Unit costs for flight operations fell by 6.4 percent .,positive,Sentences_75Agree.txt
The loss for the third quarter of 2007 was EUR 0.3 mn smaller than the loss of the second quarter of 2007 .,positive,Sentences_75Agree.txt
The costs of the new ropax vessels are 30 % lower than those of the present ones .,positive,Sentences_75Agree.txt
"2009 3 February 2010 - Finland-based steel maker Rautaruukki Oyj ( HEL : RTRKS ) , or Ruukki , said today it slipped to a larger-than-expected pretax loss of EUR46m in the fourth quarter of 2009 from a year-earlier profit of EUR45m .",negative,Sentences_75Agree.txt
"( ADPnews ) - Feb 3 , 2010 - Finland-based steel maker Rautaruukki Oyj ( HEL : RTRKS ) , or Ruukki , said today it slipped to a larger-than-expected pretax loss of EUR 46 million ( USD 64.5 m ) in the fourth quarter of 2009 from a",negative,Sentences_75Agree.txt
"Result before taxes decreased to nearly EUR 14.5 mn , compared to nearly EUR 20mn in the previous accounting period .",negative,Sentences_75Agree.txt
The company slipped to an operating loss of EUR 2.6 million from a profit of EUR 1.3 million .,negative,Sentences_75Agree.txt
23 April 2010 - Finnish construction and engineering company Outotec Oyj HEL : OTE1V said today it slipped to a net loss of EUR7 .3 m in the first quarter of 2010 from a net profit of EUR12 .5 m in the corresponding period last year .,negative,Sentences_75Agree.txt
Cramo slipped to a pretax loss of EUR 6.7 million from a pretax profit of EUR 58.9 million .,negative,Sentences_75Agree.txt
"Finnish IT solutions provider Affecto Oyj HEL : AFE1V said today its slipped to a net loss of EUR 115,000 USD 152,000 in the second quarter of 2010 from a profit of EUR 845,000 in the corresponding period a year earlier .",negative,Sentences_75Agree.txt
"In 2009 , Comptel slipped to a net loss of EUR2 .1 m from a profit of EUR6 .6 m in the previous year .",negative,Sentences_75Agree.txt
"In Q2 of 2009 , profit before taxes amounted to EUR 13.6 mn , down from EUR 26.8 mn in Q2 of 2008 .",negative,Sentences_75Agree.txt
"ADPnews - Feb 5 , 2010 - Finnish real estate investor Sponda Oyj HEL : SDA1V said today that it slipped to a net loss of EUR 81.5 million USD 11.8 m in 2009 from a profit of EUR 29.3 million in 2008 .",negative,Sentences_75Agree.txt
"ADPnews - Jul 17 , 2009 - Finland-based steel maker Rautaruukki Oyj Ruukki HEL : RTRKS said today it slipped to a net loss of EUR 184 million USD 259.7 m for the first half of 2009 from a net profit of EUR 2",negative,Sentences_75Agree.txt
"Profit before taxes amounted to EUR 56.5 mn , down from EUR 232.9 mn a year ago .",negative,Sentences_75Agree.txt
"Profit before taxes decreased by 9 % to EUR 187.8 mn in the first nine months of 2008 , compared to EUR 207.1 mn a year earlier .",negative,Sentences_75Agree.txt
Profit before taxes decreased to EUR 31.6 mn from EUR 50.0 mn the year before .,negative,Sentences_75Agree.txt
"Profit before taxes was EUR 4.0 mn , down from EUR 4.9 mn .",negative,Sentences_75Agree.txt
"The company 's profit before taxes fell to EUR 21.1 mn in the third quarter of 2008 , compared to EUR 35.8 mn in the corresponding period in 2007 .",negative,Sentences_75Agree.txt
"In August-October 2010 , the company 's result before taxes totalled EUR 9.6 mn , up from EUR 0.5 mn in the corresponding period in 2009 .",positive,Sentences_75Agree.txt
Finnish Bore that is owned by the Rettig family has grown recently through the acquisition of smaller shipping companies .,positive,Sentences_75Agree.txt
The plan is estimated to generate some EUR 5 million ( USD 6.5 m ) in cost savings on an annual basis .,positive,Sentences_75Agree.txt
"Finnish pharmaceuticals company Orion reports profit before taxes of EUR 70.0 mn in the third quarter of 2010 , up from EUR 54.9 mn in the corresponding period in 2009 .",positive,Sentences_75Agree.txt
"Finnish Sampo Bank , of Danish Danske Bank group , reports profit before taxes of EUR 152.3 mn in 2010 , up from EUR 32.7 mn in 2009 .",positive,Sentences_75Agree.txt
"Profit after taxes for the period was up to EUR0 .9 m , from EUR0 .01 m last year .",positive,Sentences_75Agree.txt
"Profit before taxes was EUR 5.4 mn , up from EUR 3.6 mn a year earlier .",positive,Sentences_75Agree.txt
11 August 2010 - Finnish measuring equipment maker Vaisala Oyj HEL : VAIAS said today that its net loss widened to EUR4 .8 m in the first half of 2010 from EUR2 .3 m in the corresponding period a year earlier .,negative,Sentences_75Agree.txt
"Finnish power supply solutions and systems provider Efore Oyj said its net loss widened to 3.2 mln euro $ 4.2 mln for the first quarter of fiscal 2006-2007 ending October 31 , 2007 from 900,000 euro $ 1.2 mln for the same period of fiscal 2005-06 .",negative,Sentences_75Agree.txt
"ADP News - Apr 22 , 2009 - Finnish business information systems developer Solteq Oyj HEL : STQ1V said today its net loss widened to EUR 189,000 USD 245,000 for the first quarter of 2009 from EUR 10,000 for the same peri",negative,Sentences_75Agree.txt
Salonen added that data shows producers ' pulp inventories in North America are declining . ',negative,Sentences_75Agree.txt
The Elcoteq group recently announced that the last three months of the previous year brought to it a major loss of more than half a billion kroons ( EUR 32 mln ) for the fifth quarter running .,negative,Sentences_75Agree.txt
"For the current year , Raute expects its net sales to increase and the operating result -- to be positive .",positive,Sentences_75Agree.txt
"Turnover surged to EUR61 .8 m from EUR47 .6 m due to increasing service demand , especially in the third quarter , and the overall growth of its business .",positive,Sentences_75Agree.txt
"As a result , the company currently anticipates net sales to increase and the operating result to be positive .",positive,Sentences_75Agree.txt
"`` UPM 's deliveries increased during the third quarter by 4 percent , and the efficiency of operations improved , '' Chief Executive Jussi Pesonen said .",positive,Sentences_75Agree.txt
"Global sports equipment maker Amer Sports Corp. , whose brands include Atomic , Salomon and Wilson , saw a 64 percent increase in third-quarter net profit to EURO 47.4 million $ 65 million on strong sales and cost cuts .",positive,Sentences_75Agree.txt
"Exports make up more than 80 per cent of our sales , so the name Glaston also reflects a truly internationally operating company , '' explains Kyro 's President & CEO Mika Seitovirta .",neutral,Sentences_75Agree.txt
"Due to rapid expansion , the market share of Tallink in terms of passenger carriage through Tallinna Sadam Port of Tallinn totaled 55 percent in November against 45.7 percent in November 2005 .",positive,Sentences_75Agree.txt
"Stora Enso R shares rose 1.20 pct to 11.84 eur , UPM-Kymmene was also dragged higher , rising 1.68 pct to 17.56 eur and M-Real B added 2.38 pct to 4.30 eur .",positive,Sentences_75Agree.txt
Cash Flow from Operations for the most recent quarter also reached a eight year low .,negative,Sentences_75Agree.txt
"The stock price rose 70.0 ores or 0.9 % to close at SEK77 .65 , ending a two-day streak of losses .",positive,Sentences_75Agree.txt
"Earnings per share ( EPS ) amounted to EUR0 .98 , up from the loss of EUR0 .02 .",positive,Sentences_75Agree.txt
"Earnings per share ( EPS ) were EUR0 .03 , up from the loss of EUR0 .083 .",positive,Sentences_75Agree.txt
"Operating profit totalled EUR 0.4 mn , up from an operating loss of EUR 0.8 mn year-on-year .",positive,Sentences_75Agree.txt
"Operating profit totalled EUR 7.0 mn , up from a loss of EUR 4.0 mn in the second quarter of 2009 .",positive,Sentences_75Agree.txt
Operating result including non-recurring items rose to EUR 146mn from a loss of EUR 267mn in 2009 .,positive,Sentences_75Agree.txt
"Tiimari , the Finnish retailer , reported to have geenrated quarterly revenues totalling EUR 1.3 mn in the 4th quarter 2009 , up from EUR 0.3 mn loss in 2008 .",positive,Sentences_75Agree.txt
"Earnings per share EPS amounted to EUR0 .03 , up from the loss of EUR0 .08 .",positive,Sentences_75Agree.txt
"Operating profit totalled EUR 5.8 mn , up from a loss of EUR 1.7 mn in the fourth quarter of 2009 .",positive,Sentences_75Agree.txt
"Operating profit was EUR 0.6 mn , up from a loss of EUR 19mn a year earlier .",positive,Sentences_75Agree.txt
The investments and operational changes enable additional optimisation of the working hours and thereby further cost savings of some 7 % -9 % .,positive,Sentences_75Agree.txt
"Shareholder 's full name and ID code : - Petri Ailus , born 15.9.1966 For further information , please contact Isto Hantila , CEO , tel. +358 9 591 8342 .",neutral,Sentences_75Agree.txt
"9 September 2010 - Finnish stationery and gift retailer Tiimari HEL : TII1V said today its net sales rose by 2 % year-on-year to EUR5 .7 m in August 2010 , driven by growth in Finland , while demand in the Baltics remained weak .",positive,Sentences_75Agree.txt
"By 14:29 CET on Monday , shares in Bavarian Nordic had climbed 1.21 % to DKK250 on the stock exchange in Copenhagen after having lost 7.41 % in the past month .",positive,Sentences_75Agree.txt
"For example , net sales increased by 5.9 % from the first quarter , and EBITDA increased from a negative EUR 0.2 mn in the first quarter of 2009 .",positive,Sentences_75Agree.txt
"`` However , the rapidly increasing costs and the strengthening of the euro were challenging for the whole industry , and they impacted on our results . ''",negative,Sentences_75Agree.txt
"At this growth rate , paying off the national debt will be extremely painful .",negative,Sentences_75Agree.txt
Operating loss increased to EUR 17mn from a loss of EUR 10.8 mn in 2005 .,negative,Sentences_75Agree.txt
"The payment of 2.779 million litas in interest on a long-term loan provided by Ragutis ' majority shareholder , Estonia 's A. Le Coq , also added to the losses .",negative,Sentences_75Agree.txt
"Cencorp estimates that its net sales in the last quarter will be as earlier stated , EUR4 .3 m to EUR5 .0 m , and operating profit (EBIT)is estimated to be positive .",positive,Sentences_75Agree.txt
`` Our customer has been satisfied with Basware Invoice Automation solution and extends the implementation to new geographies .,positive,Sentences_75Agree.txt
` By separating side businesses we will be able to faster expand and develop Tapro retail network .,positive,Sentences_75Agree.txt
"` Our strategic cooperation with Rentakran brings us new customers and already-working relationships with the authorities of the new territories , ' said Jarmo Laasanen , a senior manager at Cramo .",positive,Sentences_75Agree.txt
"`` After the share purchase is completed , financing will also be provided to expand Latvia 's broadband infrastructure and to develop new areas of business , including acquisitions of other companies . ''",positive,Sentences_75Agree.txt
"`` In terms of profitability and earnings 2007 was the best year in our history , '' Chief Executive Veli-Matti Mattila said .",positive,Sentences_75Agree.txt
"`` The margarine business has been put into good shape in the last two years , making it a natural addition to Bunge , which is looking to leverage its position in the Central and Northern European markets , '' Raisio CEO Matti Rihko said in a statement .",positive,Sentences_75Agree.txt
"Finnish electronics manufacturing services company Elcoteq signing a cooperation agreement with a Japanese mobile phone manufacturer , bypasses Elcoteq Tallinn , says Jan Kotka , CEO of Elcoteq Tallinn .",positive,Sentences_75Agree.txt
"According to Viking Line 's Managing Director , Nils-Erik Eklund , the company 's Board of Directors is very satisfied with Viking Line 's performance .",positive,Sentences_75Agree.txt
"At the same time , sales development in Russia was boosted by the opening of Stockmann Nevsky Centre in St Petersburg .",positive,Sentences_75Agree.txt
Combining this deep domain expertise with our Application Service Management ASM and outsourcing service offerings has now proved to be a winning combination .,positive,Sentences_75Agree.txt
Demand was brisk as expected and order levels have remained high .,positive,Sentences_75Agree.txt
"Exports accounted for 65.4 % of net sales , representing an all time record for the company .",positive,Sentences_75Agree.txt
Finland 's Poyry Energy has won a contract to advise builders of a new cogeneration power plant in Lithuania 's second-biggest city of Kaunas and to supervise the construction process .,positive,Sentences_75Agree.txt
"Finnish construction company YIT Oyj said on November 13 , 2007 it won a 70 mln euro $ 102.8 mln contract to construct the new office building for local property company Tapiola Real Estate Oy .",positive,Sentences_75Agree.txt
"In addition to fireplace exports , demand for lining stone has exceeded the level of the earlier part of the year and will continue to be clearly brisker for the remainder of the year .",positive,Sentences_75Agree.txt
Kalmar has been awarded a new 5-year contract to supply its Rough Terrain Container Handler RTCH .,positive,Sentences_75Agree.txt
Major Order in India Comptel Corporation has received a significant long-term order for mediation and provisioning solutions being used by a leading operator in India .,positive,Sentences_75Agree.txt
Managing Director Kari Inkinen says that Sponda 's leasing operations developed highly favourably .,positive,Sentences_75Agree.txt
"Of the price , Kesko 's share is 10 mln euro $ 15.5 mln and it will recognize a gain of 4.0 mln euro $ 6.2 mln on the disposal which will be included in the result for the second quarter of 2008 .",positive,Sentences_75Agree.txt
Olvi has posted a strong set of figures for the first six months of this year .,positive,Sentences_75Agree.txt
Operating profit improved by 27 % to EUR 579.8 mn from EUR 457.2 mn in 2006 .,positive,Sentences_75Agree.txt
Our standardised services have met with a positive reception among our customers as well as at Itella .,positive,Sentences_75Agree.txt
Performance in the second half of 2009 exceeded expectations .,positive,Sentences_75Agree.txt
Ponsse projects the forest machine markets to improve more than expected in 2010 from the previous year .,positive,Sentences_75Agree.txt
"Ragutis , which is based in Lithuania 's second-largest city Kaunas , boosted its sales last year 22.3 per cent to 36.4 million liters .",positive,Sentences_75Agree.txt
"Raisio 's bid to buy Glisten is a `` win-win '' deal for both companies , the chairman of the UK snacks firm told just-food today 10 February .",positive,Sentences_75Agree.txt
Talvivaara also maintains its assumption of turning cash flow positive before the year end .,positive,Sentences_75Agree.txt
The acquisition is expected to improve access to chrome ore resources in Turkey .,positive,Sentences_75Agree.txt
The aim is an annual improvement in Ruukki Construction 's operating profit of more than EUR 3 million USD 4.1 m starting in 2009 .,positive,Sentences_75Agree.txt
The objective of the planned measures is to achieve significant savings in the next few years .,positive,Sentences_75Agree.txt
The rebuilds are designed to improve the machines ' performance and product quality .,positive,Sentences_75Agree.txt
"The transaction will have a positive impact of around EUR2m on earnings , which Ruukki will recognize during the fourth quarter of this year .",positive,Sentences_75Agree.txt
"` This is a repeat order to follow successfully installed 159 elevators in the same Delhi metro system , ' Kone spokeswoman told Thomson Financial News .",positive,Sentences_75Agree.txt
`` Stonesoft sees great promise in the future of IPv6 .,positive,Sentences_75Agree.txt
`` The combined activities will create value for shareholders and be good for our employees and customers .,positive,Sentences_75Agree.txt
`` The trend in the sports and leisure markets was favorable in the first months of the year .,positive,Sentences_75Agree.txt
"`` We continued actively to focus R&D and to position our offering away from point solutions towards dynamic end-to-end solutions , '' Ervio stated .",positive,Sentences_75Agree.txt
27 January 2011 - Finnish IT solutions provider Affecto Oyj ( HEL : AFE1V ) said today it has won a EUR1 .2 m ( USD1 .6 m ) contract from state-owned Lithuanian Social Insurance Institution ( SODRA ) .,positive,Sentences_75Agree.txt
Finnish construction group Lemmink+ñinen has been awarded two road building contracts by the Lithuanian transport administration .,positive,Sentences_75Agree.txt
"Finnish construction group YIT has been awarded a contract to install heating , air conditioning and cooling systems to the new head office of the automobile association ADAC in Munich in Germany .",positive,Sentences_75Agree.txt
"Finnish flexible packaging manufacturer Suominen Corporation reports net sales of EUR 54.5 mn in the first quarter of 2008 , compared with EUR 54.3 mn a year earlier .",positive,Sentences_75Agree.txt
Finnish forest machinery manufacturer Ponsse has agreed with Volvo on the start of cooperation in Latin America .,positive,Sentences_75Agree.txt
"Finnish Metso Paper has been awarded a contract for the rebuild of Sabah Forest Industries ' ( SFI ) pulp mill in Sabah , Malaysia .",positive,Sentences_75Agree.txt
"Finnish Metso Paper has won an order to supply an uncoated fine paper machine to MCC Paper Yinhe , in China .",positive,Sentences_75Agree.txt
Finnish Outokumpu Technology has been awarded several new grinding technology contracts .,positive,Sentences_75Agree.txt
Finnish Rautaruukki has been awarded a contract to supply and install steel superstructures for the Partihallsf+Ârbindelsen bridge in Gothenburg in Sweden .,positive,Sentences_75Agree.txt
"Lule+Ñ municipality has awarded YIT a 2-year contract , for property management of about one third of the municipality 's properties , with a total area of 140,000 sq. metres .",positive,Sentences_75Agree.txt
"The shopping center to be opened in St. Petersburg , Russia in November 2010 will turn the cash flow of Finnish department store chain Stockmann 's Russian operations positive for the first time in 2011 .",positive,Sentences_75Agree.txt
"According to Atria 's President and CEO Matti Tikkakoski , the company 's Swedish operations significantly improved in the first quarter .",positive,Sentences_75Agree.txt
"According to CEO Kai Telanne , the company 's newspapers achieved the best financial result ever .",positive,Sentences_75Agree.txt
"According to Kesko , the company agreed with the city administration about lease of the building in 2006 , its resettlement and construction of a five-star hotel Hilton for 120 rooms .",positive,Sentences_75Agree.txt
"According to Nordic financial group Nordea 's analyst Sami Sarkamies , this makes Nokia 's portfolio competitive again .",positive,Sentences_75Agree.txt
"According to Ringman , Finnish paper companies have acquired know-how and capacity in paper recycling , which has turned out to be a successful strategy .",positive,Sentences_75Agree.txt
"Adanac Molybdenum of Canada has ordered grinding technology for its molybdenum project in British Columbia , Canada , while Shalkiya Zinc of Kazakhstan has awarded a contract for grinding technology for the Shalkiya zinc-lead project in Kazakhstan .",positive,Sentences_75Agree.txt
All of Raisio 's divisions recorded an operating profit .,positive,Sentences_75Agree.txt
"Arvo Vuorenmaa , the Loviisa plant 's general manager said the application for the new licence was a `` standard '' procedure and that he was `` quite confident '' about approval being granted .",positive,Sentences_75Agree.txt
"BasWare 's CEO Ilkka Sihvo comments in conjunction with the Interim Report : `` As a whole , BasWare succeeded well in the second quarter of 2007 .",positive,Sentences_75Agree.txt
Cash flow from operating activities is estimated to be positive .,positive,Sentences_75Agree.txt
Cision says the sale will return its U.K. operation to profitability .,positive,Sentences_75Agree.txt
"Citigroup , Inc ( NYSE : C ) has announced that its Global Transaction Services ( GTS ) business has been awarded a new mandate by Finland-based Pohjola Bank Group .",positive,Sentences_75Agree.txt
"Department store sales improved by 14 % to EUR 1,070.6 mn .",positive,Sentences_75Agree.txt
"Finland 's national carrier Finnair PLC carried a record 8.5 million passengers in 2005 , an increase of 4.5 percent on the previous year , the airline reported Tuesday .",positive,Sentences_75Agree.txt
"Finnair PLC carried a record 8.8 million passengers in 2006 , an increase of 3.5 percent on the previous year , the Finnish national carrier reported Tuesday .",positive,Sentences_75Agree.txt
"Finnish consulting and engineering group Poyry Plc ( OMX Helsinki : POY ) said on Wednesday ( 1 October ) that it has been awarded a contract by Tanqia Dibba FZC as owner-engineer for the wastewater system of Dibba , Emirate of Fujairah , UAE .",positive,Sentences_75Agree.txt
Finnish handling systems company Cargotec Oyj ( HEL : CGCBV ) said today that it won a EUR 13 million ( USD 16.6 m ) contract to deliver MacGregor hatch covers for ships ordered by Norwegian shipowner Grieg Shipping .,positive,Sentences_75Agree.txt
Finnish operator Elisa and Aker Yards have signed a long-term service deal through which Elisa will deliver all necessary voice and data services for Aker Yards in Finland .,positive,Sentences_75Agree.txt
"Finnish steel maker Rautaruukki Oyj ( Ruukki ) said on July 7 , 2008 that it won a 9.0 mln euro ( $ 14.1 mln ) contract to supply and install steel superstructures for Partihallsforbindelsen bridge project in Gothenburg , western Sweden .",positive,Sentences_75Agree.txt
"Fiskars has a strong portfolio of international brands , which include Fiskars , Iittala , Gerber , Silva and Buster .",positive,Sentences_75Agree.txt
"Forestries were also higher , driven by yesterday 's bullish analyst comment on Stora Enso in Dagens Industri , dealers said .",positive,Sentences_75Agree.txt
"Furthermore , efficiency improvement measures initiated earlier are now bearing fruit , '' CEO Jan Lang said .",positive,Sentences_75Agree.txt
Hearst will be able to consolidate about 20 % of all Russian market for advertising in press after the purchase .,positive,Sentences_75Agree.txt
"However , the broker gave an `` outperform '' recommendation on the stock .",positive,Sentences_75Agree.txt
"However , the total orders received will still be above last year s levels .",positive,Sentences_75Agree.txt
Industry Investment is very interested in Glaston 's solar energy projects .,positive,Sentences_75Agree.txt
It is now the leading private road ambulance service company in Finland .,positive,Sentences_75Agree.txt
"Known as Post Bank , the concept would see Fidelity Bank rolling out 75 offices in Ghana Post premises , to provide financial services to the people .",positive,Sentences_75Agree.txt
Last year SysOpen Digia invested in IBM product know-how in the building of portal and trading place systems and successfully implemented customer solutions supported by it .,positive,Sentences_75Agree.txt
"( ADP News ) - Oct 1 , 2008 - Finnish consulting and engineering company Poyry Oyj ( OMX : POY1V ) said today it was awarded a EUR 5.2 million ( USD 7.4 m ) extension to their existing consultancy engineering contract with Venezuel",positive,Sentences_75Agree.txt
"( ADP News ) - Oct 31 , 2008 - Finnish food company Raisio Oyj ( OMX : RAIVV ) said today that its net profit jumped to EUR 16.4 million ( USD 20.9 m ) for the first nine months of 2008 from EUR 1.1 million for the same period of 2",positive,Sentences_75Agree.txt
"( ADP News ) - Sep 30 , 2008 - Finnish security and privacy software solutions developer Stonesoft Oyj said today that it won a USD 1.9 million ( EUR 1.3 m ) order to deliver its StoneGate network security products to an unnamed Russian te",positive,Sentences_75Agree.txt
"Meanwhile , Electrowatt-Ekono Philippines , Inc. was also awarded a three-year operation and maintenance ( O&M ) contract by FR Cement Corporation .",positive,Sentences_75Agree.txt
"Meanwhile , Nokia said that it will be able to deliver a complete range of services from deployment operations to consulting and integration to managed services as a result of the buyout .",positive,Sentences_75Agree.txt
NORDIC BUSINESS REPORT-26 June 2006-Metso Corporation wins EUR50m equipment order in Australia -® 1998-2006 M2 COMMUNICATIONS LTD The Finnish engineering and technology group Metso Corporation said on Monday ( 26 June ) that it has received a EUR50m equipment order in Australia .,positive,Sentences_75Agree.txt
Outotec 's net profit for the second quarter of 2007 jumped to 16.8 mln euro ( $ 23.1 mln ) from 4.6 mln euro ( $ 6.3 mln ) a year ago .,positive,Sentences_75Agree.txt
Pretax profit jumped to EUR 21.9 million from EUR 3.1 million .,positive,Sentences_75Agree.txt
"Profitability ( EBIT % ) was 13.9 % , compared to 13.1 % in the previous-year period .",positive,Sentences_75Agree.txt
Raute Corporation has received orders worth over EUR 12 million from OOO Ilim Bratsk DOK in Russia .,positive,Sentences_75Agree.txt
"Recovery has been evident in the liquid handling business , particularly in areas outside Europe and primarily in North America and Asia .",positive,Sentences_75Agree.txt
"Sales improved to SEK 1,553 mn , compared with SEK 1,408 mn .",positive,Sentences_75Agree.txt
"Savon koulutuskuntayhtyma , Finland based company has awarded contract for specialist agricultural or forestry machinery .",positive,Sentences_75Agree.txt
SKF 6 April 2010 - Alandsbanken has given a `` buy '' recommendation on Swedish industrial company SKF AB ( STO : SKF B ) with a share price target of SEK150 .,positive,Sentences_75Agree.txt
Sony Ericsson and Nokia dominated the list of best-selling handsets with five models each .,positive,Sentences_75Agree.txt
"Speaking to just-drinks today , a spokesperson for Olvi said : `` We have performed very well in all four countries we operate in - namely , Finland , Estonia , Latvia and Lithuania . ''",positive,Sentences_75Agree.txt
Sports equipment sales also progressed well owing to the prolonged winter season .,positive,Sentences_75Agree.txt
TELE2 Affarsvarlden gave a `` buy '' recommendation on mobile operator Tele2 AB and a share price target of 142 crowns ( $ 23.54 - 15.19 euro ) .,positive,Sentences_75Agree.txt
That topped consensus forecasts for earnings of 0.21 euros a share .,positive,Sentences_75Agree.txt
The acquisition of Kaupthing Sverige will bring a significant positive non-recurring addition to the group 's performance .,positive,Sentences_75Agree.txt
The acquisition will have an immediate positive impact on Aspocomp 's financial result .,positive,Sentences_75Agree.txt
The amending of the proposal simplifies the proposed plan and increases the incentive for key employees to stay in the Company .,positive,Sentences_75Agree.txt
"The Australian company Mirabela Nickel has awarded Outokumpu Technology a contract for grinding technology for its nickel sulfide project in Bahia State , Brazil .",positive,Sentences_75Agree.txt
"The broker has initiated both Palfinger AG and Konecranes OYJ with ` buy ' recommendations , with 51 and 42 eur price targets respectively .",positive,Sentences_75Agree.txt
The company aims to maintain this trend in profitability during the current year .,positive,Sentences_75Agree.txt
The company also said that in Poland a profitability program has been launched at the Oborniki steel frame and sandwich panel plant .,positive,Sentences_75Agree.txt
The company is also featured in the Ethibel Pioneer Investment Register and included in Innovest 's Global 100 list of the world 's most sustainable corporations .,positive,Sentences_75Agree.txt
The company said it observed a current stabilisation in prices and there is potential for higher prices for deliveries in the first quarter of 2011 .,positive,Sentences_75Agree.txt
The company will also be compensated for acting as a reserve batch plant .,positive,Sentences_75Agree.txt
The Group also has a strong global position in other fishing categories .,positive,Sentences_75Agree.txt
The Group 's cash flow from operations will be positive .,positive,Sentences_75Agree.txt
The mill has long traditions and holds an established position in the markets .,positive,Sentences_75Agree.txt
"The original name Componenta +àm+Ñl , as a subsidiary of the Finnish Componenta Group , has been changed to +àm+Ñl Components and the company has seen a 63 % growth in Q1 2010 , in comparison to Q1 2009 .",positive,Sentences_75Agree.txt
"The pilot project proved that RIFD technology is ideal for our purposes '' , comments Olli Saarinen , Material Handling Supervisor at Yara .",positive,Sentences_75Agree.txt
"The planned facility , estimated to cost around $ 814 million , would be the largest biodiesel plant in the world , and use palm oil certified by the Roundtable on Sustainable Palm Oil ( RSPO ) .",positive,Sentences_75Agree.txt
This combined with foreign investments creates interesting opportunities for Solteq .,positive,Sentences_75Agree.txt
This resulted in improved sales figures in Sweden .,positive,Sentences_75Agree.txt
"Under the agreement GeoSentric will provide GyPSii-powered hotel information and reservation services to visitors to China , including such popular cities as Beijing and Shanghai .",positive,Sentences_75Agree.txt
"Vaisala also said it expects net sales of EUR 253.2 million for 2010 , compared with EUR 252.2 million recorded in 2009 .",positive,Sentences_75Agree.txt
Validating our fgVoIP client through Symbian Signed represents a significant step forward in accomplishing this goal .,positive,Sentences_75Agree.txt
- UPM-Kymmene upgraded to ` in-line ' from ` underperform ' by Goldman Sachs .,positive,Sentences_75Agree.txt
`` Consumers have very well received our packed fresh meat .,positive,Sentences_75Agree.txt
`` Demand for sports equipment was good in 2005 .,positive,Sentences_75Agree.txt
"`` Last year , Finnair recorded a 32.6-percent growth on the Asian sector , carrying more than 1.10 million passengers between the two continents . ''",positive,Sentences_75Agree.txt
`` The lowering of prices by us and by our competitors shows that the real estate market has stabilised and returned into balance and apartments are acquiring a fair price in the eyes of our clients .,positive,Sentences_75Agree.txt
"`` The new structure provides better communication , faster decision-making and cost savings , '' Proha said .",positive,Sentences_75Agree.txt
"`` This contract demonstrates our ability to apply our minerals and metals technologies in adjacent industries , such as oil shale processing .",positive,Sentences_75Agree.txt
"`` We have tailored our solutions to meet Solel 's technical requirements , and the result is both cost-effective manufacturing and highest-quality reflectors . ''",positive,Sentences_75Agree.txt
`` We 've been feeling quite positive about the region as a whole .,positive,Sentences_75Agree.txt
21 December 2010 - Finnish industrial machinery company Wartsila Oyj Abp HEL : WRT1V said yesterday it had won an order to design a liquefied natural gas LNG powered platform supply vessel PSV for Norwegian oil service provider Eidesvik Offshore ASA OSL : EIOF .,positive,Sentences_75Agree.txt
Finlan 's listed food industry company HKScan Group controlled companies in the Baltics improved revenues by EUR 3.5 mn to EUR 160.4 mn in 2010 from EUR 156.9 mn in the year before .,positive,Sentences_75Agree.txt
"Finnish airline Finnair has won a deal with the UK public sector to be the official airline for flights from London Heathrow to Osaka in Japan , as well as flights between Manchester in the UK and Helsinki in Finland .",positive,Sentences_75Agree.txt
Finnish Cargotec has been awarded a significant order for a total of 292 Hiab loader cranes by BAE Systems in the US .,positive,Sentences_75Agree.txt
Finnish Cargotec 's Kalmar has received a significant order from the US Department of Defense .,positive,Sentences_75Agree.txt
Finnish Outotec has been awarded a contract to supply a new zinc roaster with gas cleaning and sulphuric acid plant for the OZK Kardzhali zinc smelter in Bulgaria .,positive,Sentences_75Agree.txt
"According to a report by Neomarkka , Kuitu Finland 's customers are interested in buying the company 's products when it restarts production .",positive,Sentences_75Agree.txt
Cargotec Germany GmbH has been awarded a contract by Stadtverwaltung Mainz for chassis bodies under Open procedure .,positive,Sentences_75Agree.txt
CEO Erkki J+ñrvinen is happy with the company 's performance in 2010 .,positive,Sentences_75Agree.txt
Deliveries have started and the network will be ready for a launch soon .,positive,Sentences_75Agree.txt
"Earnings per share for the quarter were also higher year-on-year at 0.33 eur versus 0.27 , and above market expectations of 0.28 eur .",positive,Sentences_75Agree.txt
"EBITDA for the year 2009 improved to EUR484m , as compared with EUR472m in 2008 .",positive,Sentences_75Agree.txt
"Estonian telecoms company Elisa 's customer numbers cross 400,000 TALLINN , Oct 22 , BNS - The Estonian telecommunications company Elisa won approximately 50,000 new clients in the nine months of this year , bringing the number to 401,800 by the end of September , the company said .",positive,Sentences_75Agree.txt
"Exel Composites ' long-term growth prospects remain favourable , however .",positive,Sentences_75Agree.txt
fi is developing cooperation in keyword advertising with Microsoft .,positive,Sentences_75Agree.txt
"Finnish construction group Lemminkainen Oyj HEL : LEM1S said today it has won a contract to provide technical services for the Nevsky Centre shopping mall to be opened in November in St Petersburg , Russia .",positive,Sentences_75Agree.txt
"Finnish software developer Basware Oyj said on November 30 , 2006 its U.S. subsidiary Basware , Inc. won an order to provide software for contract lifecycle management to an unnamed U.S. medical technology company .",positive,Sentences_75Agree.txt
"However , sales volumes in the food industry are expected to remain at relatively good levels in Finland and in Scandinavia , Atria said .",positive,Sentences_75Agree.txt
Nordea sees a return to positive growth for the Baltic countries in 2011 .,positive,Sentences_75Agree.txt
Operating profit improved by 16.7 % to EUR 7.7 mn .,positive,Sentences_75Agree.txt
Operating profit improved by 39.9 % to EUR 18.0 mn from EUR12 .8 mn .,positive,Sentences_75Agree.txt
Operating profit improved by 44.0 % to ER 4.7 mn from EUR 3.3 mn in 2004 .,positive,Sentences_75Agree.txt
Operating profit improved to EUR 20.3 mn from EUR 11.4 mn .,positive,Sentences_75Agree.txt
"Previously , the company anticipated its operating profit to improve over the same period .",positive,Sentences_75Agree.txt
Productional situation has now improved .,positive,Sentences_75Agree.txt
Rautaruukki said construction group YIT has awarded it a 2.5 mln eur contract to supply the steel structures for a new bridge spanning the Kemijoki river in Northern Finland .,positive,Sentences_75Agree.txt
"Sales came in at 241 mln eur , compared with 211.4 mln , and also beating consensus forecasts of 235 mln eur .",positive,Sentences_75Agree.txt
"Sales VAT inclusive expanded by 19 percent , to 351 million euros .",positive,Sentences_75Agree.txt
Strong growth has continued also in China .,positive,Sentences_75Agree.txt
Teleste and Sentry 360 have formed an integration partnership between Sentry s advanced 360-degree immersive camera product line and Teleste s enterprise video management systems .,positive,Sentences_75Agree.txt
"Thanks to the multiplying effect of wagon performance , transport will be much more efficient , '' says development manager Juha Malkia from VR Cargo .",positive,Sentences_75Agree.txt
The aim is to achieve EUR 2.5 mn yearly savings .,positive,Sentences_75Agree.txt
The borrower was happy to do the roadshow and this paid off as the hit ratio from it was high .,positive,Sentences_75Agree.txt
"The company , which makes garden tools , scissors and other consumer goods , said earnings were boosted by 6.9 mln eur of income it received from its 16.7 pct shareholding in Finnish engineering group Wartsila .",positive,Sentences_75Agree.txt
The company anticipates its turnover for the whole 2010 to surpass that of the previous year when it was EUR 67.1 million .,positive,Sentences_75Agree.txt
The EPS improved to EUR0 .38 from EUR0 .27 .,positive,Sentences_75Agree.txt
"The financial impact is estimated to be an annual improvement of EUR2 .0 m in the division 's results , as of fiscal year 2008 .",positive,Sentences_75Agree.txt
"The financial impact is estimated to be some 1.5 MEUR annual improvement in the division 's result , starting from fiscal year 2007 .",positive,Sentences_75Agree.txt
The Finnish group anticipates a sales gain of EUR42m after tax and expenses .,positive,Sentences_75Agree.txt
"The launch of the plant in June went well , and it has been producing the advanced fuel for a couple of weeks .",positive,Sentences_75Agree.txt
The rationalization of the operations seeks to achieve over EUR 1 million in yearly savings as from the second quarter of the current financial year .,positive,Sentences_75Agree.txt
"The sale , which will result in a gain of some EUR 60 million in the second quarter of 2010 for Oriola-KD , supports the Finnish company 's strategy to focus on pharmaceutical wholesale and retail operations .",positive,Sentences_75Agree.txt
The third order awarded to Outokumpu Technology is by Shalkiya Zinc of Kazakhstan for the Shalkiya zinc-lead project in Kazakhstan .,positive,Sentences_75Agree.txt
This acquisition supports our strategy of being close to our customers all around the world offering both equipment and related services .,positive,Sentences_75Agree.txt
"Turun kaupunkin , Finland based company has awarded contract to Lemminkainen Talotekniikka Oy for electrical installation work .",positive,Sentences_75Agree.txt
These moderate but significant changes resulted in a significant 24-32 % reduction in the estimated CVD risk .,positive,Sentences_75Agree.txt
Uponor improved its performance in spite of the decrease in residential construction in the US .,positive,Sentences_75Agree.txt
The inventor was issued U.S. Patent No. .,neutral,Sentences_75Agree.txt
"Amer Sports divests an industrial site in Rumilly , France -  This announcement is distributed by Thomson Reuters on behalf of Thomson Reuters clients .",neutral,Sentences_75Agree.txt
"Simultaneously , his responsibility area is extended from legal affairs to cover also mergers and acquisitions .",neutral,Sentences_75Agree.txt
The Board of Directors has proposed the Extraordinary General Meeting to authorise the Board to decide on the issuance of a maximum of 30mn new shares in one or more share issues .,neutral,Sentences_75Agree.txt
"Once your plants are in the ground they will continue to grow , but the success of any garden lies in how well it 's maintained .",neutral,Sentences_75Agree.txt
"Poyry 's contract includes engineering management , civil and detail engineering services , and time scheduling and procurement services .",neutral,Sentences_75Agree.txt
"A maximum of 20 employees , who work in Karttakeskus and are responsible for producing Geographic Information Services , will be affected , the company added .",neutral,Sentences_75Agree.txt
Juha-Pekka Weckstr+Âm has been appointed President of telecom group TeliaSonera Finland to succeed Esa Rautalinko .,neutral,Sentences_75Agree.txt
"According to the original merger plan , Scanfil would get a 79 % stake in the combined business .",neutral,Sentences_75Agree.txt
"Addus ' services include personal care and assistance with activities of daily living , skilled nursing and rehabilitative therapies , and adult day care .",neutral,Sentences_75Agree.txt
"Aldata Solution Oyj Bertrand Sciard President and CEO Further information : Aldata Solution Oyj , Bertrand Sciard , President and CEO , tel. +33 1 46 48 28 00 Aldata 100 % Retail-Wholesale At Aldata 100 % of our business is dedicated to retail and wholesale business improvement .",neutral,Sentences_75Agree.txt
Alfa group will have 43.9 % of voting stock in the new company and Telenor 35.4 % with a free float of 20.7 % .,neutral,Sentences_75Agree.txt
All are welcome .,neutral,Sentences_75Agree.txt
Altogether 150 subjects with mildly elevated cholesterol levels participated in the four-month long intervention .,neutral,Sentences_75Agree.txt
"Arto Ryymin , born 1964 , will replace Juhani Kaisanlahti who has worked as acting EVP , Healthcare & Welfare since August 2007 .",neutral,Sentences_75Agree.txt
At CapMan Haavisto will be responsible for Group Finances and Accounting and IT .,neutral,Sentences_75Agree.txt
"By implementing the software the Finnish Army aims to unify and improve its operations in these application areas , QPR Software stated .",positive,Sentences_75Agree.txt
"Cablevision Systems Corp. CVC Their Madison Square Garden division owns and operates the New York Knickerbockers basketball team ; they also own the Madison Square Garden Arena , the New York Rangers hockey team , the New York Liberty women 's basketball team , and the Hartford Wolf Pack hockey team .",neutral,Sentences_75Agree.txt
"CapMan has six investment areas CapMan Buyout , CapMan Technology , CapMan Life Science , CapMan Russia , CapMan Public Market and CapMan Real Estate , and each of them has a dedicated team and funds .",neutral,Sentences_75Agree.txt
"CapMan Plc Press Release 31 March 2008 Jukka Ruuska , President of the OMX Nordic Exchanges and the Stockholm Stock Exchange , will transfer to CapMan effective no later than September 2008 .",neutral,Sentences_75Agree.txt
"cents The profile contains business operations , the company history , major products and services , prospects , key competitors , structure and key employees , locations and subsidiaries .",neutral,Sentences_75Agree.txt
"Conference Call To participate via a conference call , please dial in 5-10 minutes before the beginning of the event : +44 0 20 7162 0025 Europe or +1 334-á323-á6201 USA .",neutral,Sentences_75Agree.txt
Construction is scheduled to start in April-June 2007 and to be completed in early 2008 .,neutral,Sentences_75Agree.txt
"Fiskars , the World 's  1 Scissors Brand TM , recently won Learning -« Magazine 's 2011 Teachers ' Choice Award for the Classroom .",positive,Sentences_75Agree.txt
"Founded in 1946 , Strand Associates , which provides civil , environmental , transportation , electrical and mechanical engineering services , has 350 employees at 10 offices in Wisconsin , Alabama , Illinois , Indiana , Kentucky and Ohio .",neutral,Sentences_75Agree.txt
Halonen 's office acknowledged receiving the letter but declined comment .,neutral,Sentences_75Agree.txt
"He does not believe , however , that HKScan or Atria will start to use imported meat as Finnish consumers prefer domestic products .",neutral,Sentences_75Agree.txt
"Headquartered in this city , the company is nearly 75 years old and focuses on science-based innovation and technology for environmental measurement .",neutral,Sentences_75Agree.txt
"In 2009 , Lee & Man had a combined annual production capacity of close to 4.5 million tonnes of paper and 300,000 tonnes of pulp .",neutral,Sentences_75Agree.txt
"In the method the smelt spouts 2 are separated from the working area 6 by a shielding wall 8 , 10 arranged movable in relation to the smelt spouts .",neutral,Sentences_75Agree.txt
"Investments span across various product and investment types , including retail , hospitality , office , and residential , with interests in real-estate portfolios , non-performing loans and corporate restructurings .",neutral,Sentences_75Agree.txt
"It is necessary to strengthen the company 's operations , however .",neutral,Sentences_75Agree.txt
Le Lay succeeds Walter G++nter and will be based in Finland .,neutral,Sentences_75Agree.txt
"Lemminkainen Infra Oy 's subsidiary Lemminkainen Sverige AB will perform the construction work , which is expected to start in early 2011 and to be completed in the summer of 2013 .",neutral,Sentences_75Agree.txt
"Los Angeles-based Pacific Office Properties Trust acquires , owns , and operates office properties in the western U.S. , focusing initially on the markets of Honolulu , San Diego , Los Angeles , and Phoenix .",neutral,Sentences_75Agree.txt
"Master of Mayawas jointly developed by Nokia Siemens Networks and UFA - FremantleMedia , and will be actively advertised by Maxis in the end of May 2007 .",neutral,Sentences_75Agree.txt
"Mr. Mikko Saavalainen , head of Comptel 's Global Sales concludes : `` Gibtelecom provides a perfect illustration of the variety of business , technical and regulatory challenges operators are facing in their OSS today .",neutral,Sentences_75Agree.txt
"Neste Oil said that while results from its biomass to 3 liquids demonstration plant , commissioned in June 2009 , have been promising , no decision on a commercial plant has been taken .",neutral,Sentences_75Agree.txt
"Nokia will continue to invest in future development of Qt , and Digia will be responsible for commercial licensing and services business .",neutral,Sentences_75Agree.txt
"Nonwovens and specialty papers , made by Ahlstrom , are used in a large variety of everyday products , e.g. in filters , wipes , flooring , labels , and tapes .",neutral,Sentences_75Agree.txt
"Only this time , Nokia , India 's largest MNC , has sought out a topic that could spark off a million approaches ` Creativity in Emerging Markets .",neutral,Sentences_75Agree.txt
Other potential clients include public administration organizations investing in utility networks and services .,neutral,Sentences_75Agree.txt
"Our solutions are fully Arabized , and our message is that we want to become the IT partner of choice for businesses in the Near-East region .",neutral,Sentences_75Agree.txt
"Professional and consumer applications include personal navigation , personal safety , field and workflow management , and asset tracking .",neutral,Sentences_75Agree.txt
Satama and Trainers ' House will remain as names and independent brands of the business areas .,neutral,Sentences_75Agree.txt
"Talvik says the relocation of application programs on servers will continue , while HP servers were approved because of HP supplying a tailor-made solution to Elisa .",neutral,Sentences_75Agree.txt
"Technopolis and the St. Petersburg government signed a cooperation memorandum in October 2005 to set up a techno-park in the Neudorf production zone in the village of Strelny , in the St. Petersburg suburbs .",positive,Sentences_75Agree.txt
Tekla Structures 16 is ` all about you and your team ' and compatible with the Windows 7 operating system .,neutral,Sentences_75Agree.txt
"The above mentioned shareholders will suggest that a monthly salary of EUR 1,400 would be paid for the Board members outside the company .",neutral,Sentences_75Agree.txt
"The address location is provided to a local controller , preferably by wireless transmission , which then uses the address location to access the appliance control module .",neutral,Sentences_75Agree.txt
The Bank is also examining the benefits of transferring the Swedish business to operate as a branch office so that the operations would be governed by Finland 's laws .,neutral,Sentences_75Agree.txt
The company admits that 36 months is a relatively short time when operating in Russia .,neutral,Sentences_75Agree.txt
"The company is in charge of all natural gas storage activities in France , Great Britain , and Germany .",neutral,Sentences_75Agree.txt
"The device can also be used for theft protection and positioning of vehicles , boats and other assets .",neutral,Sentences_75Agree.txt
"The donations are granted to Aalto University and the universities of Helsinki , Tampere , Turku , Eastern Finland , Jyv+ñskyl+ñ , Oulu and Vaasa , and to polytechnics to be announced later .",neutral,Sentences_75Agree.txt
The first phase will be completed by the end of 2012 .,neutral,Sentences_75Agree.txt
"The guidance has been set at 90 basis points over mid-swaps , the report said .",neutral,Sentences_75Agree.txt
The invention carries International Patent Publication No. .,neutral,Sentences_75Agree.txt
"The inventors are Bylander Johan , Ponten Fredrik and Lundberg Jorgen .",neutral,Sentences_75Agree.txt
"The inventors are Mukkavilli Krishna Kiran , Sabharwal Ashutosh and Aazhang Behnaam .",neutral,Sentences_75Agree.txt
"The Inventors are Ridge Justin , Bao Yiliang and Karczewicz Marta .",neutral,Sentences_75Agree.txt
The issuer is solely responsible for the content of this announcement .,neutral,Sentences_75Agree.txt
The issuer is solely responsible for the content of this announcement .,neutral,Sentences_75Agree.txt
"The market making in accordance with the agreement will begin on September 24 , 2009 .",neutral,Sentences_75Agree.txt
"The offer price is $ 35 million , including cash of $ 10 million as net debt assumption of FACE , and $ 20 million worth of Cencorp shares to be issued to Savcor .",neutral,Sentences_75Agree.txt
The original patent was filed in Finland under application No. .,neutral,Sentences_75Agree.txt
"The rewards to be paid on the basis of the earning period 2011 will correspond to the value of a maximum total of 364,000 Componenta Corporation shares including also the proportion to be paid in cash .",neutral,Sentences_75Agree.txt
The right margin will be viewed separately in detail with every customer .,neutral,Sentences_75Agree.txt
The service also enables users to watch e-mails in HTML format en is enhanced with 23 addition languages to choose from .,neutral,Sentences_75Agree.txt
The Swedish subsidiary holds 1.0 % net smelter return `` NSR '' royalties over two advanced copper projects in northern Sweden - the Viscaria and Adak Projects - being developed by Avalon Minerals Ltd. ASX : AVI .,neutral,Sentences_75Agree.txt
"The total investment in the Vantaa plant extension will amount to around 10 million euro , and Okmetic 's share of the investments will be worth around 2.7 million .",neutral,Sentences_75Agree.txt
"The value of the deal exceeds EUR500 ,000 , the company said .",neutral,Sentences_75Agree.txt
Travel expenses would be reimbursed in accordance with the travel policy of the company .,neutral,Sentences_75Agree.txt
Welcome !,neutral,Sentences_75Agree.txt
"You need to be ready when the window opens up , Rosberg said .",neutral,Sentences_75Agree.txt
: Lietuvos Respublikos sveikatos apsaugos ministerija has awarded contract to UAB `` AFFECTO LIETUVA '' for financial systems software package .,positive,Sentences_75Agree.txt
CF2 Pty Ltd became a substantial holder in Renison Consolidated Mines NL on January 25 with 150 million shares ( 7.9 pc ) .,neutral,Sentences_75Agree.txt
Raffles Equities Ltd became a substantial holder in Archer Exploration Ltd on January 12 with 11.7 million shares ( 18.2 pc ) .,neutral,Sentences_75Agree.txt
"` We respect their decision ... the discussions are now closed , ' said Kai Telanne , Alma Media 's CEO .",neutral,Sentences_75Agree.txt
`` Directors and shareholders alike should ask why these practices were allowed to continue . '',neutral,Sentences_75Agree.txt
`` It allows the young child to move forward with his life . '',positive,Sentences_75Agree.txt
`` The issues identified by Stonesoft affect a range of content inspection technology .,neutral,Sentences_75Agree.txt
`` They want my credit card info and my personal details .,neutral,Sentences_75Agree.txt
"`` We will now , after the relevant authority approvals , make a mandatory bid as required by the Finnish Securities Markets Act .",neutral,Sentences_75Agree.txt
A broad range of connectivity options including 3G - HSPA and Wi-Fi gives consumers high speed access to the Internet .,neutral,Sentences_75Agree.txt
A quick `` one-stop-shop '' to understand the company .,neutral,Sentences_75Agree.txt
About Dopplr Dopplr is a service for smart travellers .,neutral,Sentences_75Agree.txt
"According to Sweden 's Minister for Local Government and Financial Markets , Mats Odell , the decision to sell the State 's shares in telecom group TeliaSonera can only be carried out in cooperation with the State of Finland .",neutral,Sentences_75Agree.txt
"According to CapMan Plc 's Corporate Governance , the majority of the committees ' members shall be independent of the Company .",neutral,Sentences_75Agree.txt
"According to Finnair Technical Services , the measure is above all due to the employment situation .",neutral,Sentences_75Agree.txt
"According to Honka Japan 's Managing Director Marko Saarelainen , Honkarakenne exports about 200 ready made log houses to Japan a year .",neutral,Sentences_75Agree.txt
"According to preliminary data from Slovakia 's Statistics Office , goods worth E36 .4 million were imported from Finland between January and October 2010 , making up 0.1 percent of Slovakia 's total imports .",neutral,Sentences_75Agree.txt
"According to Seikku , the retail sector in Finland is controlled by 3-4 large actors , while food manufacturers are still relatively small .",neutral,Sentences_75Agree.txt
Aldata to Share Space Optimization Vision at Apollo User Group and 2009 Category Management Association Conferences ; Company Will Unveil New Solution that Combines Business Intelligence with Space Planning Data at Conferences,neutral,Sentences_75Agree.txt
"Also , a seven-year historic analysis is provided for these markets .",neutral,Sentences_75Agree.txt
"Also , a six-year historic analysis is provided for these markets .",neutral,Sentences_75Agree.txt
"Also , a six-year historic analysis is provided for this market .",neutral,Sentences_75Agree.txt
Also the traditional grapevine carries a lot of weight .,neutral,Sentences_75Agree.txt
Altia 's operating profit jumped to EUR 47 million from EUR 6.6 million .,positive,Sentences_75Agree.txt
Amanda said that it had already made a USD5 .0 m investment commitment in Russia Partners II fund in July 2005 .,neutral,Sentences_75Agree.txt
"An  of the invention , released by the Patent Office , said : `` The chambers are pressurized .",neutral,Sentences_75Agree.txt
An audio webcast will be available live and archived on Cerner 's Web site at www.cerner.com .,neutral,Sentences_75Agree.txt
"Apart from Nordea , also Ergo is competing for the position among the top three pension funds providers in Estonia .",neutral,Sentences_75Agree.txt
"At this stage , a maximum of 60,000 Tulikivi Series A shares will be acquired , representing about 0.16 per cent of the company -¦ s shares outstanding .",neutral,Sentences_75Agree.txt
BasWare Order Matching automatically matches purchase invoices with approved purchase orders .,neutral,Sentences_75Agree.txt
"Capacity of the facility made by Finland 's Vaahto Group is 86,000 tons of light coated paper .",neutral,Sentences_75Agree.txt
"CapMan , an asset manager , has EUR 3bn worth of assets under management in the Nordic region .",neutral,Sentences_75Agree.txt
"CapMan has four investment areas ( CapMan Buyout , CapMan Technology , CapMan Life Science and CapMan Real Estate ) , and each of them has a dedicated team .",neutral,Sentences_75Agree.txt
Castecka said the town hall would hold talks with other investors interested in the zone .,neutral,Sentences_75Agree.txt
Central Europe is an important market area for Honka .,neutral,Sentences_75Agree.txt
"Changes being announced today will be effective after the close of trading on Friday , June 19 , 2009 .",neutral,Sentences_75Agree.txt
"CHS Expo Freight is a major Finnish fair , exhibition and culture logistics company that provides logistics services to various events by land , air and sea .",neutral,Sentences_75Agree.txt
Competition authorities will have to approve the deal before it can be finalized .,neutral,Sentences_75Agree.txt
"Complete name of shareholder : Otto Henrik Bernhard Nyberg For further information , please contact Maija-Liisa Friman , CEO , tel. +358 9 7597 0711 .",neutral,Sentences_75Agree.txt
Completion of the transaction is subject to a final agreement and a Due Diligence process .,neutral,Sentences_75Agree.txt
Construction is expected to be completed in the summer of 2011 .,neutral,Sentences_75Agree.txt
"Demand seems to have hit bottom now , and some signs of improvement can be seen .",positive,Sentences_75Agree.txt
"DnB Nord of Norway is the `` most likely Nordic buyer '' for Citadele , while Nordea would be a `` good strategic fit '' , according to the document published by Pietiek .",neutral,Sentences_75Agree.txt
Donations to universities The Annual General Meeting authorized the Board of Directors to donate max .,neutral,Sentences_75Agree.txt
"Dopplr members share personal and business travel plans privately with their networks , and highlight interesting places to stay , eat and explore in cities around the world .",neutral,Sentences_75Agree.txt
Dragonfly Love is another video shot from start to finish using the Nokia N8 .,neutral,Sentences_75Agree.txt
"During the past 10 years the factory has produced many of Nokia 's most popular models including the Nokia 2760 , the Nokia 6300 as well as Nokia 's latest music device the Nokia 5800 Express Music .",neutral,Sentences_75Agree.txt
"Elcoteq 's Electronics Manufacturing Services ( EMS ) Business Segment serves customers globally in Engineering , Manufacturing and Fulfillment services .",neutral,Sentences_75Agree.txt
"Employees are also better prepared to answer calls , since they already have detailed information about the caller before they answer the phone . ''",positive,Sentences_75Agree.txt
"Entire paper mills may be set up , especially in the new EU member states .",neutral,Sentences_75Agree.txt
"EQT has completed its exit from Salcomp , a Finnish company that makes mobile phone chargers , by selling its remaining stake to Swedish investment group Nordstjernan for about ( EURO ) 35 million ( $ 47 million ) .",neutral,Sentences_75Agree.txt
FCC Chairman Kevin Martin said that fair play required extending the same deregulatory rules to the digital subscriber lines that telecom providers use for broadband networks .,neutral,Sentences_75Agree.txt
"FinancialWire ( tm ) , in cooperation with the Investrend Broadcast Syndicate , also provides complete , daily conference call and webcast schedules as a service to shareholders and investors via the FirstAlert ( tm ) Networks oeFirstAlert ( tm ) Daily .",neutral,Sentences_75Agree.txt
"Following the registration , the number of issued and outstanding shares of Basware is 12,890,829 .",neutral,Sentences_75Agree.txt
Fortum had previously bought the state-held stake in TGK-10 from RAO UES during its reform .,neutral,Sentences_75Agree.txt
"Furthermore , our fully electrically driven cranes are environmentally friendly .",positive,Sentences_75Agree.txt
GenVec is a biopharmaceutical company developing novel therapeutic drugs and vaccines .,neutral,Sentences_75Agree.txt
"Goodwill and other intangible assets account for some 2.0 mln euro ( $ 2.6 mln ) of the purchase price , 20 pct of which payable in Aspo shares .",neutral,Sentences_75Agree.txt
Grapevine city officials in September approved $ 35 million in tax rebates and grants for the expansion .,positive,Sentences_75Agree.txt
Gunneflo will be responsible of Oriola-KD 's Pharmaceutical Trade business in Sweden .,neutral,Sentences_75Agree.txt
"Harold W. Young is an independent broker working closely with several retailers including Ahold USA , Market Basket , CVS , BJ 's Wholesale Club , Hannaford and Cumberland Farms .",neutral,Sentences_75Agree.txt
"Honkarakenne mainly exports large luxury log houses to Russia to be used as one-family houses or holiday homes ; 70 % of sales go to the Moscow region , about 20 % to the St Petersburg region , and the remainder to other locations .",neutral,Sentences_75Agree.txt
However short-term rentals are becoming more popular .,neutral,Sentences_75Agree.txt
"HUHTAMAKI OYJ STOCK EXCHANGE RELEASE 16.12.2008 AT 09:30 Huhtamaki Oyj has resolved to clarify the Group structure by separating the Foodservice and Consumer Goods businesses in its production unit in Hameenlinna , Finland by transferring the businesses into its wholly owned subsidiaries .",neutral,Sentences_75Agree.txt
"In addition to the presentations held by President & CEO Kai Telanne and CFO Tuomas Itkonen , participants will have an opportunity to discuss with other members of the company 's management .",neutral,Sentences_75Agree.txt
"In providing managed services , Nokia takes responsibility for building , operating and transferring as well as optimising the Indosat 3G network .",neutral,Sentences_75Agree.txt
"In today s business , you have to pre-empt what consumers want , said Mohammed Zainalabedin , General Manager , Zain Bahrain .",neutral,Sentences_75Agree.txt
Insurance policies should be simple .,neutral,Sentences_75Agree.txt
"It is a member of the OneWorld alliance , which includes American Airlines and British Airways .",neutral,Sentences_75Agree.txt
It is expected to be completed by the end of 2007 .,neutral,Sentences_75Agree.txt
It is planned to set up the A class business center in the two top storeys of the complex .,neutral,Sentences_75Agree.txt
It will provide heating in the form of hot water for the sawmill 's needs .,neutral,Sentences_75Agree.txt
Its 168 asset management experts manage assets worth over EUR 35 billion .,neutral,Sentences_75Agree.txt
Its other well-known brands include fitness equipment maker Precor and U.S. - based ball sports equipment maker Wilson .,neutral,Sentences_75Agree.txt
Jon Risfelt is 49 years old holds a Master of Science in Chemical Engineering from the Swedish Royal Institute of Technology .,neutral,Sentences_75Agree.txt
Juha Haapakoski will continue as Editor-in-Chief with budget responsibility also with the new publisher .,neutral,Sentences_75Agree.txt
"Jun. 25 , 2008 ( Boy Genius Report delivered by Newstex ) -- The Nokia ( NYSE : NOK ) N78 , huh ?",neutral,Sentences_75Agree.txt
"Last July , the group said it intended to relocate warehouse and office space in Loudeac and Saint Marcel to Morvillars , in the east of France , where it already operates a hook manufacturing and distribution unit .",neutral,Sentences_75Agree.txt
"Lember said the matter was topical also in Estonia , where a bill has been drafted at the Social Affairs Ministry that would scrap old-age pensions on favorable conditions .",neutral,Sentences_75Agree.txt
"LKAB , headquartered in Lulea , Sweden , is a high-tech mining company producing upgraded iron ore products for the steel industry .",neutral,Sentences_75Agree.txt
"LLC , a voice and data management solution provider to wireless companies with operations worldwide , will be transferring its U.S. deployment operations to the Finnish mobile giant , which includes civil works and site acquisition services .",neutral,Sentences_75Agree.txt
"Look out for vintage fabric cushion covers , '70s coffee pots , ceramic serving dishes , cocktail glasses , and stainless steel party dishes .",neutral,Sentences_75Agree.txt
( I&H ) in a move to enhance growth .,positive,Sentences_75Agree.txt
LSC 's 30 employees will move to Ixonos with their existing status and benefits .,neutral,Sentences_75Agree.txt
"Metso is a global supplier of sustainable technology and services for mining , construction , power generation , automation , recycling and the pulp and paper industries .",neutral,Sentences_75Agree.txt
"Name of Applicant : Jot Automation OYName of Inventor : Mammila Tuomo , Piirainen Mika and Kellokoski MikaApplication No. : 2424-KOLNP-2008 ADate of filing of Application : 16-06-2008Publication Date : 30/01/2009",neutral,Sentences_75Agree.txt
NASDAQ-listed Yahoo Inc has introduced a new service that enables Malaysians to take their favorite Internet content and services with them on their mobile phones .,positive,Sentences_75Agree.txt
National sponsors for The Big Read include National Endowment for the Arts in cooperation with the Institute of Museum and Library Services and Arts Midwest .,neutral,Sentences_75Agree.txt
Neste Oil Corporation Refining Operation Asset Summary Report Summary Neste Oil Corporation Refining Operation Assets Summary Report is an essential source for company data and information .,neutral,Sentences_75Agree.txt
"Of course , you 'll have direct access to Nokia 's Ovi store , so you 'll have lots of fun downloading your favorite media .",neutral,Sentences_75Agree.txt
"Of these shares 14,747,084 are held by the Company and the number of outstanding shares and voting rights attached to the shares amounts thus to 161,256,847 .",neutral,Sentences_75Agree.txt
"Oka specialises in new construction , renovation work of residential and non-residential building as well as premises for industrial and logistical use .",neutral,Sentences_75Agree.txt
Okmetic Board of Directors has also decided on a new share ownership program directed to the company 's top management .,neutral,Sentences_75Agree.txt
Okmetic 's silicon wafers are part of a further processing chain that produces end products that improve human interaction and quality of life .,neutral,Sentences_75Agree.txt
"Outotec , headquartered in Espoo , Finland , is a leading provider of process solutions , technologies and services for the mining and metallurgical industries .",neutral,Sentences_75Agree.txt
"Panostaja , headquartered in Tampere , Finland , is an investment company focusing on small and medium-sized Finnish companies operating in the traditional industries .",neutral,Sentences_75Agree.txt
Performance is based on values and sustainability .,neutral,Sentences_75Agree.txt
Pertti Ervi is independent from the Company and its major shareholders .,neutral,Sentences_75Agree.txt
"Please inform IR Johanna Koskinen of your participation no later than 20 April at 10 a.m. A telephone conference for financial analysts and investors , conducted in English , will begin at 3:00 p.m. Finnish time ( EET ) .",neutral,Sentences_75Agree.txt
"Previously , the plant was expected to be completed by the end of 2008 .",neutral,Sentences_75Agree.txt
Production at the plant will be based on Neste Oil 's proprietary technology that can use a flexible input of any vegetable oil or animal fat .,neutral,Sentences_75Agree.txt
"Prothious Engineering ( www.prothious.com ) employs more than 1,000 and has a large portfolio of projects and an annual detailing capacity of more than 100,000 tonnes .",neutral,Sentences_75Agree.txt
QPR product family is fully compatible with Microsoft 's Windows 7 operating system .,neutral,Sentences_75Agree.txt
Rapala aims to move the distribution unit Ragot from Loudeac in Bretagne and the distribution unit Waterqueen and the fishing line supplier Tortue from Saint Marcel in Central France to Morvillars .,neutral,Sentences_75Agree.txt
"RAPALA TOURNAMENT FISHING : With all the major titles already out for the holidays , bargain-priced games such as Rapala aim for a smaller audience .",neutral,Sentences_75Agree.txt
"RFID ( Radio Frequency Identification ) is a method of so-called intelligent transport , whereby information can be read and saved remotely .",neutral,Sentences_75Agree.txt
"Sanoma also has an Executive Committee , in accordance with the Company 's Articles of Association , that prepares proposals for matters to be decided or noted by the Board of Directors .",neutral,Sentences_75Agree.txt
"Sarantel , based in Wellingborough , UK , designs high-performance antennas for portable wireless devices .",neutral,Sentences_75Agree.txt
Shares will be acquired in accordance with section 5 of the rules of NASDAQ OMX Helsinki and other rules applicable to the acquisition of own shares .,neutral,Sentences_75Agree.txt
"She will succeed Krister Kylas , who has decided to leave TeliaSonera .",neutral,Sentences_75Agree.txt
Shuweihat 2 got under way in July 2008 when the project was awarded to desalination and power contractors .,neutral,Sentences_75Agree.txt
"Simmons Elected DCUC Chairman PORTSMOUTH , N.H.-Gordon A. Simmons , CEO of Service Credit Union , has been elected chairman of the Defense Credit Union Council for the 2007-2008 term .",neutral,Sentences_75Agree.txt
Stock Exchange Release 10/3/2011 12:00 Sanoma has published its Annual Report and Financial Statements for 2010 and its first Corporate Responsibility Report .,neutral,Sentences_75Agree.txt
"Stockholm-based Nordea Bank ( STO : NDA ) said yesterday it had hired Casper von Koskull to lead its corporate merchant banking and capital markets unit , effective 1 September .",neutral,Sentences_75Agree.txt
Strategic and operational business information is objectively reported .,neutral,Sentences_75Agree.txt
"Swedish , Finnish and Danish listed companies are organized in three market cap segments , Nordic Large Cap , Mid Cap and Small Cap .",neutral,Sentences_75Agree.txt
Symphony Services provides development services for Aldata GOLD .,neutral,Sentences_75Agree.txt
"Tekla provides 3D software for building and infrastructure engineering , with a focus on building information modelling of steel and concrete structures from design to construction .",neutral,Sentences_75Agree.txt
"Teleste 's hybrid TV solution includes components for the whole process of delivering video services to consumers from content acquisition and service creation to delivery through a range of access solutions , including HFC ( hybrid fibre-coaxial ) , xDSL , EttH , and FttH .",neutral,Sentences_75Agree.txt
The agreement is valid for four years .,neutral,Sentences_75Agree.txt
"The alliance aims to tap pocketable mobile computers , netbooks , tablets , mediaphones , connected TVs and in-vehicle infotainment systems .",neutral,Sentences_75Agree.txt
The availability of the Internet services is highlighted in the service offer of Kesko 's K-Group stores .,neutral,Sentences_75Agree.txt
"The broker started UPM-Kymmene , Stora Enso and Sappi with ` equal-weight ' recommendations and Holmen and Norske Skog with ` underweight ' ratings .",neutral,Sentences_75Agree.txt
"The building complex consists of high-quality office and retail space totalling 49,200 square metres , the company said .",neutral,Sentences_75Agree.txt
"The business has sales of about ( Euro ) 35 million ( $ 44million ) , and has been responsible for sales and marketing of Lanxess 's paper chemicals business , which Kemira bought for ( Euro ) 88 million early this year ( CW , Jan. 11 , p. 22 ) .",neutral,Sentences_75Agree.txt
The business section also includes Ahlstrom 's sustainability report .,neutral,Sentences_75Agree.txt
"The center offers a comprehensive range of device design services spanning from electronics , mechanics and software design to a full range of testing laboratory services .",neutral,Sentences_75Agree.txt
The commission said the hydrogen peroxide and PBS market was worth about 470 million euros in 2000 .,neutral,Sentences_75Agree.txt
"The company designs , manufactures and markets high-quality clothing , interior decoration textiles , bags and other accessories .",neutral,Sentences_75Agree.txt
"The company designs and manufactures high-quality clothing , interior decoration textiles , bags , and other accessories .",neutral,Sentences_75Agree.txt
"The company has delivered the technical infrastructure , used by NAV for their data warehouse and business intelligence initiatives .",neutral,Sentences_75Agree.txt
"The company is now withdrawing the second part , EUR 7.2 mn , of the investment commitment .",neutral,Sentences_75Agree.txt
The company is presently examining whether the project would be financially feasible .,neutral,Sentences_75Agree.txt
The company is studying the feasibility of focusing most of its processed meat production in the Vantaa facilities and the processing of fresh meat in the Forssa facilities .,neutral,Sentences_75Agree.txt
The company said shareholders will be able to vote on the agreement at an EGM scheduled for later this month .,neutral,Sentences_75Agree.txt
The company specialises in temporary electrification and heating at construction sites .,neutral,Sentences_75Agree.txt
"The competition was received with great enthusiasm by the employees , he goes on .",positive,Sentences_75Agree.txt
"The cooperation will involve Arena Partners buying a 35 % share of the new joint venture company , operating in Alma Media 's home sales , vehicle and consumer advertising marketplace businesses .",neutral,Sentences_75Agree.txt
The deliveries started in April 2006 and will be completed in 2007 .,neutral,Sentences_75Agree.txt
The desk will reach its full planned strength of ten persons in autumn 2007 .,neutral,Sentences_75Agree.txt
"The dividend is payable on February 1 , 2010 to shareholders of record on January 19 , 2010 .",neutral,Sentences_75Agree.txt
The EUR 0.7 million non-recurring expenses have been recorded for the third quarter .,neutral,Sentences_75Agree.txt
The event can be followed on-line via Orion 's Finnish homepage at www.orion.fi as well as via the Kauppalehti Live web service at www.kauppalehti.fi/live .,neutral,Sentences_75Agree.txt
The Extraordinary General Meeting is expected to take place no later than 18 February 2011 .,neutral,Sentences_75Agree.txt
"The first installment of the Cinema Series concludes with a profile of Finnish inventor Olavi Linden , whose personal artistic journey and work at Fiskars has led to dozens of design awards .",neutral,Sentences_75Agree.txt
The first of the two project phases is expected to be completed by the end of 2012 .,neutral,Sentences_75Agree.txt
"The group intends to relocate warehouse and office space in Loudeac and Saint Marcel to Morvillars , in the east of the country , where it already operates a hook manufacturing and distribution unit .",neutral,Sentences_75Agree.txt
"The Group owns and operates a fleet of more than 800dwt , while container capacity is 17,000 TEUs , and manages a diversified fleet of its own railway rolling stock of over 17,000 units .",neutral,Sentences_75Agree.txt
"The Hayward , Calif.-based target designs active , casual and dress footwear , as well as boots and sandals .",neutral,Sentences_75Agree.txt
"The important thing now is to keep the bank 's existing 15,000 customers .",neutral,Sentences_75Agree.txt
"The Innova 2 building will be located close to downtown , in the immediate vicinity of Paviljonki and the travel center , and within walking distance from the heart of the city thanks to the trade fair bridge .",neutral,Sentences_75Agree.txt
The interchange of Editors-in-Chief is a part of publisher 's goal to enhance job circulation in all personnel groups .,neutral,Sentences_75Agree.txt
The joint venture is planning a quick timetable for negotiating the lease of the potential wind farm areas and for charting the feasibility of the wind farms .,neutral,Sentences_75Agree.txt
The Kyroskoski investment is to be completed in late 2011 and the +ä+ñnekoski investment in the spring of 2012 .,neutral,Sentences_75Agree.txt
"The Lemminkainen Group , headquartered in Helsinki , Finland , operates in all sectors of the construction industry : civil engineering , building contracting , technical building services and the building materials industry .",neutral,Sentences_75Agree.txt
"The Lemminkainen Group , headquartered in Helsinki , Finland operates in all sectors of the construction industry : civil engineering , building contracting , technical building services and the building materials industry .",neutral,Sentences_75Agree.txt
"The Marubeni Group focuses on creating `` value chain '' from upstream to downstream , encompassing a wide variety of business fields , including oil & gas , metals , mineral resources , foods , pulp & paper and chemicals , among others .",neutral,Sentences_75Agree.txt
"The most interesting export markets will be Russia , the Baltic countries and Scandinavia .",neutral,Sentences_75Agree.txt
"The most popular mobile data services are email , surfing the internet , as well as news and weather services .",neutral,Sentences_75Agree.txt
The new B shares carry the right to dividend and other shareholder rights with effect from today .,neutral,Sentences_75Agree.txt
The objective of the St. Petersburg office is first to boost the Company 's maintenance business .,neutral,Sentences_75Agree.txt
The office space will rise above the remodeled Cannon Street underground station .,neutral,Sentences_75Agree.txt
"The official opening of the office , located in Prague , will be celebrated on May 20 .",neutral,Sentences_75Agree.txt
"The opportunity will be available only for few employees , however .",neutral,Sentences_75Agree.txt
"The order includes a steel frame , load-bearing roof structures and partition wall elements , and Rautaruukki said it expects to complete installation as early as May next year .",neutral,Sentences_75Agree.txt
The Oxyview Pulse Oximeter is a common device to check patient blood-oxygen saturation level and pulse rate .,neutral,Sentences_75Agree.txt
The plant would use palm oil certified by the Roundtable on Sustainable Palm Oil ( RSPO ) .,neutral,Sentences_75Agree.txt
"The port operator , however , favors retaining the port fees in 2010 , citing the owner , the governemtn of Estonia , commiting the port to pay EEK 400mn ( EUR 25.56 mn USD 36.44 mn ) in dividends to the state in 2009 and another EEK 300mn in 2010 .",neutral,Sentences_75Agree.txt
The project is expected to be completed in 2009 .,neutral,Sentences_75Agree.txt
"The reason for this is St. Petersburg status as a capital , one of the participants in the meeting quoted Chikunov as saying .",neutral,Sentences_75Agree.txt
"The report goes on to provide detailed profiles of ten leading European specialty chemicals companies , and brief profiles of other major players .",neutral,Sentences_75Agree.txt
"The report profiles 614 companies including many key and niche players worldwide such as Black & Decker Corporation , Fiskars Corporation , Fiskars Brands , Inc. , Husqvarna Outdoor Products Inc. , K+S Group , Ryobi Technologies , Inc. , The Scotts Miracle-Gro Company , and Van Group , Inc. .",neutral,Sentences_75Agree.txt
"The report profiles 614 companies including many key and niche players worldwide such as Black & Decker Corporation , Fiskars Corporation , Fiskars Brands , Inc. , Husqvarna Outdoor Products Inc. , K+S Group , Ryobi Technologies , Inc. , The Scotts Miracle-Gro Company , and Van Group , Inc. .",neutral,Sentences_75Agree.txt
"The Russian government will contribute 20 % of the necessary funds , he said .",neutral,Sentences_75Agree.txt
"The sale will allow Campofrio to focus on its recently announced takeover of Groupe Smithfield Holdings , the European unit of Smithfield Foods Inc. ( SFD ) of the U.S.",neutral,Sentences_75Agree.txt
"The scope of the project is to find the most cost-efficient method for phosphorous removal and to deliver the storing and dosing equipment , which can be used in continuous operation at the plants .",neutral,Sentences_75Agree.txt
The server is responsible for managing devices and user accounts and a desktop client application enables remote access to the mobile phones .,neutral,Sentences_75Agree.txt
The share of the share capital of both above mentioned shareholders remains below 5 % .,neutral,Sentences_75Agree.txt
The shares carry a right to dividend and other shareholder rights as from their registration with the Finnish Trade Register .,neutral,Sentences_75Agree.txt
"The shares shall be repurchased through public trading , for which reason the shares are repurchased otherwise than in proportion to the holdings of the shareholders .",neutral,Sentences_75Agree.txt
The shipyard hopes the regional government in Andalusia can offer its some form of financial support .,neutral,Sentences_75Agree.txt
"The subsidiary will be responsible for filter sales , local assembly of filters and after market services in China .",neutral,Sentences_75Agree.txt
"The total number of shares in the company will be 585,236,987 Innofactor group Innofactor offers its customers comprehensive solutions in the Microsoft environment .",neutral,Sentences_75Agree.txt
The total value of the project is valued at SEK 30bn ( EUR 2.83 bn USD 3.81 bn ) .,neutral,Sentences_75Agree.txt
The trade is in accordance with the agreement announced on 26 March 2008 .,neutral,Sentences_75Agree.txt
The transaction is expected to be completed next spring .,neutral,Sentences_75Agree.txt
The trucks feature an Eco Drive system - a fuel measuring tool which stores data particular to individual drivers .,neutral,Sentences_75Agree.txt
The writing and publication of Lemmink+ñinen -¦ s history is a continuation of earlier collaboration between Antti Tuuri and the company .,neutral,Sentences_75Agree.txt
"These products include Personal Communications products such as mobile phones and their parts , Home Communications products such as set-top boxes and electronics for flat panel TVs as well as Communications Networks products such as base-stations , tower-top amplifiers , and microwave systems .",neutral,Sentences_75Agree.txt
"They re in a race with Google to get lots of users onto their service as social networking creates new business models , said Martin Garner , a London-based analyst with CCS Insight .",neutral,Sentences_75Agree.txt
"Thus the group 's balance sheet will have about EUR25 .8 m of goodwill , the company added .",neutral,Sentences_75Agree.txt
"To check them out or to make a bid they will be in the Deka Showroom , Fortitude Valley .",neutral,Sentences_75Agree.txt
Uponor maintains its full-year guidance for 2010 .,neutral,Sentences_75Agree.txt
"Utah 's capital wanted to be the next U.S. headquarters of Amer Sports Corp. , a ski-equipment company .",neutral,Sentences_75Agree.txt
We are pleased to invite you to join M-real 's international conference call at 3:00 p.m. EET .,neutral,Sentences_75Agree.txt
Veracel is preparing an appeal in the issue and has asked the court for clarification of the judgement .,neutral,Sentences_75Agree.txt
What would you like to see changed on Nokia 's next attempt ?,neutral,Sentences_75Agree.txt
"When completed , the 120-meter Watchtower will be the highest building in Ireland .",neutral,Sentences_75Agree.txt
"Viking will pay EUR 130 million for the new ship , which will be completed in January 2008 .",neutral,Sentences_75Agree.txt
"www.countryelements.co.uk Designed by Patricia Burt , this is just one of a selection of distinctive hooked rugs created with recycled materials and dyed natural dyes .",neutral,Sentences_75Agree.txt
You are warmly welcome !,neutral,Sentences_75Agree.txt
Approval by shareholders of Cencorp in accordance with Finnish law .,neutral,Sentences_75Agree.txt
ASSA ABLOY Kaupthing Bank gave a ` neutral ' recommendation and a share price target of 174 crowns $ 24.7 - 19 euro on Swedish lock maker Assa Abloy AB .,neutral,Sentences_75Agree.txt
"`` As defences mature , attackers develop Trojans that are equipped with content filters to detect online banking activity for capturing account details using methods such as form grabbing , screen shots , video captures , keylogging and injection of form fields .",neutral,Sentences_75Agree.txt
`` Our aim is to understand different traffic patterns based on the use of each building .,neutral,Sentences_75Agree.txt
`` Our approach is very much to only use raw materials that are produced in line with the principles of sustainable development .,neutral,Sentences_75Agree.txt
`` Our Vaalipalvelu-service was especially developed for use by communities and organizations .,neutral,Sentences_75Agree.txt
`` Social networking and location-based service trends comprise a significant share of the Internet traffic today and are appealing to MID users .,neutral,Sentences_75Agree.txt
`` The CHF is a great product .,positive,Sentences_75Agree.txt
"`` The industry is coming to an interesting fork in the road as both handset manufacturers and wireless carriers attempt to serve as the portal for Web-based service to your wireless handset , '' he wrote .",neutral,Sentences_75Agree.txt
"`` The Intel Atom processor has had tremendous success in the marketplace since its launch over 2 years ago , '' said Pankaj Kedia , director of global ecosystem programs for Intel Corp. 's Ultra Mobility Group .",positive,Sentences_75Agree.txt
`` With this new version it is very important for us to introduce a BIM process that is based on the detailed building information model .,neutral,Sentences_75Agree.txt
18:30 Dinner The conference program can also be viewed as a live audio webcast through the internet pages at www.citycon.com .,neutral,Sentences_75Agree.txt
A CUT ABOVE Bring the outdoors in with these birch-branch coasters .,neutral,Sentences_75Agree.txt
"A downloadable instruction sheet , instructional video , and project ideas for the award-winning Everywhere Punch TM Window System can be found at www.fiskars.com .",neutral,Sentences_75Agree.txt
A PLUMBING business has announced it is sponsoring a professional darts player .,neutral,Sentences_75Agree.txt
"A. Le Coq Special was developed for the bicentenary of the company and the trade mark , the brewer said .",neutral,Sentences_75Agree.txt
Estimations indicate that even up to 170 different tablet computers or reading devices will be available in 2011 .,neutral,Sentences_75Agree.txt
"After piloting , the instrument will be further developed according to the experiences gained .",neutral,Sentences_75Agree.txt
Another noticeable thing is that the search for Tata and Airtel brands was mostly related to ` broadband connections ' .,neutral,Sentences_75Agree.txt
Aspo has also investigated the sales opportunities of Kaukomarkkinat 's electronics business .,neutral,Sentences_75Agree.txt
"At the beginning of the subscription period on May 2 , 2006 the share subscription price under B option right is EUR 10.22 per share .",neutral,Sentences_75Agree.txt
"Back then , Tikkurila 's former owner , Finnish chemicals company Kemira Oyj HEL : KRA1V , distributed an 86 % stake to Kemira shareholders to facilitate the divestment and listing of Tikkurila .",neutral,Sentences_75Agree.txt
"Based on negotiations with personnel , some 20 % have indicated their willingness to move to the new location .",neutral,Sentences_75Agree.txt
Both Mr Walden and Mr Ignatius will be responsible also for the newspapers ' business result .,neutral,Sentences_75Agree.txt
Capitex Kalmar will continue to be responsible for the maintenance and technical development of the services .,neutral,Sentences_75Agree.txt
Changes to the as-built models from the design were communicated to the subcontractors to accommodate them into the steel and GRC glass reinforced concrete fabrication process .,neutral,Sentences_75Agree.txt
"Currently , YIT builds a housing estate Zapadnye Vorota 26,000 square metres in the city and a house 9,910 square metres , which will be completed at the end of 2009 .",neutral,Sentences_75Agree.txt
Customers in a wide range of industries use our stainless steel and services worldwide .,neutral,Sentences_75Agree.txt
"Demonstrations of the broad capabilities of the Mobility Business Suite will be organized during the 3GSM World Congress in Barcelona , from February 12th to 15th .",neutral,Sentences_75Agree.txt
Each option right entitles the holder to subscribe for one new share at a subscription price of EUR0 .045 during the subscription period which ends on 31 December 2013 .,neutral,Sentences_75Agree.txt
"Elite Residence Tower , a new development by Tameer , is located at the heart of Dubai Marina .",neutral,Sentences_75Agree.txt
Europe needs 17 new large paper machines .,neutral,Sentences_75Agree.txt
Exel wants to serve its industrial customers with individual products .,neutral,Sentences_75Agree.txt
"Finnish bank Pohjola Bank Plc HEL : POH1S said today that it will issue a EUR 40 million USD 51.2 m index-linked bond , Pohjola Tutkimuksen Tahdet VIII-2010 Pohjola Research Stars VIII-2010 , on October 27 , 2010 .",neutral,Sentences_75Agree.txt
"Finnish retailer Stockmann has won approval from the board of Swedish rival Lindex for a public tender offer with the aim of expanding the companies ' presence in Russia and other CEE countries , Stockmann said Monday .",positive,Sentences_75Agree.txt
From Merisatama to the far corners of the world Asfaltti Osakeyhti+Â Lemmink+ñinen was established in 1910 by a group of master builders in Helsinki as a specialist business and subcontractor .,neutral,Sentences_75Agree.txt
"F-Secure , a developer of security solutions as a service through Internet Service Providers and mobile operators , announced results from its annual Online Wellbeing Survey .",neutral,Sentences_75Agree.txt
"Furthermore , the company will sell the warehouse and office buildings in Loudeac and Saint Marcel and lease new joint premises for these operations in Morvillars .",neutral,Sentences_75Agree.txt
"Handelsbanken ranked before Local Cooperative Banks and Aktia in customer loyalty this time too , however .",positive,Sentences_75Agree.txt
He is resting comfortably and is looking forward to getting back to work . '',neutral,Sentences_75Agree.txt
"If the employee leaves the company within the duration of the cover , the money invested to ensure commitment is returned to the company .",neutral,Sentences_75Agree.txt
"In 2008 , Kemira recorded revenue of approximately EUR 2.8 billion and had a staff of 9,400 .",neutral,Sentences_75Agree.txt
"In accordance with the terms and conditions of Alma Media 's 2006 option program , the share subscription price for the 2006A option rights was EUR 4.88 per share and the book countervalue EUR 0.60 per share .",neutral,Sentences_75Agree.txt
"In addition to supplying a new headbox and a modern sizing and coating unit , Vaahto Group will provide erection supervision , training and start-up services .",neutral,Sentences_75Agree.txt
"In Penttil+ñ 's vision , the most important reason for the transaction is Russia .",neutral,Sentences_75Agree.txt
"In stead of being based on a soft drink , as is usual , the Teho energy drink is made with fresh water .",neutral,Sentences_75Agree.txt
"In the Baltics , the merger of the businesses of the two is expected to be completed in early 2008 .",neutral,Sentences_75Agree.txt
"In the video above Marimekko 's design manager , Noora Niiininoski , explains that the brands are a natural fit for each other because they both have a timeless style .",neutral,Sentences_75Agree.txt
It also confirmed its earnings guidance for the whole 2009 issued in its report for the whole 2008 .,neutral,Sentences_75Agree.txt
It is hand-painted resin with real 14-0 trebles and is 75cm long by 25cm deep from top to bottom of the middle hook .,neutral,Sentences_75Agree.txt
"It is part of the development of the world-class magnetite deposit at Karara , which has the known potential for over 30 million metric tons of annual processing of magnetite over its estimated 30-year life .",neutral,Sentences_75Agree.txt
"It is the last smartphone running Maemo 5 , which is to be replaced with MeeGo , a joint project between Nokia , Intel and the open source community .",neutral,Sentences_75Agree.txt
"It operates under three distinct brands : United Supermarkets , Market Street and United Supermercado .",neutral,Sentences_75Agree.txt
Kaupthing Bank will publish its annual results for 2007 before markets open on Thursday 31 January .,neutral,Sentences_75Agree.txt
"LONDON AFX - UK and European brokers ' recommendations issued today , as collated by AFX News from a range of market sources .",neutral,Sentences_75Agree.txt
The fine print is here .,neutral,Sentences_75Agree.txt
M. and a Master of Business Administration MBA .,neutral,Sentences_75Agree.txt
More than 80 special events in the three counties during four months were hosted by the library system and its nine branch libraries .,neutral,Sentences_75Agree.txt
Ms Laakso will be responsible for HKScan 's HR functions and for their development in all of the Group ` smarket areas .,neutral,Sentences_75Agree.txt
"New Delhi , July 17 -- Sahlberg Teppo , Kallio Timo and Mustonen Tuomas of M Real OYJ , Espoo , Finland have developed novel markings and methods of producing the same .",neutral,Sentences_75Agree.txt
"Nokia Siemens Networks provides mobile and fixed network infrastructure , communications and networks service platforms , as well as professional services , to operators and service providers .",neutral,Sentences_75Agree.txt
"Of these shares 29,659,239 are held by the Company or its group companies and the number of outstanding shares and voting rights attached to the shares thus amounts to 322,705,218 .",neutral,Sentences_75Agree.txt
"Outotec 's scope of delivery covers the engineering , supply of special equipment and services for a calcination plant with two circulating fluid bed calciners .",neutral,Sentences_75Agree.txt
"Outotec 's scope of delivery includes design , basic engineering and supply of proprietary equipment for a sinter plant with a grate area of 496 square meters .",neutral,Sentences_75Agree.txt
"Participants at any of the book discussions or other special events , or visitors to the car dealership were eligible to enter the drawing for the 2005 silver , four-door Altima .",neutral,Sentences_75Agree.txt
Peigs www.peigs.se will become part of Sardus Latta Maltider Light Meals unit .,neutral,Sentences_75Agree.txt
Pharmaceuticals - Czech Republic This brand-new market analysis gives a clear overview of the actual situation and future outlook of the pharmaceutical market in Czech Republic .,neutral,Sentences_75Agree.txt
Pharmaceuticals - Netherlands This brand-new market analysis gives a clear overview of the actual situation and future outlook of the pharmaceutical market in Netherlands .,neutral,Sentences_75Agree.txt
Pharmaceuticals - Poland This brand-new market analysis gives a clear overview of the actual situation and future outlook of the pharmaceutical market in Poland .,neutral,Sentences_75Agree.txt
Pharmaceuticals - Spain This brand-new market analysis gives a clear overview of the actual situation and future outlook of the pharmaceutical market in Spain .,neutral,Sentences_75Agree.txt
"Product coverage : baked goods ; biscuits ; breakfast cereals Data coverage : market sizes historic and forecasts , company shares , brand shares and distribution data .",neutral,Sentences_75Agree.txt
Quality chargers under CHARGZ brand are sold in selected retail stores and other sales locations world-wide .,neutral,Sentences_75Agree.txt
"Rapala VMC Corporation Rapala , a leading fishing tackle and sporting goods manufacturer and distributor , is the main owner of Peltonen with its 80 % shareholding .",neutral,Sentences_75Agree.txt
"Reporting in accordance with the merged business operations will start as of January 1 , 2011 .",neutral,Sentences_75Agree.txt
RusHydro has an agreement to transfer its stakes in OESK and the five ERCs into the trust management of Inter RAO .,neutral,Sentences_75Agree.txt
Russia wants to utilise its huge forest reserves in a very different way from what has been done so far .,neutral,Sentences_75Agree.txt
"S Group 's loyal customer magazine Yhteishyv+ñ came second with 1,629,000 readers and Sanoma Corporation 's daily newspaper Helsingin Sanomat was third with 1,097,000 readers .",neutral,Sentences_75Agree.txt
"SCOPI Chief Business Excellence Officer , Eng .",neutral,Sentences_75Agree.txt
"Seppala transferred the sale to a greater extent than last year to February , and this is reflected on the January sales figures .",neutral,Sentences_75Agree.txt
Subject-matter of the invention furthermore is the use of the cyclone for separating partly molten particles . '',neutral,Sentences_75Agree.txt
"Taking a cue from the playbook of the East Dillon Lions , we 've created a special team of heavy-hitting style players , such as boot-cut jeans , tummy tops and , of course , cowboy boots .",neutral,Sentences_75Agree.txt
"Tekla 's defense business employs over 20 persons and is located in Espoo , Finland .",neutral,Sentences_75Agree.txt
"Tekla will organize an information meeting for analysts and media at WTC Helsinki Marski meeting room , Aleksanterinkatu 17 , the same day at 12:30 - 1:30 p.m. Light lunch will be served .",neutral,Sentences_75Agree.txt
The aim is to develop open-source application solutions .,neutral,Sentences_75Agree.txt
"The Annual General Meeting approved a dividend of EUR 0.10 per share , that is , a total of EUR 7,8 million .",neutral,Sentences_75Agree.txt
"The Annual General Meeting approved that the yearly remuneration for the members of the Board of Directors shall remain at EUR 40.000 for the Chairman of the Board , EUR 30.000 for the Deputy Chairman of the Board and EUR 20.000 for other members of the Board .",neutral,Sentences_75Agree.txt
"The board machine , which will have a wire width of 6.25 m and a design speed of 900 m-min , will produce close to 1,400 tonnes of folding boxboard per day .",neutral,Sentences_75Agree.txt
The board of directors also proposed that a dividend of EUR0 .20 per outstanding share be paid .,neutral,Sentences_75Agree.txt
"The change in holdings in accordance with Chapter 2 , Section 9 of the Finnish Securities Markets Act is described below .",neutral,Sentences_75Agree.txt
"The company also appointed Leif Rosen head of the Special Plate unit which includes the quarto plate units in Degerfors , Sweden , and New Castle , USA , the unit in Willich , Germany , as well as Pressplate and Prefab in Avesta and Plate Service Centre Nordic in Degerfors .",neutral,Sentences_75Agree.txt
"The company designs , manufactures and markets advanced composite products for industrial applications and consumer goods such as cross-country , alpine and Nordic Walking poles , floorball sticks and antenna radomes .",neutral,Sentences_75Agree.txt
The company had hoped the new plant would be on stream by the end of 2008 .,neutral,Sentences_75Agree.txt
"The company is owned by the State of Finland and the European Aeronautic Defense and Space Company EADS N.V. Tekla is an international software company that provides solutions for building and construction , energy distribution and municipalities .",neutral,Sentences_75Agree.txt
The company pledged that the new software would render e-mails and other documents much as they appear on desktop computers .,neutral,Sentences_75Agree.txt
"The company said Offshore segment represented 43 % of the total marine engines orders for the July-September 2010 period , Merchant 33 % , Special vessels 18 % , and Cruise and Ferry , and Ship Design -- 2 % and 3 % , respectively .",neutral,Sentences_75Agree.txt
"The company said that currently the French distribution unit Ragot is located in Loudeac , Normandy , the distribution unit Waterqueen and line supplier Tortue in Saint Marcel in mid-France and the hook manufacturing unit VMC and hook distribution unit VMC Europe in Morvillars .",neutral,Sentences_75Agree.txt
"The construction of a large woodworking facility in the Sheksna district of the Vologda Region , in northwest Russia , will begin in 2009 , and the plant will start production in 2011 .",neutral,Sentences_75Agree.txt
"The contract consists of a new building with an area of 18,000 sq m and renovation of the existing buildings .",neutral,Sentences_75Agree.txt
"The contractor of the shopping center , China State Construction Engineering Corporation , has previously built e.g. airports , hotels and factories for large international customers in different parts of the world .",neutral,Sentences_75Agree.txt
"The contracts awarded to date , in connection with the system , amount to a total EUR 36 million .",neutral,Sentences_75Agree.txt
The corrected chapter is in its entirety below .,neutral,Sentences_75Agree.txt
The deal was worth about EUR 1.2 mn .,neutral,Sentences_75Agree.txt
"The device offers multimedia performance along with a host of productivity applications , including live stock prices .",neutral,Sentences_75Agree.txt
The event can also be viewed as a live audio webcast at www.ahlstrom.com .,neutral,Sentences_75Agree.txt
The event can also be viewed as a live webcast at www.cargotec.com .,neutral,Sentences_75Agree.txt
The investment will be worth approximately EUR 100mn .,neutral,Sentences_75Agree.txt
The mill is concentrating on getting the supercalendered line running satisfactorily before restarting its older newsprint line .,neutral,Sentences_75Agree.txt
"The most important export markets are Norway , Germany , Russia and France .",neutral,Sentences_75Agree.txt
"The new system , which will include 60 MC3090 PDAs from Motorola , to be used by 60 Poundstretcher operatives across 3 shifts , will integrate in real-time with the company s existing Warehouse Management System , Aldata G.O.L.D Stock , which went live in May 2008 .",neutral,Sentences_75Agree.txt
The number of customers is one of the most important parameters in determining the price of electricity networks .,neutral,Sentences_75Agree.txt
The order was valued at over EUR15m .,neutral,Sentences_75Agree.txt
The order was valued at USD12 .2 m.,neutral,Sentences_75Agree.txt
The order was worth EUR 8mn .,neutral,Sentences_75Agree.txt
The organization that is a member of the Russian auto sector union MPRA has become active since Tikkurila acquired Russian paint company Kraski Teks in 2006 .,neutral,Sentences_75Agree.txt
"The outsourced Scan and Capture solutions transfer paper invoices into electronic format , and Basware Business Transactions Service allows the customer to receive and send invoices in an electronic format .",neutral,Sentences_75Agree.txt
"The parties have also agreed that L+ñnnen Tehtaat has the right to sell the remaining shares in Suomen Rehu to Hankkija-Maatalous 15 months after the purchase of the majority holding , at the earliest .",neutral,Sentences_75Agree.txt
The potential acquirer is Cencorp Corporation which is a related entity to SAV owing to each of SAV and Cencorp being a subsidiary of the Finnish Savcor Group Oy .,neutral,Sentences_75Agree.txt
"The prerequisite for inclusion in the program and for receipt of any gains is that key employees acquire Aspo shares to the amount determined by the Board in advance , in the maximum .",neutral,Sentences_75Agree.txt
"The record date for dividend distribution is March 14 , 2008 .",neutral,Sentences_75Agree.txt
"The Samsung Mobile Applications Store was launched in January 2009 by Samsung Mobile Innovator , a program which enables mobile software developers to create applications for use across Samsung mobile devices .",neutral,Sentences_75Agree.txt
The second-quarter net sales are expected to be on par with the first quarter of 2009 .,neutral,Sentences_75Agree.txt
The solid fuel is heated before sludge is mixed therein . '',neutral,Sentences_75Agree.txt
"The study evaluated the safety , tolerability and pharmacokinetics of repeated doses of intravenously administered antibody in 26 patients with active plaque psoriasis .",neutral,Sentences_75Agree.txt
"The total donation amount is EUR 1,115,000 .",neutral,Sentences_75Agree.txt
"The total investment necessary will be EUR40m , the company estimated .",neutral,Sentences_75Agree.txt
The total project duration is three years and it is valued at some EUR11 .5 m.,neutral,Sentences_75Agree.txt
"The total scope of the project is about 38,000 square metres and it is valued at a total of around EUR75m .",neutral,Sentences_75Agree.txt
"They are responsible for their own operations , customer relationships , and the development of these .",neutral,Sentences_75Agree.txt
"This implementation is very important to the operator , since it is about to launch its Fixed-to-Mobile convergence service in Brazil see Brazil : 8 May 2006 : .",neutral,Sentences_75Agree.txt
This organization will assume the responsibility for operations in Russia .,neutral,Sentences_75Agree.txt
"Thus the group 's balance sheet will have about EUR 25.8 million of goodwill , the company added .",neutral,Sentences_75Agree.txt
"Thus the group 's balance sheet will have about EUR25 .8 m in goodwill for 2010 , the company added .",neutral,Sentences_75Agree.txt
Timo Penttila has been appointed new manager responsible for the asset management of Nordea 's institutional customers in Finland .,neutral,Sentences_75Agree.txt
To raise consumer awareness and encourage people to recycle their old mobile devices Nokia runs regular recycling campaigns around the world .,neutral,Sentences_75Agree.txt
"To see more of New Haven Register , or to subscribe to the newspaper .",neutral,Sentences_75Agree.txt
"To showcase our end-to-end capabilities at the Mobile World Congress , we arranged an internal MeeGo application development competition to entice developers to create new applications .",neutral,Sentences_75Agree.txt
Together they generate Aspo 's goodwill .,neutral,Sentences_75Agree.txt
"Trading in the new shares , which have right to dividends and other distributions of funds , will start on the exchange in Helsinki tomorrow .",neutral,Sentences_75Agree.txt
UNC Charlotte would also deploy SSH Tectia Connector to enable secure application connectivity .,neutral,Sentences_75Agree.txt
"UPM-Kymmene www.upm-kymmene.com produces magazine papers and newsprint , as well as fine and specialty papers , converting materials and wood products .",neutral,Sentences_75Agree.txt
"Wayne Greensmith , Fiskars Brands UK senior brand manager , said : `` We have launched this as we want to give something back to the community .",neutral,Sentences_75Agree.txt
"VDW combined with LXE devices enhances productivity , enabling workers to use a single device to perform voice , scanning and keyboard functions .",positive,Sentences_75Agree.txt
We make available the following brand-new market analyses : Cement - UK Cement - Poland Cement - Belgium These analyses give a clear overview of the actual situation and future outlook of the cement industry in some European countries .,neutral,Sentences_75Agree.txt
"We went to the market with yield guidance of the 7.25 % area , which gave us the flexibility to go up or down by 1-8th .",neutral,Sentences_75Agree.txt
"Vehvilainen , who is currently the chief operating officer at Nokia Siemens Networks , will join Finnair on 5 January 2010 and take over as CEO effective 1 February 2010 .",neutral,Sentences_75Agree.txt
"When new types of network elements are added to the network , the conversion file is updated by adding the information required for converting the message format of the new network element type to the format understood by the management system .",neutral,Sentences_75Agree.txt
"Yara Suomi Ltd also provides nitrogen chemicals and technical nitrates to various sectors of industry , as well as products used in environmental protection .",neutral,Sentences_75Agree.txt
"A Flurry Analytics spokesperson said that , as it was only measuring Windows Phone 7 data for some weeks , the firm double-checked the data to make sure the 66 per cent rise was not an aberration .",neutral,Sentences_75Agree.txt
"Net sales of Finnish Sanoma Learning & Literature , of Finnish media group Sanoma , decreased by 3.6 % in January-June 2009 totalling EUR 162.8 mn , down from EUR 168.8 mn in the corresponding period in 2008 .",negative,Sentences_75Agree.txt
"JP Morgan expects that Scala will lower Nobel Biocare 's growth forecast for 2007 from the current guidance of 23-25 pct , as well as the operating margin target from the current 34-35 pct .",negative,Sentences_75Agree.txt
"Furthermore , sales of new passenger cars and light commercial vehicles in the country declined by 5.4 % year-on-year last month .",negative,Sentences_75Agree.txt
"Profitability ( EBIT % ) was 13.6 % , compared to 14.3 % in Q2 2009 .",negative,Sentences_75Agree.txt
"Several large stocks tacked lower , however .",negative,Sentences_75Agree.txt
"The company booked April-June new orders worth 949 mln eur , compared with 786 mln eur in the same period a year ago .",positive,Sentences_75Agree.txt
Sales of mid-strength beer decreased by 40 % .,negative,Sentences_75Agree.txt
EuroChem Head of Corporate Finance Alexander Gavrilov said : `` I am pleased that we have once again confirmed that EuroChem is able to attract long-term funds at attractive rates .,positive,Sentences_75Agree.txt
"We are honored to be acknowledged for our commitment to the industry , especially in Asia Pacific . ''",positive,Sentences_75Agree.txt
"`` Following last year 's good profit development , we have entered the current year in a good position .",positive,Sentences_75Agree.txt
"HELSINKI (Thomson Financial)- Kemira GrowHow swung into profit in its first quarter earnings on improved sales , especially in its fertilizer business in Europe , which is normally stronger during the first quarter .",positive,Sentences_75Agree.txt
"Finnish lifting equipment maker Kone Oyj said on October 4 , 2007 it won an order worth 15 mln euro $ 21.2 mln to deliver a total of 53 custom designed elevators to Norwegian shipbuilder Aker Yards ASA .",positive,Sentences_75Agree.txt
It will focus on improving its profitability next year by streamlining operations .,positive,Sentences_75Agree.txt
"MD Henning Bahr of Stockmann Gruppen praises the trend , since the chains become stronger and their decision-making processes more clear .",positive,Sentences_75Agree.txt
The company will enhance the GPRS capability in the existing 12 IDEA telecom service areas and add 10 more service areas to its network .,positive,Sentences_75Agree.txt
The company will make its marketing and sales investments initiated in 2009 even more efficient in 2010 .,positive,Sentences_75Agree.txt
"The stock is trading above both its MAPs and the 50-day MAP of SEK72 .983 is higher than the 200-day MAP of SEK70 .283 , a bullish indicator .",positive,Sentences_75Agree.txt
ABB Deutsche Bank upgraded its recommendation on Swiss-Swedish engineering group ABB Ltd. to ` Buy ' from ` Hold ' .,positive,Sentences_75Agree.txt
"`` I am very pleased and proud of our performance last year , '' Chief Executive Juha Rantanen said in a statement .",positive,Sentences_75Agree.txt
`` Our design team has long admired Marimekko 's vivid patterns and colors .,positive,Sentences_75Agree.txt
"`` Overall , we 're pleased with the startup curve ... and we 're pleased with the quality of the paper , '' Stora spokeswoman Patricia Dietz said Tuesday .",positive,Sentences_75Agree.txt
`` We are pleased with the efforts of both negotiating teams and look forward to a productive four years ahead . '',positive,Sentences_75Agree.txt
"`` We are very pleased to be working with Fujitsu and NTT DoCoMo to advance the progress of LTE , '' said Juergen Walter , Head of Converged Core , Nokia Siemens Networks .",positive,Sentences_75Agree.txt
A memorandum of understanding on cooperation between the Finnish Global Chemical Company KEMIRA and Vietnam National Chemicals Group ( Vinachem ) was signed on this occasion .,positive,Sentences_75Agree.txt
EuroChem CFO Andrey Ilyin said : `` This facility marks another important step for EuroChem in securing the long-term financing necessary for our potash and other strategic projects '' .,positive,Sentences_75Agree.txt
"HELSINKI ( Thomson Financial ) - Kone said it has won four orders in Saudi Arabia , United Arab Emirates and Qatar worth 40 mln eur .",positive,Sentences_75Agree.txt
"( ADP News ) - Finnish handling systems provider Cargotec Oyj ( HEL : CGCBV ) announced on Friday it won orders worth EUR 10 million ( USD 13.2 m ) to deliver linkspans to Jordan , Morocco and Ireland .",positive,Sentences_75Agree.txt
Merrill Lynch analyst Campbell Morgan upgraded his recommendation on PaperlinX from `` neutral '' to `` buy '' in May .,positive,Sentences_75Agree.txt
"OUTOTEC OYJ PRESS RELEASE , FEBRUARY 19 , 2008 AT 11.00 AM Outotec has won two large minerals processing technology orders from Mirabela Mineracao do Brasil Ltda , Brazil and from Cumerio Med JSCo , Bulgaria .",positive,Sentences_75Agree.txt
"Outotec said it won new orders worth 492.9 mln eur during the quarter , compared with 240.4 mln eur a year earlier .",positive,Sentences_75Agree.txt
Raute said it has won an order worth around 15 mln eur to supply several plywood production lines to mills operated by Russian wood products company Sveza Group .,positive,Sentences_75Agree.txt
"SysOpen Digia Plc , Press release , 7 February 2006 IBM Finland has rewarded its most distinguished partner companies for 2005 .",positive,Sentences_75Agree.txt
"The brokerage said 2006 has seen a ` true turning point ' in European steel base prices , with better pricing seen carrying through the second quarter of 2006 .",positive,Sentences_75Agree.txt
The concept enables a commercially affordable way to manufacture high-quality TCO coated glass for the solar industry .,positive,Sentences_75Agree.txt
The purpose of this action is to ensure company 's cost effectiveness this year and in the near future .,positive,Sentences_75Agree.txt
"This location makes the mall a convenient place to shop for consumers from three large residential areas nearby : Jaroszowka , Wysockiego and Zgody .",positive,Sentences_75Agree.txt
"Tieto offers Aktia a good foundation and the required support services for implementing the update project , ' says Juha Volotinen , responsible for Aktia 's web services .",positive,Sentences_75Agree.txt
"We are glad that our long co-operation with SODRA continues '' , comments Stig-Goran Sandberg , Affecto 's Area Manager for Baltic operations .",positive,Sentences_75Agree.txt
"`` Lining stone sales were also good in the early autumn , and order books are strong to the end of the year .",positive,Sentences_75Agree.txt
"`` This vessel order will help Aspo secure the long-term competitiveness of its fleet , both in terms of technology and pricing .",positive,Sentences_75Agree.txt
15 December 2010 - Finnish-German telecoms equipment maker Nokia Siemens Networks said today it won a contract to upgrade the radio network of home-based telecommunications company Elisa Oyj HEL : ELI1V .,positive,Sentences_75Agree.txt
Finnish KCI Konecranes has been awarded an order for four hot metal ladle cranes by Indian steel producer Bhushan Steel & Strips to be delivered in 2007 .,positive,Sentences_75Agree.txt
Finnish Raute Precision has won large glass batch plant and mortar plant orders from Mexico and the US .,positive,Sentences_75Agree.txt
"Vaahto Pulp & Paper , of Finnish Vaahto Group , has been awarded an order to renovate Finnish-Swedish forest industry company Stora Enso 's paperboard machine at the Ingerois Board Mill in Finland .",positive,Sentences_75Agree.txt
"Combining the two producers will create a strong EU-based fertilizer industry capable of meeting global competition , they added .",positive,Sentences_75Agree.txt
"Finnish IT solutions provider Affecto Oyj said today that it has won a frame contract , valued at some EUR2m , to implement the next phase of its insurance application for South African Mutual & Federal Insurance Company Limited M&F .",positive,Sentences_75Agree.txt
HELSINKI AFX - KCI Konecranes said it has won an order for four hot metal ladle cranes from Indian steel producer Bhushan Steel and Strips Ltd. .,positive,Sentences_75Agree.txt
HELSINKI AFX - Outokumpu said its technology unit has won a 28 mln eur contract from Bosnia-Herzegovina 's Aluminij dd Mostar to upgrade an anode plant .,positive,Sentences_75Agree.txt
"However , the bottom-line result improved thanks to positive financial items .",positive,Sentences_75Agree.txt
"Kesko Agro Lietuva , the agricultural machinery and grain trader and another member of the Kesko Group , boosted its sales by 42.9 percent to 13.4 million euros , VAT inclusive .",positive,Sentences_75Agree.txt
"Lee & Man Paper and Metso have a long and prosperous co-operation , a good example of which are the Changshu and Hongmei kraftliner machines delivered earlier .",positive,Sentences_75Agree.txt
"London 's leading shares today jumped almost 100 points , or 1.7 % , as the market opened .",positive,Sentences_75Agree.txt
"Mika Stahlberg , VP F-Secure Labs , said , `` We are excited and proud that F-Secure has been recognized by AV-Comparatives as the Product of the Year .",positive,Sentences_75Agree.txt
"The Ministry of Water in Tanzania has awarded Poyry a water and sanitation engineering assignment for the rehabilitation and extension of water supply and sanitation infrastructure in Bukoba and Musoma , situated at Lake Victoria in northern Tanzania .",positive,Sentences_75Agree.txt
The policy was also aimed at making the companies more profitable and competitive .,positive,Sentences_75Agree.txt
"The three year turn-around program is expected to ensure Salomon 's future competitiveness , the company said .",positive,Sentences_75Agree.txt
"We are very pleased with the fine co-operation between the two countries in recent times , he said .",positive,Sentences_75Agree.txt
"Finland 's leading metals group Outokumpu said its fourth-quarter net profit more than tripled on the back of strong global demand for stainless steel , soaring base metal prices and proceeds from the sale of its technology unit .",positive,Sentences_75Agree.txt
"Neste Oil Corporation is a refining and marketing company concentrating on clean , high-quality traffic fuels .",neutral,Sentences_75Agree.txt
"The company has the poser , who wants to impress people with the latest handset .",neutral,Sentences_75Agree.txt
"`` We are delighted to announce our support for Intel based handheld platforms , the capabilities of which have made our development easier and faster .",positive,Sentences_75Agree.txt
"According to Bosse , the present cooperation is beneficial to all parties , however .",positive,Sentences_75Agree.txt
Finnish insurance company Fennia and Kesko Group are ending their loyal customer cooperation .,negative,Sentences_75Agree.txt
According to an  posted by the World Intellectual Property Organization : `` The present invention relates to hydrocarbons and particularly to the manufacture of hydrocarbon components suitable as aviation fuels or jet fuels and as blending stocks for aviation fuels .,neutral,Sentences_75Agree.txt
And that 's exactly what happened on a recent weekday when an East Haven baker was brought in to remind residents about the Easter tradition of making wheat and rice pies .,neutral,Sentences_75Agree.txt
Any investment or investment activity to which this communication relates is only available to relevant persons and will be engaged in only with relevant persons .,neutral,Sentences_75Agree.txt
"Fortum needs a clear signal of commitment from the Government that the permit is available before the company will start the next round , Kuula says .",neutral,Sentences_75Agree.txt
Swiss franc surged to record 1.42 euros after it reported sharpest gain in manufacturing in March .,positive,Sentences_75Agree.txt
"The add-on order contains , among others , control valves and instrumentation as well as complete mill engineering and electrification with Metso drive controls .",neutral,Sentences_75Agree.txt
The indexes include the top companies that are committed to sustainable development .,neutral,Sentences_75Agree.txt
The repurchase of the bonds was executed in the open market in accordance with section 7 f of the terms and conditions of the Convertible Bonds .,neutral,Sentences_75Agree.txt
"`` We are delighted to welcome Elisa to our Board of Directors , '' said Garry McGuire , CEO of RMG Networks .",positive,Sentences_75Agree.txt
"Finnish newspaper publisher Sanoma , of media group SanomaWSOY , is merging its free sheets Uutislehti 100 and Metro as of mid-September 2008 to form a new free sheet to be named Metro .",neutral,Sentences_75Agree.txt
Finnish Raute Precision that supplies weighing and dosing systems and plants is changing its name to Lahti Precision .,neutral,Sentences_75Agree.txt
"Finnish Suominen Corporation that makes wipes , nonwovens , and flexible packaging , has a plant near Warsaw , in Poland , that makes flexible packaging .",neutral,Sentences_75Agree.txt
The representative body of Swedish Meats approved an improved offer from Finnish HK Ruokatalo to acquire the company .,positive,Sentences_75Agree.txt
Active shipping is essential for Finland .,neutral,Sentences_75Agree.txt
"CompaniesandMarkets.com provides a wide range of research reports , industry statistics and competitive intelligence on the industrial sector .",neutral,Sentences_75Agree.txt
Finnish electronics manufacturer PKC Group Oyj ( OMX Helsinki : PKC1V ) said on Wednesday ( 31 December ) that it has completed the acquisition of MAN Nutzfahrzeuge AG 's cable harness business from MAN Star Trucks & Buses Spolka zoo in Poland .,positive,Sentences_75Agree.txt
"France T+®l+®com spent more time studying TeliaSonera than other potential takeover targets because it has a shareholder that wants to sell , Pellissier said .",neutral,Sentences_75Agree.txt
F-Secure Online Backup automatically protects all the content stored on a computer or smartphone by making a copy of the content to an online location .,neutral,Sentences_75Agree.txt
He said things will be different when new Finnish nuclear power stations go into operation and the large hydro powered stations of northern Europe have a good year .,neutral,Sentences_75Agree.txt
Honkarakenne Oyj - a world-leading manufacturer of genuine wooden homes - will be sponsoring Finnish crosscountry skier Virpi Kuitunen for the next three years .,neutral,Sentences_75Agree.txt
"I am looking forward to contribute to SRV 's success with my competence '' , says Taneli Hassinen .",positive,Sentences_75Agree.txt
"Of Bavelloni 's and NST 's joint ventures , Bavelloni Tools , completes semiproducts that are produced in Italy into high-quality tools that will be sold under the DiaPol brand .",neutral,Sentences_75Agree.txt
"So far the company has awarded more than $ 350,000 worth of tools and materials .",neutral,Sentences_75Agree.txt
"Supported Nokia phones include : N96 , N95-8GB , N95 , N93-N931 , N92 , N85 , N82 , N81 , N80 , N79 , N78 , N77 , N76 , N75 , N73 , N72 , N71 , E90 , E71 , E70 , E66 , E65 , E62 , E61-E61i , E60 , E51 , E50 , Touch Xpress 5800 , 6220 Classic , 6210 Navigator , 6120 Classic , 6110 Navigator , 5700 , 5500 , 5320XM .",neutral,Sentences_75Agree.txt
"The machine will have an annual production capacity of 200,000 tonnes of super-calendered magazine paper and other paper grades based on recovered fiber , Stora Enso said .",neutral,Sentences_75Agree.txt
The Moscow Metro ( www.mosmetro.ru ) was the first metro system in Europe to implement smart cards together with a new type of magnetic card in 1998 .,neutral,Sentences_75Agree.txt
"The total scholarship amount was 40,000 euros and the recipients were chosen on the recommendation of fine arts universities and sports associations .",neutral,Sentences_75Agree.txt
The tower 's engineers have created an 18 degree westward lean - four times the inclination on the Leaning Tower of Pisa - using diagrid structures that are aligned geometrically using Tekla Structures BIM ( Building Information Modeling ) software .,neutral,Sentences_75Agree.txt
"While I cant understand what theyre saying , its impressive to watch him hit that ball at those speeds .",neutral,Sentences_75Agree.txt
`` People who enjoy mobile games are often the same customers who enjoy experimenting with new mobile services and content .,neutral,Sentences_75Agree.txt
"An  of the invention , released by the Patent Office , said : `` A non-coherent search matrix is formed of said correlation function matrix .",neutral,Sentences_75Agree.txt
"As with other stakeholders , COMPTEL has been involved in the workshops , meetings and filed comments on the issues of greatest importance to the competitive sector of our industry .",neutral,Sentences_75Agree.txt
"City24 users can search for homes and properties in all areas where City24 is active , even outside their own country .",neutral,Sentences_75Agree.txt
"Enclosed is Affecto 's call for Extraordinary General Meeting to be held on July 10th where the main agenda is to approve the authorization to the Board for the proposed share issue related to the Component Software acquisition , and to elect Haakon Skaarer to the Affecto board .",neutral,Sentences_75Agree.txt
"LIGHTS OUT Before curfew , curl up with the latest bestseller and treat your eyes to the perfect reading light from Luceplan .",neutral,Sentences_75Agree.txt
"Luxembourg-registered investment fund Amber Trust II has won the final approval of Lithuania 's Competition Council to acquire 29.6 percent of Sanitas , the country 's largest pharmaceutical producer .",positive,Sentences_75Agree.txt
"Patrick Jeambar will also continue being responsible for Innovation and Health , safety and environment HSEA functions of Ahlstrom Corporation .",neutral,Sentences_75Agree.txt
Sanoma Corporation wants a new and better frequency for the Helsinki metropolitan area .,neutral,Sentences_75Agree.txt
"Sanoma Learning & Literature , offering print and digital learning materials , is present in eleven countries .",neutral,Sentences_75Agree.txt
The Commission is to be applauded for applying a fact-based and data-driven approach and for providing clarity for future petitions .,positive,Sentences_75Agree.txt
"The Costanza light , with an aluminum base and washable shade , comes in white , pistachio , orange , blue and red .",neutral,Sentences_75Agree.txt
"The method utilises waterborne Ultra products , giving protection to wooden surfaces in an industrial painting process whereby two layers of top coat are applied on exterior wooden panels and boards without a separate primer .",neutral,Sentences_75Agree.txt
"The process , technology , project management , basic engineering and quality assurance within Forest Industry will be consolidated in Vantaa , southern Finland .",neutral,Sentences_75Agree.txt
"The tests , conducted at Nokia Siemens ' LTE center of competence in Espoo , Finland , follow the company 's production start of LTE-ready Flexi Multiradio Base Stations for the 800 MHz band in April 2010 , and complement earlier tests with Nokia on the 2100 MHz and 2600 MHz bands .",neutral,Sentences_75Agree.txt
The tool is a patent pending design that allows consumers to lay out their entire project on a removable plate using multiple clear stamps of any kind .,neutral,Sentences_75Agree.txt
The use case dramatically narrows if you go only with the hot s Ltd.,neutral,Sentences_75Agree.txt
"Thus , SysOpen Digia has , in accordance with Chapter 14 Section 21 of the Finnish Companies Act 29.9.1978 - 734 , obtained title to all the shares of Sentera that are to be redeemed .",neutral,Sentences_75Agree.txt
Today the orange scissors are the iconic symbol of the excellent ergonomic design and superior quality associated with every product from Fiskars .,neutral,Sentences_75Agree.txt
"Weber convinced his friend Ray Ostrom , who owned a Lake Street sporting goods store , to sell the lures .",neutral,Sentences_75Agree.txt
"Shares in Royal and Sun Alliance continued to slide back from a 12-month high of 172p last month , after a potential suitor ruled itself out of a takeover bid .",negative,Sentences_75Agree.txt
"Managing Director 's comments : `` Net sales for the first quarter were notably lower than a year before , especially in Finland , Russia and the Baltic countries .",negative,Sentences_75Agree.txt
"Sales climbed 19.2 pct to 1.002 bln eur , surpassing the 953 mln eur consensus figure .",positive,Sentences_75Agree.txt
"Suominen Corporation estimates that the cost-cutting program that started in autumn 2005 , higher sales prices , and expected growth in volume of Wet Wipes , will make the company 's operations more profitable .",positive,Sentences_75Agree.txt
"In a release , the Company said that Vocollect T2 customers in North America can now take advantage of its Voice Directed Warehousing solution and increase warehouse efficiency and productivity gains at a discounted price .",positive,Sentences_75Agree.txt
Finnish OKO bank has signed a cooperation agreement with Raiffeisen concerning Finnish companies ' investments in Russia .,positive,Sentences_75Agree.txt
"Cooper SH , the UK distributor for lift equipment manufacturer Konecranes , won the five-year deal which involves low maintenance and fuel saving technologies .",positive,Sentences_75Agree.txt
This is a much better process than using virgin paper as it requires less transportation of wood pulp from places like Finland and Canada .,positive,Sentences_75Agree.txt
"After the reporting period , BioTie North American licensing partner Somaxon Pharmaceuticals announced positive results with nalmefene in a pilot Phase 2 clinical trial for smoking cessation .",positive,Sentences_75Agree.txt
"`` This is a significant milestone for Benefon , helping us to secure critical USP 's for our personal navigation product roadmap for 2007 and beyond , '' commented Simon Button , Chief Technology Officer at Benefon .",positive,Sentences_75Agree.txt
"18 May 2010 - Finnish electronics producer Elcoteq SE HEL : ELQAV said today that it has signed an extensive cooperation agreement on industrialisation , manufacturing , distribution and after-market services for mobile phones with Japan 's Sharp TYO : 6753 .",positive,Sentences_75Agree.txt
"Investors will continue being interested in the company 's share although it is not quite cheap , Affarsvarlden said .",positive,Sentences_75Agree.txt
"`` Each year , personal entertainment plays a more significant role in determining whether a fitness facility 's workout experience is pleasurable or a chore , '' said Brian Wilson , director of marketing for Precor 's Entertainment & Services Division .",neutral,Sentences_75Agree.txt
Finland 's dominating rail company VR is planning to set the infected passengers for long-distance trip in a separate carriage .,neutral,Sentences_75Agree.txt
The agreement must be approved by the Russian competition authorities before it enters into force .,neutral,Sentences_75Agree.txt
The total amount of subscription prices was recorded in the fund for invested non-restricted equity .,neutral,Sentences_75Agree.txt
"Before Kemira 's installation NordAlu was producing 3,500 tons of liquid and solid aluminum waste per year .",neutral,Sentences_75Agree.txt
"It started with software that was capable of retrieving the data typed into the computer keyboard ( `` keyloggers '' ) , and then more complex mechanisms arrived on the scene , such as phishing and pharming .",neutral,Sentences_75Agree.txt
Mr Skogster currently serves as the manager responsible for ABB Oy 's system modules for low voltage drives .,neutral,Sentences_75Agree.txt
"The Finnish company sold its UK operation - consisting of 50 staff in offices in London , Birmingham and Manchester - as part of a deal with Hampden in July 2001 for its European-wide property and casualty arm Sampo Industrial .",neutral,Sentences_75Agree.txt
- Counter your competitor 's strengths and target their weaknesses .,neutral,Sentences_75Agree.txt
Aspocomp has a large factory in China and a factory building project in India that was halted due to financing problems .,negative,Sentences_75Agree.txt
"Founded in 2000 , BioView automates laboratory tests , especially diagnostic tests for cancer .",neutral,Sentences_75Agree.txt
It inspects the companys strategic strengths and weaknesses .,neutral,Sentences_75Agree.txt
"It 's even a little bit higher than Yara 's multiples on itself , ' an analyst in Helsinki said .",neutral,Sentences_75Agree.txt
"Kesko offers Hilton to open a hotel on Kalinisky prospect in a 18,000-square metres building because of these difficulties .",neutral,Sentences_75Agree.txt
"The five-storey , eco-efficient building will have a gross floor area of about 15,000 sq m. It will also include apartments .",neutral,Sentences_75Agree.txt
"The Stena Poseidon is a so-called Panamax tanker , designed to be able to pass through the narrow passages in the Panama Canal 's locks .",neutral,Sentences_75Agree.txt
"Markets had been expecting a poor performance , and the company 's stock was up 6 percent at  x20ac 23.89 US$ 33.84 in early afternoon trading in Helsinki .",positive,Sentences_75Agree.txt
"Excluding non-recurring items , pre-tax profit surged 45 % to EUR80m .",positive,Sentences_75Agree.txt
"ADP News - Feb 13 , 2009 - Finnish retailer Kesko Oyj HEL : KESBV said today its total sales , excluding value added tax VAT , stood at EUR 661.3 million USD 853.1 m in January 2009 , down 15.2 % year-on-yea",negative,Sentences_75Agree.txt
The low capacity utilisation rate in steel production considerably increases the fixed costs per unit of steel produced .,negative,Sentences_75Agree.txt
"Talentum expects that the net sales of its core business will increase in 2008 , compared to 2007 .",positive,Sentences_75Agree.txt
"In China , Finnish Kone that provides elevators , escalators , and solutions for modernisation and maintenance will build 342 escalators that will be installed in a high-speed railway section between Beijing and Shanghai in a 1.5 years ' time .",positive,Sentences_75Agree.txt
"According to PKC , the acquisition would bring a significant addition to PKC 's customer base .",positive,Sentences_75Agree.txt
Aspo 's net sales in 2006 totaled EUR 225.9 million .,neutral,Sentences_75Agree.txt
"At the end of the review period , Nordic Aluminium 's order book stood at EUR 8.77 mn compared to EUR 7.04 in 2005 .",positive,Sentences_75Agree.txt
Both the net sales and operating profit were record high in the company 's history .,positive,Sentences_75Agree.txt
E 's building system service had revenue of EUR 355 mln in 2007 .,neutral,Sentences_75Agree.txt
Export accounts for about one tenth of the company 's annual turnover of one billion kroons .,neutral,Sentences_75Agree.txt
"Favourable currency rates also contributed to higher net sales , '' CEO Kari Kauniskangas said .",positive,Sentences_75Agree.txt
"Fiskars , a 360-year-old global business best known for its orange-handled scissors , expects to derive synergies of EUR5 million a year by consolidating certain parts of the housewares division where the two compete .",positive,Sentences_75Agree.txt
"For 2009 , Incap expects revenue of some EUR 70 million .",neutral,Sentences_75Agree.txt
"Full-year net sales are expected to increase by approximately 10 % , the company said .",positive,Sentences_75Agree.txt
"In 2006 the company 's net sales amounted to approximately EUR259m and it has some 8,000 employees .",neutral,Sentences_75Agree.txt
"In 2009 , KONE had annual net sales of EUR 4.7 billion and approximately 34,000 employees .",neutral,Sentences_75Agree.txt
"in Q1 '10 19 April 2010 - Finnish forest machinery and equipment maker Ponsse Oyj HEL : PON1V said today that it expects to swing to a net profit of some EUR6 .3 m in the first quarter of 2010 , from an EUR9 .6 m loss a year earlier .",positive,Sentences_75Agree.txt
"In the beginning of this year , Wartsila had secured an order to deliver four gas-fuelled main engines and propulsion machinery for the same vessel .",positive,Sentences_75Agree.txt
"In the second quarter of 2009 , net sales through operator business partners represented 47 % of the Group 's total net sales .",neutral,Sentences_75Agree.txt
"India 's trade with Russia currently stands at four billion dollars , growing 9.6 per cent in fiscal 2007 .",positive,Sentences_75Agree.txt
International operations accounted for over 80 % of net sales .,neutral,Sentences_75Agree.txt
"Latin America currently accounts for approximately 40 % of sales at Finnish BSS-OSS and VAS supplier for telecoms operators Tecnotree , company president and CEO Eero Mertano told BNamericas .",neutral,Sentences_75Agree.txt
"Lithuanian beer makers sold 256.88 million liters of beer in 2005 , a rise of 4.5 per cent from the year-earlier figure of 245.92 million liters .",positive,Sentences_75Agree.txt
Loss after taxes amounted to EUR 1.2 mn compared to a loss of 2.6 mn .,positive,Sentences_75Agree.txt
"Net sales in 2010 were about EUR 2.0 billion , of which international operations accounted for roughly a quarter .",neutral,Sentences_75Agree.txt
Net sales revenue per passenger is expected to increase .,positive,Sentences_75Agree.txt
"Nokia OYJ 's production site at Bochum , Germany , posted profit before interest of 134 mln eur for 2007 , Capital reported in an excerpt of an article to be released tomorrow , citing internal documents .",neutral,Sentences_75Agree.txt
Operating profit for the quarter April-June 2006 amounted to EUR42 .9 m on net sales of EUR156 .3 m.,neutral,Sentences_75Agree.txt
Poyry 's net sales in 2007 amounted to about EUR 720 million and it employs 7400 experts .,neutral,Sentences_75Agree.txt
Return on investment was 16.6 % compared to 15.8 % in 2004 .,positive,Sentences_75Agree.txt
Roshan 's net sales in 2006 were $ 191 million and EBITDA was $ 66.5 million .,neutral,Sentences_75Agree.txt
Self-service and automation are in a bigger role now and Fujitsu 's global resources will be exploited effectively .,positive,Sentences_75Agree.txt
"The Board of Directors proposes to the Shareholders ' Meeting on 18 March 2010 that the company would pay dividend for the financial year January 1 - December 31 , 2009 , EUR 0.02 per share .",neutral,Sentences_75Agree.txt
"The company , employing 6,400 , reported net sales of 620 mln euro $ 823.2 mln for 2006 .",neutral,Sentences_75Agree.txt
The company moved to an operating profit of EUR10 .9 m versus an operating loss of EUR15 .3 m. It also turned to EPS of EUR0 .08 versus loss per share of EUR0 .04 .,positive,Sentences_75Agree.txt
"The company reported net sales of EUR550m in 2005 and had some 3,200 employees .",neutral,Sentences_75Agree.txt
The company 's net sales in 2010 totalled MEUR 311.4 with an operating margin of 13.9 per cent .,neutral,Sentences_75Agree.txt
"The company will pay a dividend of EUR 0.50 per share , a total of EUR 14mn .",neutral,Sentences_75Agree.txt
"The estimated turnover of the new company is LVL 2,5 million EEK 40 million .",neutral,Sentences_75Agree.txt
"The Group , with net sales of EUR 235 million in 2009 , employs more than 2 000 people in 33 countries .",neutral,Sentences_75Agree.txt
The group had an order book of EUR 7.74 mn at the end of 2007 .,neutral,Sentences_75Agree.txt
The insurer anticipates its share in Nordea 's net profit to be significant .,positive,Sentences_75Agree.txt
"The item included restructuring costs of EUR1 .6 m , while a year earlier they were EUR13 .1 m. Diluted EPS stood at EUR0 .3 versus a loss per share of EUR 0.1 .",positive,Sentences_75Agree.txt
"The new office , located in Shenzhen , will strengthen Vaisala 's already 10-year old presence in China .",positive,Sentences_75Agree.txt
"The price of raw material aluminium went up at the end of 2005 , but the company considers its outlook for 2006 favourable .",positive,Sentences_75Agree.txt
"The refining margin for the year was $ 13.39 - bbl , compared to $ 10.46 - bbl in the prior year .",positive,Sentences_75Agree.txt
The value of orders on hand totaled EUR 237.1 mn .,neutral,Sentences_75Agree.txt
"Via the move , the company aims annual savings of some EUR 3 million USD 4.3 m , the main part of which are expected to be realized this year .",positive,Sentences_75Agree.txt
Viking Line manages well with its current ferries .,positive,Sentences_75Agree.txt
SCANIA Morgan Stanley lifted the share target on Swedish heavy-duty truck and bus maker Scania AB to 330 crowns ( $ 42.4 - 35.2 euro ) from 310 crowns ( $ 39.8 - 33.1 euro ) .,positive,Sentences_75Agree.txt
` Very recommendable ' is the Nokian Z G2 according to the ` ADAC judgement ' in the latest summer tyre test of the German automobile association ADAC .,positive,Sentences_75Agree.txt
`` The announced investment of the carmaker Hyundai for example sounds optimistically for us as of course new cars mean new tires . '',positive,Sentences_75Agree.txt
3 January 2011 - Finnish flag carrier Finnair Oyj ( HEL : FIA1S ) said today it sealed a nine-year sale and leaseback agreement for its newest Airbus A330 aircraft for syndication into the Japanese operating lease market .,positive,Sentences_75Agree.txt
"According to ACNielsen 's ScanTrack study for the period week 10 of 2005 to week 9 of 2006 , Coca-Cola is the market leader in soft drinks in Finland .",positive,Sentences_75Agree.txt
Finnish navigation device manufacturer Benefon that is changing its name to GeoSentric reports net sales of about EUR 1.1 mn in the second quarter of 2007 .,neutral,Sentences_75Agree.txt
Finnish Vacon has signed significant deals with Norwegian Scandinavian Electric Systems ( SES ) on the supply of AC drives .,positive,Sentences_75Agree.txt
Finnish-Swedish TietoEnator is expanding its business quickly in Russia .,positive,Sentences_75Agree.txt
"H+Ñkan Dahlstr+Âm , head of mobility services at TeliaSonera , has forecast that mobile data volume on the TeliaSonera network in Sweden will rise eight-fold to 200,000 TB by 2014 .",positive,Sentences_75Agree.txt
"According to M-real 's CEO , Mikko Helander , this transaction will enable the company to proceed swiftly with its restructuring program .",positive,Sentences_75Agree.txt
"According to Olvi 's Managing Director Lasse Aho , the company has an ongoing MMX Plus project that aims to find growth outside Finland .",positive,Sentences_75Agree.txt
Acquisitions have been made and businesses have been well integrated .,positive,Sentences_75Agree.txt
Alma Media 's net sales in 2009 totalled MEUR 307.8 with an operating margin of 13.5 per cent .,neutral,Sentences_75Agree.txt
Aspokem posted an operating profit of 2.7 mln euro ( $ 3.5 mln ) and net sales of 89.1 mln euro ( $ 116.8 mln ) in 2006 .,neutral,Sentences_75Agree.txt
"Auburn 's sales in 2007 were CAD 41 million ( approximately EUR 27 million ) , and the company employs some 150 people .",neutral,Sentences_75Agree.txt
Brazilian mobile player Telemig Celular yesterday announced that it has selected Finnish software developer Tecnomen Oyj to expand its prepaid billing system .,positive,Sentences_75Agree.txt
"Cargotec 's sales totalled EUR 3.4 billion in 2008 and it employs approximately 10,500 people .",neutral,Sentences_75Agree.txt
CORPORATE IT UPDATE - ( C ) 1995-2009 M2 COMMUNICATIONS LTD Finnish technology group Teleste Corporation ( OMX Helsinki : TLT1V ) reported on Wednesday ( 4 February ) an operating profit of EUR5 .6 m on net sales of EUR108 .7 m for the year 2008 .,neutral,Sentences_75Agree.txt
"Cost savings will then rise to some 20 mln eur a year from 2007 , OKO said .",positive,Sentences_75Agree.txt
Cymed 's net sales are expected to amount to EUR 3.5 mn in 2006 .,neutral,Sentences_75Agree.txt
Diluted loss per share stood at EUR 0.15 versus EUR 0.26 .,positive,Sentences_75Agree.txt
Elcoteq 's revenues in 2007 were approximately EUR 120 million .,neutral,Sentences_75Agree.txt
Elektrobit ( EB ) has renewed its IT infrastructure contract with ICT services provider Fujitsu Services for EB 's Patja service .,positive,Sentences_75Agree.txt
Finnish aluminium products manufacturer Nordic Aluminium Plc ( OMX Helsinki : NOA1V ) reported on Monday ( 18 August ) an operating profit of EUR7 .9 m on net sales of EUR55 .2 m for the period January-June 2008 .,neutral,Sentences_75Agree.txt
Finnish component supplier Componenta Corporation ( OMX Helsinki : CTH1V ) reported on Tuesday ( 15 July ) an operating profit of EUR46 .2 m on net sales of EUR386 .0 m for the financial period January-June 2008 .,neutral,Sentences_75Agree.txt
Finnish elevators and escalators maker KONE Corporation said on Tuesday ( 18 March ) that it has received a major order from Sir Robert McAlpine to supply all elevators and escalators for the Watermark Place project in the City of London .,positive,Sentences_75Agree.txt
Finnish glass technology group Glaston Corporation ( OMX Helsinki : GLA1V ) reported on Thursday ( 14 August ) an operating profit of EUR6 .5 m on net sales of EUR201 .5 m for the period January-September 2008 .,neutral,Sentences_75Agree.txt
"Finnish software company QPR Software Plc ( OMX Helsinki : QPR1V ) reported on Thursday ( 23 October ) an operating profit of EUR63 ,000 on net sales of EUR1 .5 m for the third quarter 2008 .",neutral,Sentences_75Agree.txt
"Finnish technology group Aspocomp Group Oyj ( OMX Helsinki : ACG1V ) issued its third quarter report on Thursday ( 13 November ) , posting an operating profit of EUR0 .4 m , as compared to a loss of EUR0 .5 m in the third quarter of 2007 .",positive,Sentences_75Agree.txt
"Following the payment made in April , the company has a total of EUR 23.0 million in loans from financial institutions .",neutral,Sentences_75Agree.txt
"For Q2 2010 , consolidated earnings before tax totaled EUR4 .5 m , compared to EUR3 .9 m , and net profit was EUR3 .2 m , compared to EUR2 .9 m in the previous year .",positive,Sentences_75Agree.txt
"For Telenor , the three and a half year contract is worth an estimated 12.6 m. YIT has chosen Telenor and Elisa as its principal suppliers of ICT solutions in Norway , Sweden , Denmark and Finland .",positive,Sentences_75Agree.txt
"For the fiscal year ending September 30 , 2009 the revenue from these customers was $ 10.012 million or around 11.0 % of the transportation group 's revenue .",neutral,Sentences_75Agree.txt
"Galeria Podlaska , a shopping mall on Wysockiego Street in Bia ` ystok , is approximately 60-percent leased or reserved .",neutral,Sentences_75Agree.txt
In 2005 the bank posted a net profit of Lt 8.2 mn .,neutral,Sentences_75Agree.txt
"In 2006 , TeliaSonera net sales were SEK 91 bn , EBITDA was SEK 32.266 bn , net income was SEK 19.28 bn .",neutral,Sentences_75Agree.txt
"In 2007 , Alma Media 's operating profit was about EUR 53mn .",neutral,Sentences_75Agree.txt
"In 2007 , almost two thirds of Orion 's net sales came from these drugs .",neutral,Sentences_75Agree.txt
"In 2007 , Huhtamaki will continue to invest in organic growth .",neutral,Sentences_75Agree.txt
"In 2007 , the Group 's net sales stood at EUR 22 million and it had about 150 employees at the end of June , 2008 .",neutral,Sentences_75Agree.txt
"In 2008 , the deal is likely to bring savings of EUR 20mn-25mn .",positive,Sentences_75Agree.txt
"In 2009 , it reported net sales of approximately EUR 6mn .",neutral,Sentences_75Agree.txt
"In 2010 , the Marimekko Group s net sales were EUR 73,297 thousand ( EUR 72,473 thousand ) and operating profit was EUR 8,169 thousand ( EUR 6,291 thousand ) .",neutral,Sentences_75Agree.txt
"In January-September 2007 , operating profit totaled EUR 20.5 mn .",neutral,Sentences_75Agree.txt
"In Middle East & North Africa , Tecnotree has grown considerably in the recent years .",positive,Sentences_75Agree.txt
in Q1 2010 18 May 2010 - Finnish electrical components maker Salcomp Oy ( HEL : SAL1V ) said today it turned to a net profit of EUR1 .6 m in the first quarter of 2010 versus a loss of EUR2m in the corresponding period last year .,positive,Sentences_75Agree.txt
"In the end of 2006 , the number of outlets will rise to 60-70 .",positive,Sentences_75Agree.txt
"In the first quarter of 2010 , the mark-to-market result was a pretax profit of EUR 133 million versus a loss of EUR 32 million in the same period last year .",positive,Sentences_75Agree.txt
Incap Contract Manufacturing Services Private Limited has inked agreements with six new customers in India .,positive,Sentences_75Agree.txt
It also said its third quarter diluted EPS came in at 0.34 eur compared with 0.16 eur in the same quarter a year ago .,positive,Sentences_75Agree.txt
It also turned in earnings per share ( EPS ) of EUR 0.44 versus loss per share of EUR 2.26 .,positive,Sentences_75Agree.txt
It also turned to earnings per share ( EPS ) of EUR 0.08 versus loss per share of EUR 0.04 .,positive,Sentences_75Agree.txt
"It expects revenue between $ 8.4 billion and $ 8.7 billion , compared to analyst estimates of $ 8.67 billion .",neutral,Sentences_75Agree.txt
"It projected revenue of $ 2.2 billion to $ 2.3 billion , slightly higher than analyst estimates of $ 2.19 billion .",positive,Sentences_75Agree.txt
It will also strengthen Ruukki 's offshore business .,positive,Sentences_75Agree.txt
"Juha Jordan , chief engineer at Glaston , said one of the reasons for choosing Vacon as a global AC drives supplier is that it has service and support centres in the same countries where Glaston operates .",positive,Sentences_75Agree.txt
"Last month , Outokumpu sold more than 80 percent of its technology unit , Outokumpu Technology Oyj , to further its strategic goal of becoming the world 's largest stainless steel maker .",positive,Sentences_75Agree.txt
"Last week , the Finnish metals and technology group announced plans to sell more than 80 percent of its technology unit to further the company 's strategic goal of becoming the world 's largest stainless steel maker .",positive,Sentences_75Agree.txt
"MANAVIGATOR-September 7 , 2010-Kemira unveils Indian JV with IVRCL Finnish chemicals group Kemira ( HEL : KRA1V ) on Tuesday announced it has inked a deal to form a joint venture in India with local construction firm IVRCL Infrastructure and Projects Ltd ( BOM :530773 ) .",positive,Sentences_75Agree.txt
M-real 's sales are expected to have increased by 4 % year-on-year to EUR609m in the second quarter of 2010 .,positive,Sentences_75Agree.txt
"NAVTEQ has a commanding lead in installed map data systems in North American vehicles and may be the leader in turn-by-turn navigation data offered by services such as OnStar in North America , said analyst Phil Magney of Telematics Research Group in Minnetonka , Minn. .",positive,Sentences_75Agree.txt
"Neste oil 's board proposed 1.00 eur dividend for the full-year 2007 , compared with 0.90 eur a year ago .",positive,Sentences_75Agree.txt
"Net interest income totaled EUR 15.9 mn , compared to EUR 15.6 mn a year earlier .",positive,Sentences_75Agree.txt
Net profit in the period in 2009 was ( EURO ) 29 million .,neutral,Sentences_75Agree.txt
Net profit in the same period in 2006 was 36.6 million euros .,neutral,Sentences_75Agree.txt
Net profit in the same period in 2006 was (  x20ac ) 172 million .,neutral,Sentences_75Agree.txt
Net profit was 35.5 mln compared with 29.8 mln .,positive,Sentences_75Agree.txt
"Net sales by the Sata-Flexo Group came to some EUR4 .3 m in 2007 , and the group companies employed a total of 40 people .",neutral,Sentences_75Agree.txt
Net sales in 2007 are expected to be 10 % up on 2006 .,positive,Sentences_75Agree.txt
Net sales in 2008 are expected to be on the same level as in 2007 .,neutral,Sentences_75Agree.txt
Net sales of the Lehdentekijat unit was approximately EUR 14 million in 2007 and it had 70 employees .,neutral,Sentences_75Agree.txt
"Of this , EUR 38.8 mn was net interest income .",neutral,Sentences_75Agree.txt
"OMEO ( www.omeo.se ) employs 55 and expects net sales of some 23 mln euro ( $ 29.8 mln ) for fiscal 2006-2007 , ending April 30 , 2007 .",neutral,Sentences_75Agree.txt
"Operating loss was EUR 179mn , compared to a loss of EUR 188mn in the second quarter of 2009 .",positive,Sentences_75Agree.txt
Operating profit totaled EUR 18.6 mn or 8.3 % of net sales .,neutral,Sentences_75Agree.txt
"Operating profit was EUR 9.8 mn , compared to a loss of EUR 12.7 mn in the corresponding period in 2009 .",positive,Sentences_75Agree.txt
"Pre-tax loss totaled EUR 0.3 mn , compared to a loss of EUR 2.2 mn in the first quarter of 2005 .",positive,Sentences_75Agree.txt
"Pretax profit totalled EUR 2.0 mn , compared to a loss of EUR 159.2 mn in the fourth quarter of 2008 .",positive,Sentences_75Agree.txt
"Pretax profit totalled EUR 80.8 mn , compared to a loss of EUR 13.1 mn in the corresponding period in 2009 .",positive,Sentences_75Agree.txt
"Previously , EB delivered a custom solution for LG Electronics and now is making it commercially available for other mobile terminal vendors as well as to wireless operators .",positive,Sentences_75Agree.txt
Profit of the accounting period was EUR 0.3 mn .,neutral,Sentences_75Agree.txt
Rapala said it estimates it will make savings of 1-2 mln eur a year by centralising its French operations at one site .,positive,Sentences_75Agree.txt
"Re-use back into PET bottles has also steadily increased and the rate of use in strapping tape has picked up again after a dip in 2005 , Petcore said previously .",positive,Sentences_75Agree.txt
"Russia accounted for 9 % of the Lagardere magazine division 's revenue , or EUR 114.40 mn ( USD 148.11 mn ) in 2009 , the USA - for 18 % .",neutral,Sentences_75Agree.txt
"Sales are expected to increase in the end of the year 2006 , however .",positive,Sentences_75Agree.txt
Satama 's net sales would be higher than the year before .,positive,Sentences_75Agree.txt
Scanfil expects net sales in 2008 to remain at the 2007 level .,neutral,Sentences_75Agree.txt
"Systeemitiimi 's sales and project resources will also be strengthened , director Paul Skogberg said .",positive,Sentences_75Agree.txt
Talvivaara has secured a 10-year off-take agreement for 100 per cent of its main output of nickel and cobalt to Norilsk Nickel and entered into a long-term zinc streaming agreement with Nyrstar NV .,positive,Sentences_75Agree.txt
Tekla Group 's net sales for 2005 were approximately 38 million euros .,neutral,Sentences_75Agree.txt
"The 50-50 joint venture , to be called Nokia Siemens Networks , will be comprised of Nokia 's network business group and Siemens ' carrier-related operations , creating estimated synergies of 1.5 billion euros ( $ 1.9 billion ) by 2010 , Nokia said .",positive,Sentences_75Agree.txt
The actions are expected to deliver annual cost savings of some EUR15-20m .,positive,Sentences_75Agree.txt
The announced restructuring will significantly decrease the Company 's indebtedness .,positive,Sentences_75Agree.txt
The company also said that its board of directors has proposed a profit distribution of EUR0 .92 per share .,neutral,Sentences_75Agree.txt
The company closed last year with a turnover of about four million euros .,neutral,Sentences_75Agree.txt
The company expects net sales of 65 mln euro ( $ 85.1 mln ) for 2006 .,neutral,Sentences_75Agree.txt
The company expects sales revenue of RMB8 .0 billion in 2009 .,neutral,Sentences_75Agree.txt
The company has exported into about twenty European countries as well as to Africa .,neutral,Sentences_75Agree.txt
The company is well positioned in Brazil and Uruguay .,positive,Sentences_75Agree.txt
The company reports a loss for the period of EUR 0.4 mn compared to a loss of EUR 1.9 mn in the corresponding period in 2005 .,positive,Sentences_75Agree.txt
The company 's net sales in 2009 totalled MEUR 307.8 with an operating margin of 13.5 per cent .,neutral,Sentences_75Agree.txt
"The company 's profit totaled Ls 134,700 .",neutral,Sentences_75Agree.txt
"The company targets sales of Ls 27.1 mn ( Ls 23.498 mn ) and a profit of Ls 300,000 ( Ls 371,500 ) in 2007 .",neutral,Sentences_75Agree.txt
The company turned to earnings per share ( EPS ) of EUR 0.03 versus loss per share of EUR 0.01 .,positive,Sentences_75Agree.txt
The diesel margin has remained high .,positive,Sentences_75Agree.txt
The Finnish textiles and clothing company Marimekko Corporation ( OMX Helsinki : MMO1V ) reported on Wednesday ( 5 November ) an operating profit of EUR8 .1 m on net sales of EUR59m for the period from January to September 2008 .,neutral,Sentences_75Agree.txt
"The fourth quarter saw Rapala swing back to a pretax profit of 1.5 mln eur from a year earlier loss of 1.2 mln on the back of a 30 pct uplift in sales to 44.8 mln eur , and a stronger performance in North America .",positive,Sentences_75Agree.txt
"The Group 's consolidated net sales for 2008 totaled 3.4 billion euros and it employs approximately 13,000 persons .",neutral,Sentences_75Agree.txt
"The Group 's consolidated net sales for 2009 totaled 1.5 billion euros and it employs approximately 10,000 persons .",neutral,Sentences_75Agree.txt
"The Group 's revenue amounts to over EUR 80 million , about half of which is accounted for by exports .",neutral,Sentences_75Agree.txt
The Group 's revenue in 2008 amounted to EUR 94 million and the company currently employs approximately 730 people .,neutral,Sentences_75Agree.txt
The Group 's revenue in 2009 amounted to EUR 70 million and the company currently employs approximately 780 people .,neutral,Sentences_75Agree.txt
The insurance division turned a EUR120m profit .,neutral,Sentences_75Agree.txt
The ISO certification demonstrates that we are moving forward in our quality commitments to our customers . ',positive,Sentences_75Agree.txt
"The recovery of demand that started toward the end of 2009 , continued in January-March 2010 .",positive,Sentences_75Agree.txt
The sale of the Healthcare Trade business supports Oriola-KD 's strategy to focus on Pharmaceutical Wholesale and Retail businesses .,positive,Sentences_75Agree.txt
"The segment has an annual revenue of approximately EUR400m , the company said .",neutral,Sentences_75Agree.txt
The soapstone deposits in the Medvezhyegorsk area are expected to increase Tulikivi 's current reserves considerably .,positive,Sentences_75Agree.txt
"Then , it said the contract was estimated to contribute more than EUR150m to its net sales in 2010 .",positive,Sentences_75Agree.txt
These measures are expected to produce annual cost savings of EUR 1.5 million starting in 2007 .,positive,Sentences_75Agree.txt
This will bring cost savings of about EUR 3mn a year .,positive,Sentences_75Agree.txt
"Via the move , the company aims annual savings of some EUR3m , the main part of which are expected to be realized this year .",positive,Sentences_75Agree.txt
With this acquisition Panostaja Oyj further expands its business area specialising in digital printing .,positive,Sentences_75Agree.txt
"`` We have analyzed Kaupthing Bank Sweden and found a business which fits well into Alandsbanken , '' said Alandsbanken 's chief executive Peter Wiklof in a statement .",positive,Sentences_75Agree.txt
"2010 16 July 2010 - Finnish steel maker Rautaruukki Oyj HEL : RTRKS , or Ruukki , said today it turned to a net profit of EUR20m in the second quarter of 2010 from a net loss of EUR94m in the corresponding period last year .",positive,Sentences_75Agree.txt
28 October 2010 - Finnish wood products technology supplier Raute Oyj HEL : RUTAV said today it swung to a net profit of EUR3m for the first nine months of 2010 versus a net loss of EUR5 .2 m for the same period a year earlier .,positive,Sentences_75Agree.txt
"3 February 2011 - Finnish broadband data communication systems provider Teleste Oyj HEL : TLT1V said yesterday its net profit rocketed to EUR4 .8 m in 2010 from EUR416 ,000 in 2009 and it lifted its dividend proposal .",positive,Sentences_75Agree.txt
"4 February 2011 - Finnish broadband data communication systems provider Teleste Oyj HEL : TLT1V said Wednesday its net profit rocketed to EUR4 .8 m in 2010 from EUR416 ,000 in 2009 and it lifted its dividend proposal .",positive,Sentences_75Agree.txt
"Cargotec Corporation , Press Release , August 26 , 2008 at 10 a.m. Finnish time Cargotec 's MacGREGOR business area providing marine cargo handling and offshore load handling solutions has received significant offshore crane retrofit order .",positive,Sentences_75Agree.txt
"EBIT totalled EUR 14.4 mn , compared to a loss of EUR 0.3 mn in the corresponding period in 2009 .",positive,Sentences_75Agree.txt
"Finnish broadband data communication systems provider Teleste Oyj HEL : TLT1V said yesterday it returned to a net profit of EUR 2.7 million USD 3.8 m for the first nine months of 2010 versus a net loss of EUR 579,000 for the same period of 2009 .",positive,Sentences_75Agree.txt
Finnish consumer packaging manufacturer Huhtamaki Oyj said it swung to a net profit of 84.1 mln euro $ 105.6 mln in the first nine months of 2006 from a net loss of 2.6 mln euro $ 3.3 mln in the same period of 2005 .,positive,Sentences_75Agree.txt
"Finnish dental care group Oral Hammaslaakarit Oyj posted a total net profit of 849,000 euro $ 1.1 mln in the first nine months of 2006 versus a net loss of 331,000 euro $ 421,000 in the same period of 2005 .",positive,Sentences_75Agree.txt
"Finnish IT consultancy Satama Interactive Oyj posted a net profit of 1.4 mln euro $ 2.0 mln for the first nine months of 2007 , compared to a net loss of 462,000 euro $ 664,000 for the same period of 2006 .",positive,Sentences_75Agree.txt
"Finnish pulp and paper machinery maker Vaahto Group Oyj swung to a 1.1 mln euro $ 1.4 mln net profit in the fiscal 2005-06 , ended August 31 , 2006 , from a 249,000 euro $ 319,000 net loss in the fiscal 2004-05 .",positive,Sentences_75Agree.txt
Finnish silicon wafers manufacturer Okmetic Oyj said it swung to a net profit of 4.9 mln euro $ 6.3 mln in the first nine months of 2006 from a net loss of 1.8 mln euro $ 2.3 mln a year earlier .,positive,Sentences_75Agree.txt
"Growth was strongest in F-Secure 's operator ISPs , mobile operators and cable operators business .",positive,Sentences_75Agree.txt
"In the second quarter of 2010 , the company 's net profit was EUR1 .7 m compared to a net loss of EUR1 .3 m in April-June 2009 .",positive,Sentences_75Agree.txt
It therefore seems that Finnish shipping company Viking Line will get the subsidy it needs to order its new LNG-fuelled vessel .,positive,Sentences_75Agree.txt
"Jarmo Honkamaa , head of the oil refining business at Neste Oil , says the situation looks promising from their viewpoint .",positive,Sentences_75Agree.txt
"ADP News - Feb 25 , 2009 - Finnish printed circuit board PCB maker Aspocomp Group Oyj HEL : ACG1V said today it swung to a net profit of EUR 300,000 USD 385,000 for 2008 versus a net loss of EUR 65.3 million",positive,Sentences_75Agree.txt
"ADP News - Nov 6 , 2008 - Finnish retail software developer Aldata Solution Oyj OMX : ALD1V said today that it swung to a net profit of EUR 2.1 million USD 2.7 m for the first nine months of 2008 versus a net loss of EU",positive,Sentences_75Agree.txt
"Mformation and Nokia noted they have established interoperability agreements that cover commercially proven , standards-based management of mobile devices , as well as mobile device security and mobile application management .",positive,Sentences_75Agree.txt
"mn , and pretax profit to EUR 46.4 mn from EUR 35.8 mn in the third quarter of 2006 .",positive,Sentences_75Agree.txt
"Net sales will , however , increase from 2005 .",positive,Sentences_75Agree.txt
Operating profit totaled EUR 17.7 mn compared to EUR 17.6 mn in the corresponding period in 2007 .,positive,Sentences_75Agree.txt
"Profit after taxes was EUR 0.1 mn , compared to EUR -0.4 mn the previous year .",positive,Sentences_75Agree.txt
Profit for the period was EUR 15.6 mn compared to EUR 14.1 mn in 2007 .,positive,Sentences_75Agree.txt
"Quarterly diluted EPS on continuing operations came in at 0.21 eur , compared with last year 's 0.12 eur .",positive,Sentences_75Agree.txt
Rapala estimates its net sales for 2008 will increase by between 8.0 pct and 12 pct assuming 2007 exchange rates .,positive,Sentences_75Agree.txt
"Raute posted a net profit of 1.8 mln euro $ 2.6 mln for the third quarter of 2007 , compared to a net loss of 299,000 euro $ 430,000 for the corresponding period of 2006 .",positive,Sentences_75Agree.txt
Return on equity stood at 18.3 % compared to 15.4 % in the third quarter of 2005 .,positive,Sentences_75Agree.txt
"Russian export duties will activate harvesting in Finland , and sales in Russia will increase also .",positive,Sentences_75Agree.txt
"The Bristol Port Company has sealed a one million pound contract with Cooper Specialised Handling to supply it with four 45-tonne , customised reach stackers from Konecranes .",positive,Sentences_75Agree.txt
The company expects net sales to significantly increase from 2009 .,positive,Sentences_75Agree.txt
"The company 's net profit amounted to EE 55.5 mn , which was 36 % more than in 2004 .",positive,Sentences_75Agree.txt
"The company said that it will supply the WCDMA 3G-HSPA radio network , including the modular , high capacity Nokia Flexi WCDMA base station in East Java , Bali , Sumatra and Batam .",positive,Sentences_75Agree.txt
"The fair value of investment properties totalled EUR 2,299.9 mn , compared to EUR 2,229.5 mn in the corresponding period in 2009 .",positive,Sentences_75Agree.txt
The optimization of the steel components heating process will reduce the energy consumption .,positive,Sentences_75Agree.txt
The proportion of Estonian and Lithuanian passengers on the Tallinn-Helsinki route also grew in July .,positive,Sentences_75Agree.txt
These savings will have full impact as of the beginning of 2007 .,neutral,Sentences_75Agree.txt
This assignment strengthens Poyry 's position as an international provider of engineering and project services to the chemical process industry .,positive,Sentences_75Agree.txt
This new partnership agreement represents a significant milestone for both parties .,positive,Sentences_75Agree.txt
"Tiimari Latvian representative Ineta Zaharova said that the company earned LVL 122,000 in 2005 profit , which is 20 times more that in 2004 .",positive,Sentences_75Agree.txt
"Via the agreement , Ramirent will expand the range of equipment and services it delivers to Destia , Ramirent Finland 's managing director Kari Aulasmaa , said .",positive,Sentences_75Agree.txt
"Via the takeover , Panostaja further expands its business area specialising in digital printing , which since previously consists of the subsidiaries Kopijyva Oy and Sokonet Oy .",positive,Sentences_75Agree.txt
"- Inge Larsen (CFO), 29,045 shares , representing 0.50 % of the share capital .",neutral,Sentences_75Agree.txt
The forecast for 2012 is 3.3 % .,neutral,Sentences_75Agree.txt
"The share capital of Alma Media Corporation (business ID 1944757-4)is EUR 45,031,513.80 and it is divided into 75,052,523 shares .",neutral,Sentences_75Agree.txt
The company is listed on the Nordic Exchange in Helsinki .,neutral,Sentences_75Agree.txt
"Incap Contract Manufacturing will carry out the manufacturing for these agreements at its factory in Tumkur , near Bangalore .",neutral,Sentences_75Agree.txt
"It will be operated by Nokia , and supported by its Nokia NetAct network and service management system .",neutral,Sentences_75Agree.txt
Comptel Corporation will publish its financial statements for 2008 on 12 February 2009 .,neutral,Sentences_75Agree.txt
The shops are located in the capital region and the Paijat-Hame region .,neutral,Sentences_75Agree.txt
The annual net sales of the unit is some EUR 5 million and it currently employs some 55 people .,neutral,Sentences_75Agree.txt
"On the following workday customers can check from their home computers how their purchases are divided between different ingredient groups , how much energy various products contain and what is the nutritional content of all purchases .",neutral,Sentences_75Agree.txt
Name of Company in which holdings have been acquired : Citycon Oyj 2 .,neutral,Sentences_75Agree.txt
"BasWare is headquartered in Espoo , Finland .",neutral,Sentences_75Agree.txt
"The store is located in Poznan in a shopping center named Pestka , the company added .",neutral,Sentences_75Agree.txt
"The other seats would go to Edgar Edmonds , an American with experience of the clothing and retail industry , and Christian Fischer , an Austrian with experience in the winter sports goods business .",neutral,Sentences_75Agree.txt
"Ahlstrom 's 5,700 employees serve customers via sales offices and production facilities in more than 20 countries on six continents .",neutral,Sentences_75Agree.txt
"Raute , headquartered in Nastola , Finland , is a technology company serving the wood products industry worldwide .",neutral,Sentences_75Agree.txt
"According to latest information , Benefon will launch its Twig device on 20 September 2006 .",neutral,Sentences_75Agree.txt
Atria will also buy the shares of Kauhajoen Teurastamokiinteistot Oy (Kauhajoki slaughterhouse property)from Itikka Co-operative .,neutral,Sentences_75Agree.txt
"The joint venture will invest about EUR 500,000 in production technology straight away .",neutral,Sentences_75Agree.txt
He will report to CapMan Plc 's CEO Heikki Westerlund .,neutral,Sentences_75Agree.txt
The price will be specified at the completion date .,neutral,Sentences_75Agree.txt
A total of $ 78 million will be invested in the project .,neutral,Sentences_75Agree.txt
"Finnish IT consultancy Satama Interactive Oyj said on November 13 , 2006 that Jarmo Lonnfors took up the position of CEO .",neutral,Sentences_75Agree.txt
"` Nordea 's definitely too big for Sampo to acquire , ' said an analyst ` But Sampo would appear to have an agenda for Nordea ahead of the privatisation .",neutral,Sentences_75Agree.txt
`` There is no room to modify the share component as we have already indicated . '',neutral,Sentences_75Agree.txt
`` We could be there .,neutral,Sentences_75Agree.txt
"1 p.m. Central office of Nordea Bank 19 3-ya ulitsa Yamskogo Polya , Building 1 Telephone : 495 777-34-77 ext. 3932 , 3931 03.02.2011 Unimilk - EGM 03-04 .02.2011 XVI international business-summit Food Business Russia 2011 will take place .",neutral,Sentences_75Agree.txt
"128,538 shares can still be subscribed for with Series E share options , max .",neutral,Sentences_75Agree.txt
"561,470 new shares under 2003 option rights plan Packaging company Huhtamaki Oyj reported on Monday that a total of 561,470 new shares of the company have been issued based on share subscriptions under its 2003 option rights plan .",neutral,Sentences_75Agree.txt
"A meeting for the media and analysts will be held on the same day at 10:30 a.m. at Stonesoft Headquarters in Helsinki , Italahdenkatu 22 A. The Interim report will be presented by Stonesoft 's CEO Ilkka Hiidenheimo .",neutral,Sentences_75Agree.txt
A meeting of Glisten shareholders to vote on the bid will be held on 12 March .,neutral,Sentences_75Agree.txt
"A replay will be available until 27 October 2006 in the following numbers : US callers : +1 617-á801-á6888 , non-US callers : +44 20 7365 8427 , access code : 2659 5401 .",neutral,Sentences_75Agree.txt
"A spokesman said : `` The food store center , subject to council and local support , could comprise a supermarket or smaller store and other niche outlets , and this will be firmed up following consultation with the council and local community regarding appropriate uses and occupiers . ''",neutral,Sentences_75Agree.txt
"A total of 185 Wonderware Certified SIs are available to integrate and support Wonderware products such as InTouch -« HMI software , IndustrialSQL Server historian , Wonderware Information Server , DT Analyst software or QI Analyst SPC software .",neutral,Sentences_75Agree.txt
"About 36 % of this came from Aspo Chemicals , 39 % from Aspo Shipping and 25 % from Aspo Systems .",neutral,Sentences_75Agree.txt
"About 72 % of Evraz Group shares are owned by Lanebrook , whose beneficiaries , on the one hand , are Millhouse , the holding company for the assets of billionaire Roman Abramovich and his business partners 50 % ; and Evraz executives Alexander Abramov and Alexander Frolov 50 % , on the other .",neutral,Sentences_75Agree.txt
Absolut Bank is exploring the possibility of further borrowing .,neutral,Sentences_75Agree.txt
Aker Yards Finland will begin using Chinese subcontractors at its Finnish shipyards .,neutral,Sentences_75Agree.txt
Finnish food industry company L+ñnnen Tehtaat is planning changes to its fish product business .,neutral,Sentences_75Agree.txt
Finnish property investment company Citycon plans to issue directed subordinated convertible bonds to institutional investors .,neutral,Sentences_75Agree.txt
"According to business media reports , Usmanov planned to transfer his MegaFon stake to the state-controlled Svyazinvest , in exchange for a stake in the merged RosTelecom .",neutral,Sentences_75Agree.txt
"According to CEO Hannu Syrj+ñnen , a new common name and visual identity is required as the group has grown and internationalised .",neutral,Sentences_75Agree.txt
"According to Gallup Food and Farm Facts , beef consumption totaled 99mn kilos in Finland in 2007 .",neutral,Sentences_75Agree.txt
"According to him , construction work will start in spring 2007 , and the facility is to be commissioned in spring 2008 .",neutral,Sentences_75Agree.txt
"According to Soosalu , particular attention was paid to residents privacy and security in the design of the Aleksandri Street building .",neutral,Sentences_75Agree.txt
"According to the company , a decision in the issue will be made in the summer of 2010 , at the earliest , and in the summer of 2011 , at the latest .",neutral,Sentences_75Agree.txt
"According to the Finnish-Russian Chamber of Commerce , all the major construction companies of Finland are operating in Russia .",neutral,Sentences_75Agree.txt
"According to the notification , the holdings of Ameriprice Inc. and its group companies are now in total 808,973 shares , which represent 3.582 % of Tekla -¦ s shares and voting rights .",neutral,Sentences_75Agree.txt
"According to the report , Elisa 's and DNA 's joint market share of Finland 's telecom market is 59 % .",neutral,Sentences_75Agree.txt
"After the sale , Savcor Group Ltd will comprise Savcor ART , a corporate function and an investment in Cencorp Corporation .",neutral,Sentences_75Agree.txt
"Ahlstrom 's 5,800 employees serve customers via sales offices and production facilities in more than 20 countries on six continents .",neutral,Sentences_75Agree.txt
Ahlstrom 's share is quoted on the NASDAQ OMX Helsinki .,neutral,Sentences_75Agree.txt
Ahlstrom 's share is quoted on the NASDAQ OMX Helsinki .,neutral,Sentences_75Agree.txt
Airbus will attempt to evacuate up to 873 people within 90 seconds .,neutral,Sentences_75Agree.txt
"ALEXANDRIA , Va. , June 7 -- Michael G. Williams of Newbury Park , Calif. , has developed a network device .",neutral,Sentences_75Agree.txt
All rights reserved .,neutral,Sentences_75Agree.txt
All YIT Capital Markets Day materials will be available on the company 's Internet site at www.yitgroup.com/investors at 10:30 on September 26 .,neutral,Sentences_75Agree.txt
"Alma Media holds 70 % of this company , the remaining shares being owned by the company 's key employees .",neutral,Sentences_75Agree.txt
Almost the entire office building will be occupied by Metso .,neutral,Sentences_75Agree.txt
"Also , Westpac is to issue a benchmark , 18 month FRN deal in Euros .",neutral,Sentences_75Agree.txt
Also the development of online businesses will continue .,neutral,Sentences_75Agree.txt
As a part of the agreement 10 employees from the John Deere Forestry documentation functions will transfer to DokuMentori Oy .,neutral,Sentences_75Agree.txt
"As a result of the transaction , Sanoma Budapest has acquired a stake in the online store Egeszsegbolt .",neutral,Sentences_75Agree.txt
"As an alternative to the share exchange , Panostaja offers a full cash consideration at the value of 1.27 euro $ 1.7 per share .",neutral,Sentences_75Agree.txt
at 9:00 EET Alma Media 's Annual Report for 2009 is scheduled to be published in calendar week 9 .,neutral,Sentences_75Agree.txt
"At end-August , Sampo was Nordea 's biggest shareholder with a 20.6 % stake , followed by the state with 19.9 % .",neutral,Sentences_75Agree.txt
"At first , Solteq 's services to companies operating in the St. Petersburg area will include maintenance and material management systems and data collection solutions .",neutral,Sentences_75Agree.txt
Autotank Group is part of Aspo 's Systems Division .,neutral,Sentences_75Agree.txt
Basware Einvoices Oy will be merged into the parent company during the present fiscal period .,neutral,Sentences_75Agree.txt
"Because the application can be considered as a hacking application , it is classified by F-Secure as riskware .",neutral,Sentences_75Agree.txt
"Before FKI , John Jiang has worked in several general manager or senior business consultant positions for international companies in China .",neutral,Sentences_75Agree.txt
"Besides , Pit-Produkt will enter the new segments .",neutral,Sentences_75Agree.txt
"Bids or offers include at least 1,000 shares and the value of the shares must correspond to at least EUR4 ,000 .",neutral,Sentences_75Agree.txt
CapMan made its initial investment in OneMed in June 2006 .,neutral,Sentences_75Agree.txt
"CapMan said the deal 's effect on its cash flow for 2009 totals EUR3 .4 m , but the transaction would not affect its financial results for 2009 as it was executed at fair value .",neutral,Sentences_75Agree.txt
Catalysts segment includes refinery catalysts and polyolefin catalysts product categories .,neutral,Sentences_75Agree.txt
"Componenta is a metal sector company with international operations and production plants located in Finland , the Netherlands , Sweden and Turkey .",neutral,Sentences_75Agree.txt
"Consisting of seven interconnected units , Mega Image 's logistics center will be 347 metres in length and 12 metres in height .",neutral,Sentences_75Agree.txt
"Construction work on the Helsinki Music Centre is to start this autumn , with the total cost of the project estimated at 140 million euros .",neutral,Sentences_75Agree.txt
COPYRIGHT AFX News and AFX Financial News Logo are registered trademarks of AFX News Limited,neutral,Sentences_75Agree.txt
"Cramo , headquartered in Vantaa , Finland , rents construction machinery and equipment , as well as rents and sells modular space .",neutral,Sentences_75Agree.txt
Currency conversions are based on exchange rates at the time of the deal .,neutral,Sentences_75Agree.txt
"Currently the Terminator lures are produced in a subcontract facility in Mexico but the manufacturing will be transferred to Rapala 's factory in Shenzhen , China .",neutral,Sentences_75Agree.txt
"Destia Oy is a Finnish infrastructure and construction service company building , maintaining and designing traffic routes , industrial and traffic environments , but also complete living environments .",neutral,Sentences_75Agree.txt
"Digia will also set up two subsidiaries , Digia Norway AS and Digia USA Inc. .",neutral,Sentences_75Agree.txt
Each share is entitled to one vote .,neutral,Sentences_75Agree.txt
Each year the dividend is deducted from the subscription price .,neutral,Sentences_75Agree.txt
Earnings per share EPS amounted to EUR0 .01 .,neutral,Sentences_75Agree.txt
Earnings per share were EUR -0.04 -0.06 .,neutral,Sentences_75Agree.txt
Elcoteq has a global network of After Market Service sites which have a long experience in serving Consumer Electronics and Systems Solutions customers .,neutral,Sentences_75Agree.txt
Elcoteq SE is listed on the Nasdaq OMX Helsinki Ltd. .,neutral,Sentences_75Agree.txt
Electronic versions require 24-48 hours as each copy is customized to the client with digital controls and custom watermarks .,neutral,Sentences_75Agree.txt
"Elisa Corporation will disclose its financial statements for 2006 on Thursday , 8 February 2007 .",neutral,Sentences_75Agree.txt
"Erkki Jarvinen , President of Rautakirja and the head of the Sanoma Trade division , will leave his current tasks in spring 2009 for a similar position outside the Sanoma Group .",neutral,Sentences_75Agree.txt
"Ethanol would be made from barley , and production could start in 2008 .",neutral,Sentences_75Agree.txt
"EXEL COMPOSITES IN BRIEF Exel Composites is a technology company which designs , manufactures and markets composite profiles and tubes for industrial applications .",neutral,Sentences_75Agree.txt
Exel is headquartered in Mantyharju in Finland .,neutral,Sentences_75Agree.txt
Fancy Dans on the move FAB Glasgow gift and interiors store Fancy Dans is moving !,neutral,Sentences_75Agree.txt
"Financial Statements include the consolidated financial statements of the Group , the Board of Directors ' Report , the Auditors ' Report and the Corporate Governance Statement .",neutral,Sentences_75Agree.txt
"FinancialWire tm is not a press release service , and receives no compensation for its news , opinions or distributions .",neutral,Sentences_75Agree.txt
Finnish Bank of +àland will launch its long-term pension savings account at the beginning of June 2010 .,neutral,Sentences_75Agree.txt
Finnish industrial group Ruukki Group Plc OMX Helsinki : RUG1V said on Friday 14 November that its furniture business segment Incap Furniture has concluded personnel negotiations that were started at the end of September .,neutral,Sentences_75Agree.txt
"Finnish Sampo-Rosenlew manufactures approximately seven forest machines monthly , and about half of machines are exported .",neutral,Sentences_75Agree.txt
Finnlines has six ships under construction in China with deliveries scheduled between the first quarter of 2011 and the final quarter of 2012 .,neutral,Sentences_75Agree.txt
Finnlines will announce in week 17 of 2006 what measures it will take to tackle the situation .,neutral,Sentences_75Agree.txt
"Following the issue , the new shares will constitute 10 percent of the firm 's capital .",neutral,Sentences_75Agree.txt
"Founded in 1923 , Finnair is one of the world 's oldest airlines and flies to 60 destinations with a fleet of 63 aircraft , employing 9,500 people .",neutral,Sentences_75Agree.txt
"Glaston 's share GLA1V is listed on the NASDAQ OMX Helsinki , Mid Cap List .",neutral,Sentences_75Agree.txt
Grounds for the notification : Tiimari Plc 12/30/2010 issued Capital Convertible Loan allocation decision by the Board on 01/31/2011 .,neutral,Sentences_75Agree.txt
GyPSii service supports ten different languages including Korean and Russian .,neutral,Sentences_75Agree.txt
He confirmed his view on July 6 .,neutral,Sentences_75Agree.txt
He is a member of the Board of numerous com-panies and a shareholder of the Boardman Ltd board specialist net-work .,neutral,Sentences_75Agree.txt
"HELSINKI AFX - Cramo said it has agreed to sell Cramo Nederland BV CNL , its Dutch machinery and equipment rental unit , to Jaston Groep for an undisclosed sum .",neutral,Sentences_75Agree.txt
"Helsinki-based Componenta bought Turkish listed company Doktas in October 2006 for 89 million euros , making it the largest Finnish investment in Turkey to date .",neutral,Sentences_75Agree.txt
"However , the offering will probably not be made at the current valuation , which partly derives from the deal in which the company was merged into a stock market shell .",neutral,Sentences_75Agree.txt
"HUHTAMAKI OYJ STOCK EXCHANGE RELEASE , 16.9.2008 AT 13.32 Huhtamaki 's Capital Markets Day for institutional investors and analysts is held in Espoo , September 16 , 2008 starting at 13.30 pm Finnish time .",neutral,Sentences_75Agree.txt
"I can say categorically , no , ' Wahlroos was quoted as saying by the paper , when asked about Sampo 's interest in making a bid for RSA .",neutral,Sentences_75Agree.txt
"If Honkarakenne starts production there , it will need a partner for sawmill operations .",neutral,Sentences_75Agree.txt
"In addition , the existing service counter area in the reception hall will be rebuilt and access provided to local rail connections .",neutral,Sentences_75Agree.txt
"In addition to the Tulikivi Corporation , he is also currently a member of the Board of the following companies : Altia Corporation , J+ñrvi-Suomen Portti Osuuskunta , Osuuskunta KPY , Profile Vehicles Oy and Voimatel Oy .",neutral,Sentences_75Agree.txt
"In future , the plant will focus on the production of flange profiles for wind farm towers .",neutral,Sentences_75Agree.txt
In return the New York-based private equity firm will receive a 51 % stake in the Latvian IT and telecom group .,neutral,Sentences_75Agree.txt
"In the Baltic countries , Atria 's target is organic growth .",neutral,Sentences_75Agree.txt
"Incap Corporation Stock Exchange Announcement 29 April 2010 at 1 p.m. INVITATION TO A NEWS CONFERENCE ON INCAP 'S INTERIM REPORT Q1-2010 Incap will publish its interim report for January-March 2010 on Wednesday , 5 May 2010 .",neutral,Sentences_75Agree.txt
IonPhasE 's second major owner is venture capital firm Aura Capital .,neutral,Sentences_75Agree.txt
"Iso Omena is based in the Matinkyla district of the southern part of the city of Espoo , southern Finland .",neutral,Sentences_75Agree.txt
"ITG 's share in the deal is estimated at some 500,000 euro $ 627,000 .",neutral,Sentences_75Agree.txt
"Its customers include local companies Slo Oy , Kiilto Oy , Toptronics Oy , Normark Suomi Oy , Pellonpaja Oy and Mansner Oy .",neutral,Sentences_75Agree.txt
"Jensen , Njastein and Mike Critch , the head of Dovre North America business unit , will report to Toivola .",neutral,Sentences_75Agree.txt
"Jukka Hienonen , the current Finnair CEO , will step down at the end of January 2010 .",neutral,Sentences_75Agree.txt
"Kemira , headquartered in Helsinki , Finland , is an international chemicals group comprising the business areas Kemira Pulp & Paper , Kemira Water , Kemira Specialty and Kemira Coatings .",neutral,Sentences_75Agree.txt
Kemira 's partner in the project is St. Petersburg Water Works .,neutral,Sentences_75Agree.txt
Kershaw takes up the position with immediate effect from her previous role as marketing manager of Sankey Home & Garden Products .,neutral,Sentences_75Agree.txt
KONE is listed on the Nordic Exchange in Helsinki .,neutral,Sentences_75Agree.txt
"L&T is operative in Finland , Sweden , Latvia , Russia and Norway .",neutral,Sentences_75Agree.txt
Latvia 's Stockmann shopping mall is a subsidiary of Finland 's Stockmann Plc. .,neutral,Sentences_75Agree.txt
"LEED is an internationally recognized green building certification system , developed by the U.S. Green Building Council .",neutral,Sentences_75Agree.txt
LONDON AFX - Fortum said it has agreed to sell its industrial maintenance service operations to funds managed by CapMan for an undisclosed sum .,neutral,Sentences_75Agree.txt
"China Unicom , NYSE : CHU , HKSE : 0762 , and SHSE : 600050 , the second largest mobile carrier in the country .",neutral,Sentences_75Agree.txt
Measures will be launched immediately and are due to be finalized in the first quarter of 2010 .,neutral,Sentences_75Agree.txt
"Metsa-Botnia will finance the payment of dividends , the repayment of capital and the repurchase of its own shares with the funds deriving from its divestment of the Uruguay operations , and shares in Pohjolan Voima , and by utilising its existing financing facilities .",neutral,Sentences_75Agree.txt
Metso 's delivery will include a complete coated board line with related air systems and two winders .,neutral,Sentences_75Agree.txt
Most of the dividend will go to the Grimaldi family .,neutral,Sentences_75Agree.txt
"mr Bakman sees also expansion options on the Tallinn-Helisnki link , claiming however , that operating the link with only a single ship is not enough .",neutral,Sentences_75Agree.txt
Neste Shipping is the most likely to remain Finnish as the oil sector and its transports are significant for emergency supply .,neutral,Sentences_75Agree.txt
Net investment income,neutral,Sentences_75Agree.txt
"no compensation for its news , opinions or distributions .",neutral,Sentences_75Agree.txt
No financial details were available .,neutral,Sentences_75Agree.txt
No financial details were disclosed .,neutral,Sentences_75Agree.txt
No financial details were provided .,neutral,Sentences_75Agree.txt
No financial details were reported .,neutral,Sentences_75Agree.txt
No more waste-burning facilities should be built .,neutral,Sentences_75Agree.txt
"No price was given for the transaction , which merges two London companies that have worked together on a number of projects including delivery of timetables for Britain 's National Express East Coast rail networks .",neutral,Sentences_75Agree.txt
No pricing details were disclosed .,neutral,Sentences_75Agree.txt
"Nokia said it still expects to sell 150 more million Symbian devices in years to come , giving an indication of how it expects the Phone 7 handoff to work .",neutral,Sentences_75Agree.txt
Nordea Bank Estonia is part of the largest financial group in the Nordic countries .,neutral,Sentences_75Agree.txt
"Of the company 's net sales , 38 % was acquired in Finland , 21 % in other European countries , 40 % in Asia , and 1 % in the US .",neutral,Sentences_75Agree.txt
Officials did not disclose the contract value .,neutral,Sentences_75Agree.txt
"On Dec. 1 , Grimaldi acquired 1.5 million shares and a 50.1-percent stake in Finnlines .",neutral,Sentences_75Agree.txt
Otherwise the situation is under control .,neutral,Sentences_75Agree.txt
"Our customers come from the following countries : UK , USA , Spain , France , Italy , Germany , China , Hong Kong , Sweden , Norway , Netherlands , Austria , Belgium , Switzerland , Czech Republic , Finland , Canada , Russia , Ukraine , Denmark , Ireland , South Korea and Liechtenstein .",neutral,Sentences_75Agree.txt
"Our customers come from the following countries : UK , USA , Spain , France , Italy , Germany , China , Sweden , Norway , Netherlands , Austria , Belgium , Switzerland , Czech Republic , Serbia , Finland , Canada , Russia , Ukraine , Portugal , Denmark , Ireland , South Korea , Estonia and Liechtenstein .",neutral,Sentences_75Agree.txt
"Our in-depth expertise extends to the fields of energy , industry , urban & mobility and water & environment .",neutral,Sentences_75Agree.txt
"Paychex has more than 100 offices serving approximately 554,000 payroll clients nationwide as of May 31 , 2009 .",neutral,Sentences_75Agree.txt
Payment of shares shall be effected on subscription .,neutral,Sentences_75Agree.txt
"PCS Digital Guatemala has been using Tecnomen 's prepaid system in Telgua fixed networks as well as code division multiple access , or CDMA , and global system for mobile communication , or GSM , since 2003 .",neutral,Sentences_75Agree.txt
"Poyry is a global consulting and engineering firm focusing on the energy , forest industry and infrastructure & environment sectors .",neutral,Sentences_75Agree.txt
"POYRY PLC Additional information by : Heikki Malinen , President and CEO , Poyry PLC tel. +358 10 33 21307 Poyry is a global expert in consulting and engineering .",neutral,Sentences_75Agree.txt
Price talk is in the Euribor plus 2 bps area and the sole lead is Citigroup .,neutral,Sentences_75Agree.txt
"Product deliveries will not be interrupted , the refiner said , giving no financial details .",neutral,Sentences_75Agree.txt
Production is scheduled to start by the end of April 2007 .,neutral,Sentences_75Agree.txt
Protalix has $ 42 million in cash and no sales .,neutral,Sentences_75Agree.txt
Public services will also be available .,neutral,Sentences_75Agree.txt
"Published by Globes online , Israel business news - www.globes-online.com - on November 16 , 2009 -® Copyright of Globes Publisher Itonut 1983 Ltd. 2009",neutral,Sentences_75Agree.txt
Ramirent Finland is the domestic unit of machinery rental company Ramirent Oyj HEL : RMR1V .,neutral,Sentences_75Agree.txt
Raute is listed on the Nordic exchange in Helsinki .,neutral,Sentences_75Agree.txt
Registration is required .,neutral,Sentences_75Agree.txt
Related links : Flexiblebaseloadoperation TheWartsila32generating set Gasconversions This is the shorter of two versions of this press release .,neutral,Sentences_75Agree.txt
"rosendal at outotec.com Eila Paatela , Vice President - Corporate Communications tel. +358 20 529 2004 , +358 400 817198 e-mail eila .",neutral,Sentences_75Agree.txt
Runway Visual Range is a calculated assessment of the distance that a pilot can see down a runway .,neutral,Sentences_75Agree.txt
"Salcomp 's charger manufacturing plant in India is located in the Nokia Telecom Park in the state of Tamil Nadu , in the eastern part of India .",neutral,Sentences_75Agree.txt
Saunalahti is a part of the Elisa group .,neutral,Sentences_75Agree.txt
"says Brian Burton , Head of IT Security , Vodafone UK .",neutral,Sentences_75Agree.txt
"Seller is the Finnish Elcoteq Group , the largest European electronics manufacturing services company .",neutral,Sentences_75Agree.txt
Solteq Plc ANNOUNCEMENT 16.12.2010 SHARE REPURCHASE 16.12.2010 In the Helsinki Stock Exchange Solteq Plc now holds a total of 486.969 shares including the shares repurchased on 16.12.2010 .,neutral,Sentences_75Agree.txt
"Some of the most recent technology deliveries include refinery technology to Anrak Aluminium , an iron ore pelletizing plant to Tata Steel and iron ore sintering plants to Bhushan Steel .",neutral,Sentences_75Agree.txt
Sponda Plc 's Annual General Meeting decided on 23 March 2005 to establish a Shareholders ' Nomination Committee to prepare proposals for the Annual General Meeting in 2006 on the composition of the Board of Directors and their remuneration .,neutral,Sentences_75Agree.txt
"SRV will also build an aqua park with wellness area , a restaurant and a multifunctional ice arena .",neutral,Sentences_75Agree.txt
"SSH Communications Security Corporation is headquartered in Helsinki , Finland .",neutral,Sentences_75Agree.txt
"SSH Communications Security Corporation is headquartered in Helsinki , Finland .",neutral,Sentences_75Agree.txt
SSH Establishes New Global Sales and Marketing Group to be led by George Adams ; Adams Establishes Global Sales and Marketing Group to Drive Worldwide Programs Supporting SSH Tectia Enterprise Security Solutions,neutral,Sentences_75Agree.txt
Status : Agreed,neutral,Sentences_75Agree.txt
"Steek , which was set up in 2002 , is based in Bordeaux , southwestern France .",neutral,Sentences_75Agree.txt
"STOCKMANN plc COMPANY ANNOUNCEMENT February 20 , 2007 , at 13.40 An annual summary of Stockmann 's stock exchange and financial press releases in 2006 is available on the company 's website at the address www.stockmann.com .",neutral,Sentences_75Agree.txt
STUK today is a full service house expert in radiation and nuclear safety issues .,neutral,Sentences_75Agree.txt
"Sullivan said some of the boards `` really involve a lot of work , and people should get paid for their time . ''",neutral,Sentences_75Agree.txt
Suomen Paikallissanomat Oy is part of Alma Media Group and it currently publishes 15 local newspapers across Finland .,neutral,Sentences_75Agree.txt
Talvivaara is listed on the London Stock Exchange Main Market and NASDAQ OMX Helsinki and is included in the FTSE 250 Index .,neutral,Sentences_75Agree.txt
"Tecnotree 's convergent charging solution includes functionality for prepaid and post-paid billing , charging and rating of voice calls , video calls and raw data traffic for both mobile and fixed networks .",neutral,Sentences_75Agree.txt
"Telecom has a foreign investment limit of 74 % , but it appears that mobile VAS does not , which means that Tecnomen can pick up as much as 96.6 % .",neutral,Sentences_75Agree.txt
Teleste BK Optiflex amplifier products will be used in ongoing capacity upgrade of KDG 's network to bi-directionality .,neutral,Sentences_75Agree.txt
Teleste has some 30 offices worldwide and is listed on the Nordic Exchange in Helsinki .,neutral,Sentences_75Agree.txt
Teleste was set up in 1954 and is divided into Broadband Cable Networks and Video Networks business areas .,neutral,Sentences_75Agree.txt
"The 2500-passenger ferry will have dimensions of 185 m length overall , 170 m length between perpendiculars , 27.70 m breadth and 6.55 m design draught .",neutral,Sentences_75Agree.txt
"The acquisition does not have to be from the frozen foods or fish sector , as long as it has synergies with L+ñnnen Tehtaat 's other businesses .",neutral,Sentences_75Agree.txt
The acquisition price was not disclosed .,neutral,Sentences_75Agree.txt
The aforementioned shareholders have informed that they will propose to the Annual General Meeting that the number of members of the Board of Directors shall be five and that besides the present members of the Board of Directors also Mr Lassi Noponen shall be elected to the Board of Directors .,neutral,Sentences_75Agree.txt
"The aim of the CEO 's Q&A sessions is to give further clarity on information , which has been made public already earlier .",neutral,Sentences_75Agree.txt
The Board of Directors was authorized to decide on other terms of the share issue .,neutral,Sentences_75Agree.txt
The bridge will be 1.2 km long and is located between Anasmotet by the road E20 and the new traffic junction in Marieholm by the road E45 .,neutral,Sentences_75Agree.txt
"The buildings , with about 40 condominiums each , will be built in 4 or 5 stages .",neutral,Sentences_75Agree.txt
"The business area has operations in Finland , Sweden , Denmark , Estonia , Latvia and Lithuania .",neutral,Sentences_75Agree.txt
"The buyer is real estate owner Propertos Oy , but the companies have agreed not to disclose financial details of the deal .",neutral,Sentences_75Agree.txt
The capital structure of Solidium may be complemented by other financial instruments in the future .,neutral,Sentences_75Agree.txt
The category was marked by maturity and the recession .,neutral,Sentences_75Agree.txt
The chain is to unite 45-50 centres by the end of 2008 .,neutral,Sentences_75Agree.txt
The company has some 410 employees and an annual turnover of EUR65 .4 m. Vaahto Group is listed on the Nordic Exchange in Helsinki .,neutral,Sentences_75Agree.txt
"The company is also seeking possibilities to relocate the Luumaki personnel , some 50 people , to other UPM mills .",neutral,Sentences_75Agree.txt
"The company offers payroll services , including payroll processing , payroll tax administration , and employee pay services , including direct deposit , check signing , and Readychex .",neutral,Sentences_75Agree.txt
"The company operates its business through two reportable segments , including Banking and Investment Services , and Non-Life Insurance .",neutral,Sentences_75Agree.txt
The company 's board of directors has proposed a dividend of EUR0 .12 per share for 2006 .,neutral,Sentences_75Agree.txt
The company 's board of directors will propose a dividend of EUR 0.14 for 2008 at the annual general meeting .,neutral,Sentences_75Agree.txt
"The company 's plant in Russia will continue to make tyres for its near markets , while the plant in Nokia in Finland will manufacture tyres for other markets .",neutral,Sentences_75Agree.txt
The company 's share is listed in the Mid Cap segment of the NASDAQ OMX Helsinki .,neutral,Sentences_75Agree.txt
The company 's share is quoted on NASDAQ OMX Helsinki Rautaruukki Oyj : RTRKS .,neutral,Sentences_75Agree.txt
The company then said it will focus its resources on clinical research .,neutral,Sentences_75Agree.txt
The Company turnover amounted to MEUR 27.9 in 2007 .,neutral,Sentences_75Agree.txt
The company website is www.ahlstrom.com .,neutral,Sentences_75Agree.txt
The company will be part of Teleste 's Video and Broadband Solutions business area .,neutral,Sentences_75Agree.txt
"The company will publish its financial statement for 2008 on February 25 , 2009 .",neutral,Sentences_75Agree.txt
The company will release its 2010 results on 11 February 2011 .,neutral,Sentences_75Agree.txt
"The company will use the money for product development and research activities through 2013 in its key markets Finland , Germany , Italy and France .",neutral,Sentences_75Agree.txt
The continued operations mean the structure after the restructuring of the Aspocomp group including Aspocomp Oulu and the headquarter operations .,neutral,Sentences_75Agree.txt
"The contract covers turnkey deliveries to all five airports operated by the authority -- John F Kennedy , LaGuardia , Newark , Teterboro and Stewart International .",neutral,Sentences_75Agree.txt
The contract includes heating plant equipment and associated installation work .,neutral,Sentences_75Agree.txt
The contract involves refurbishing the bathrooms of 189 units as well as re-plumbing their water and sewer pipes .,neutral,Sentences_75Agree.txt
The contracts comprise turnkey orders for RoRo systems for two RoRo-cruise vessels under construction for Viking Line and Tallink .,neutral,Sentences_75Agree.txt
"The cost of the deal could range from 70 million to 90 million euros depending on the financial results of the two companies in 2008 , the statement says .",neutral,Sentences_75Agree.txt
The cranes would be installed onboard two freighters ordered by Singaporean ship owner Masterbulk .,neutral,Sentences_75Agree.txt
The customers will have an access to integrated propeller and gear packages from one source .,neutral,Sentences_75Agree.txt
The deal is subject to approval by the Norwegian competition authorities .,neutral,Sentences_75Agree.txt
The deal means that ten persons in three countries will transfer to Tieto .,neutral,Sentences_75Agree.txt
The deal will have no significant effect on the acquiring company 's equity ratio .,neutral,Sentences_75Agree.txt
The deliveries are scheduled for the summer and autumn of 2008 .,neutral,Sentences_75Agree.txt
"The development of the technological park , which will specialize in telecommunications and information technologies , is part of the state program for the formation of technoparks for hi-tech sectors in Russia .",neutral,Sentences_75Agree.txt
"The e-commerce site and flagship will be managed by Marimekko North America Retail LLC , a subsidiary established in the U.S. last year .",neutral,Sentences_75Agree.txt
"The final price will be specified by 14 May 2010 , the acquiring company said .",neutral,Sentences_75Agree.txt
"The Finland-based company says it will move into an existing 260,000-square-foot facility in September .",neutral,Sentences_75Agree.txt
"The Finnish business delegation includes representatives from over 20 companies that include Nokia Corp , Finnfund , Outokumpu Oyj , OKO Bank , Alteams Oy and Cargotec Corp. .",neutral,Sentences_75Agree.txt
"The Finnish company is building a 800,000 mt-year biodiesel plant in Singapore .",neutral,Sentences_75Agree.txt
"The firm 's UK head office is in Rugby Road , Lutterworth .",neutral,Sentences_75Agree.txt
The first group of customers to be trained will be paint-shop owners and their assistants .,neutral,Sentences_75Agree.txt
The first stage of the contract covers 133 stores and 600 cash registers .,neutral,Sentences_75Agree.txt
"The fish content of the nuggets is 85 % , and the fish comes from Canada and Finland .",neutral,Sentences_75Agree.txt
The following information was released by Comptel : Tomorrow the Chairman of the Federal Communications Commission is scheduled to deliver the National Broadband Plan to Congress .,neutral,Sentences_75Agree.txt
The front surfaces of these valve plates are directed towards each other .,neutral,Sentences_75Agree.txt
The ground barleycorn has been fully produced in Finland and will be available in stores as of the beginning of 2010 .,neutral,Sentences_75Agree.txt
The implementation of the deal is subject to the approval by the Finnish Competition Authority .,neutral,Sentences_75Agree.txt
"The inaugural speech will be given by Hannu Kyrolainen , Finland 's Ambassador to the Czech Republic .",neutral,Sentences_75Agree.txt
The increase range will vary up to 10 % .,neutral,Sentences_75Agree.txt
The initial estimated total value was 1744900 EUR and the final award value was 1744900 EUR .,neutral,Sentences_75Agree.txt
"The Internal Revenue Service sees about 20 percent of all taxpayers wait until the last two weeks to file , with about 40 million returns filed in April .",neutral,Sentences_75Agree.txt
"The latest date for registration is on 4 April , 2006 .",neutral,Sentences_75Agree.txt
The lay-offs will affect 240 people out of the total 320 Okmetic employees in Finland .,negative,Sentences_75Agree.txt
The Line 4 will run fully underground and will comprise 10 stations which will be executed in two implementation stages .,neutral,Sentences_75Agree.txt
"The mall will be financed on a parity basis by Pearl Plaza LLC , the joint venture company established by the Chinese investor Shanghai Industrial Investment Holdings Co Ltd , and SRV Group .",neutral,Sentences_75Agree.txt
"The maximum amount of the capital loan will be EUR30m and the minimum subscription -- EUR10 ,000 .",neutral,Sentences_75Agree.txt
The maximum number of new shares to be offered is 22 million .,neutral,Sentences_75Agree.txt
The measures taken will cause one-time costs during the final part of 2006 .,neutral,Sentences_75Agree.txt
"The mill will have capacity to produce 500,000 tonnes of pulp per year .",neutral,Sentences_75Agree.txt
"The money will be spread mainly over 2011 and 2012 , the company said .",neutral,Sentences_75Agree.txt
"The natural source of isoprene is the tree species Hevea brasiliensis , also known as the rubber tree .",neutral,Sentences_75Agree.txt
The new activity will incur an investment of about 5 MEUR .,neutral,Sentences_75Agree.txt
"The new majority owners of Aspocomp Thailand Co. , Ltd are certain private persons belonging to immediate circle of Aspocomp 's present Joint Venture partner , Saha Pathana Inter-Holding Plc. .",neutral,Sentences_75Agree.txt
The new organization consists of two business units : Charging & Messaging and Finance & Administration .,neutral,Sentences_75Agree.txt
The new SEPA cads will replace Finnish bank cards .,neutral,Sentences_75Agree.txt
"The order comprises all production lines for a plywood mill , company said in a statement received by Lesprom Network .",neutral,Sentences_75Agree.txt
"The order comprises four ball mills , which will be organized in two different streams for treating ore in the Pilanesberg platinum mine .",neutral,Sentences_75Agree.txt
"The order includes a new Crecent former , headbox , and reel .",neutral,Sentences_75Agree.txt
The output of the contracts totals 72 MWe .,neutral,Sentences_75Agree.txt
"The parties have agreed not to disclose the price of the deal , the group said in a press release .",neutral,Sentences_75Agree.txt
The parties have agreed not to disclose the transaction value .,neutral,Sentences_75Agree.txt
"The payment date is March 25 , 2010 .",neutral,Sentences_75Agree.txt
"The platform is based built on Intel s second-generation MID platform , called Moorestown .",neutral,Sentences_75Agree.txt
"The price of the 10,000 kroon par value bonds was 9663,51 kroons in the primary issue .",neutral,Sentences_75Agree.txt
The proposal by the Board of Directors on the issuance of option rights will otherwise correspond to the proposal by the Board of Directors in the Notice to the General Meeting .,neutral,Sentences_75Agree.txt
The purchase sum is about EUR 10mn US$ 12.97 mn .,neutral,Sentences_75Agree.txt
"The recruitment is related to the relocation of Stora Enso 's research operations to Karlstad , central Sweden .",neutral,Sentences_75Agree.txt
The Remote Radio head module will be available at 4W power for 2.5 GHz and 3.5 GHz TDD frequency bands .,neutral,Sentences_75Agree.txt
"The report examines the medical equipment business structure and operations , history and products , and provides an analysis of its key medical equipment revenue lines .",neutral,Sentences_75Agree.txt
The restructuring measures will not affect the production of packaging printing material .,neutral,Sentences_75Agree.txt
"The sale , comprising the margarine business in Finland and Poland , follows the approval of the Polish competition authorities earlier in October .",neutral,Sentences_75Agree.txt
"The sale of Savcor FACE to Cencorp will result in a profit or loss which can not yet be determined , owing to factors including the valuation of the consideration shares to be received and prevailing exchange rates .",neutral,Sentences_75Agree.txt
"The sale will be finalized in September or October , the company said .",neutral,Sentences_75Agree.txt
"The share capital of Alma Media Corporation business ID 1944757-4 is EUR 44,767,513.80 and it is divided into 74,612,523 shares .",neutral,Sentences_75Agree.txt
"The shares subscribed for under the stock options were registered in the Trade Register on 20 January 2011 , as of which date the new shares will establish shareholder rights .",neutral,Sentences_75Agree.txt
"The ship cranes , which will be manufactured by MacGREGOR 's partner plants in China , will be delivered between 2008-2010 for vessels ordered by Chinese COSCO , German Peter Dohle and Hong Kong based Cido Shipping .",neutral,Sentences_75Agree.txt
The ship unloader is totally enclosed along the entire conveying line to the storage facilities .,neutral,Sentences_75Agree.txt
The site will cover over six hectares .,neutral,Sentences_75Agree.txt
The transaction will take place without payment of merger consideration .,neutral,Sentences_75Agree.txt
The unit is planned to be operational during the second half of 2007 and in full stream in 2008 .,neutral,Sentences_75Agree.txt
"The wireless industry is bracing itself for the iPhone , which will launch on June 29 .",neutral,Sentences_75Agree.txt
Their offering also covers localisation services related to production transfer to the Finnish company 's customers that already have production in Asian market or have made the decision to transfer production there .,neutral,Sentences_75Agree.txt
They both will report to Oriola-KD 's chief executive officer Eero Hautaniemi .,neutral,Sentences_75Agree.txt
This is the company 's first contract abroad .,neutral,Sentences_75Agree.txt
This release is not an offer of securities for sale into the United States or elsewhere .,neutral,Sentences_75Agree.txt
This solution is an extension to the existing online mediation solution delivered earlier by Comptel and IBM .,neutral,Sentences_75Agree.txt
"Tieto in Latvia is represented by IT services companies TietoEnator Alise and TietoEnator , which has operations in the industries of Financial Services Cards , Retail and Logistics and IT Outsourcing and Managed Services .",neutral,Sentences_75Agree.txt
"Together with Latvia , Cramo will operate 54 rental outlets in the Baltic States .",neutral,Sentences_75Agree.txt
Two other sites will be included later on .,neutral,Sentences_75Agree.txt
"Under a preliminary estimation , the technology park will measure about 50,000 square meters .",neutral,Sentences_75Agree.txt
Upon completion of the sale Proha would get some USD12 .7 m for its stake in Artemis .,neutral,Sentences_75Agree.txt
Valga Lihatoostus markets its products under the Maks & Moorits trademark .,neutral,Sentences_75Agree.txt
"We know that it exists , '' Artemyev said .",neutral,Sentences_75Agree.txt
We offer our customers solutions based on renewable raw materials .,neutral,Sentences_75Agree.txt
"When dialing in , the participants should quote 877417 as conference ID .",neutral,Sentences_75Agree.txt
Work on the assignment has already started and is due for completion in spring 2011 .,neutral,Sentences_75Agree.txt
"Yesterday , Legrand issued its E300 million fixed rate deal maturing 2017 .",neutral,Sentences_75Agree.txt
Yvonne Jones is owner of Chameleon Interiors .,neutral,Sentences_75Agree.txt
ZAO YIT Moskovia builds housing in Moscow and its surrounding cities .,neutral,Sentences_75Agree.txt
"BAWAG - Is to issue a benchmark , covered deal .",neutral,Sentences_75Agree.txt
"Swedbank Hypotek - Is to issue a benchmark , fixed rate covered deal in Euros , maturing January 2010 .",neutral,Sentences_75Agree.txt
"Argentine agricultural export company Calafate has tapped compatriot firm Finnegans for a software solution , the latter company said in a statement .",neutral,Sentences_75Agree.txt
"Finnish printed circuit boards ( PCBs ) maker Aspocomp Group Oyj said on December 4 , 2006 it named Henry Gilchrist senior vice president of the group 's Asian operations , as of January 8 , 2007 .",neutral,Sentences_75Agree.txt
` Nordic infrastructure construction is one of our strategic growth areas .,neutral,Sentences_75Agree.txt
"` Sanoma is a buyer not a target , ' he said .",neutral,Sentences_75Agree.txt
"`` After the transaction , Tikkurila has no powder coatings-related operations , '' the company said .",neutral,Sentences_75Agree.txt
"`` If you need malware removal tools , type the URL of your vendor of choice directly into the browser bar and use links on their website , '' wrote Trend Micro 's Rik Ferguson on Monday .",neutral,Sentences_75Agree.txt
`` It wo n't happen overnight .,neutral,Sentences_75Agree.txt
`` Printed fabrics and related design expertise have always been the core of Marimekko 's business and brand .,neutral,Sentences_75Agree.txt
`` Serving customers locally is one of the cornerstones of customer focus for us .,neutral,Sentences_75Agree.txt
`` We know there are some of our own people out there . '',neutral,Sentences_75Agree.txt
"+£lemiste City is the environment for a knowledge-based economy providing work for 3,300 people with the total turnover of its companies amounting to EEK 5.4 bn , '' said +£lo P+ñrnits , chairman of the supervisory board of +£lemiste City and Mainor .",neutral,Sentences_75Agree.txt
25 November 2010 - Finnish paints and coatings company Tikkurila Oyj ( HEL : TIK1V ) said today that Finnish state-owned investment company Solidium Oy sold its 14.7 % stake in the company for a total of EUR98m .,neutral,Sentences_75Agree.txt
26 November 2010 - Finnish sports-equipment maker Amer Sports Oyj ( HEL : AMEAS ) said today it has obtained a EUR30m Schuldschein note loan from a pool of international investors .,neutral,Sentences_75Agree.txt
"3 January 2011 - Scandinavian lenders Sampo Bank ( HEL : SAMAS ) , Pohjola Bank ( HEL : POH1S ) and Svenska Handelsbanken ( STO : SHB A ) have provided a EUR160m ( USD213m ) line of credit to Lemminkainen Oyj ( HEL : LEM1S ) , the Finnish construction firm said on Friday .",neutral,Sentences_75Agree.txt
"A coker crane will be supplied to Tesoro Corporation 's Golden Eagle Refinery in Martinez , California , while a similar crane will be delivered to BP 's Castell refinery in Spain .",neutral,Sentences_75Agree.txt
A few employees would remain at the Oulu plant in support functions for other group units .,neutral,Sentences_75Agree.txt
A huge issue for us is the button placement .,neutral,Sentences_75Agree.txt
A merger between UPM and Finnish-Swedish Stora Enso is not likely either .,neutral,Sentences_75Agree.txt
A paper mill in the central Maine town of Madison soon will have a new owner .,neutral,Sentences_75Agree.txt
A total 30 % of the order value was booked in the fourth quarter of 2009 and the remainder will be booked in the second quarter of 2010 .,neutral,Sentences_75Agree.txt
"A total of 131000 Talvivaara Mining Company Plc 's new shares were subscribed for during the period between May 1 , 2010 and June 30 , 2010 under the company 's stock option rights 2007A .",neutral,Sentences_75Agree.txt
"A total of 38,244 new Citycon shares with a nominal value of EUR 1.35 per share were subscribed on 19 April exercising the A-B-C options based on the company 's stock option plan 1999 .",neutral,Sentences_75Agree.txt
"ABN Amro Capital has agreed to sell its Helsinki-based designer homeware producer , Iittala Oyj , to crosstown consumer products group Fiskars Corp. , for EUR230 million to EUR235 million ( $ 310 million to $ 316 million ) .",neutral,Sentences_75Agree.txt
Finland-based Stockmann Group has closed seven franchising sports stores Nike in Russia .,negative,Sentences_75Agree.txt
Finnish beverage company Olvi is one of the last listed companies in Finland that has not yet published its financial result for the second quarter of 2009 .,neutral,Sentences_75Agree.txt
"Finnish Kemira Group 's CEO , Lasse Kurkilahti , says the Group 's structural reorganisation will continue for at least a year .",neutral,Sentences_75Agree.txt
Finnish Rautaruukki 's engineering division Ruukki Engineering will re-organise its operations in the Mo i Rana plant in Norway .,neutral,Sentences_75Agree.txt
"Local government commissioner of +àm+Ñl , Kurt Svensson , says he will contact the management of Finnish company Componenta to find out if there are any alternatives to the company 's decision to close down its plant in +àm+Ñl .",neutral,Sentences_75Agree.txt
"Swedish engineering consultant firm Etteplan is to establish a unit in town Borl+ñnge , by the turn of the month March-April 2008 .",neutral,Sentences_75Agree.txt
"The Finnish investment company Sponda is conducting negotiations to acquire the business center Dukat Palace-2 located in the center of Moscow , from London & Regional Properties .",neutral,Sentences_75Agree.txt
"According to Finnish FIM Bank , Alpro 's price would be around EUR 100mn-150mn .",neutral,Sentences_75Agree.txt
"According to Heikkil+ñ , more than just `` refreshment and energy '' will soon be found in soft drinks also in Finland .",neutral,Sentences_75Agree.txt
"According to HK Ruokatalo , almost all the meat used by the company comes from Finland .",neutral,Sentences_75Agree.txt
"According to Saarioinen 's Managing Director Ilkka M+ñkel+ñ , the food industry sector has a significant excess of production machinery .",neutral,Sentences_75Agree.txt
Activities range from the development of natural resources to the retailed marketing of finished products .,neutral,Sentences_75Agree.txt
"Additionally , information on business segments , competitors and future outlook are provided .",neutral,Sentences_75Agree.txt
"Additionally , the company will use the solutions to automate the preparation of financial statements according to IFRS standard .",neutral,Sentences_75Agree.txt
Affecto has participated in the program for the development of the Norwegian pension system since 2007 .,neutral,Sentences_75Agree.txt
"Affecto will provide a new EFI Data Warehouse and reporting solution , behavioural scoring system supporting operational decision processes and Data Migration from old legacy systems to the new EFI system .",neutral,Sentences_75Agree.txt
AffectoGenimap builds highly customised IT solutions for its customers in Finland and the Baltic countries .,neutral,Sentences_75Agree.txt
After 1 April 2007 Cencorp will not have any own employees in the territory .,neutral,Sentences_75Agree.txt
"After buying Eukor Car Carriers 50 percent stake , Grimaldi Group is now the sole owner of the Swedish roll-on , roll-off port of Wallhamn .",neutral,Sentences_75Agree.txt
"After the restructuring , UPM 's average paper machine capacity in Europe will be 320,000 tons ( 350,000 short tons ) in coated magazine paper and 420,000 tons ( 460,000 short tons ) in coated fine paper .",neutral,Sentences_75Agree.txt
"After the transaction , M-real will own 30 % in Metsa-Botnia and UPM -- 17 % .",neutral,Sentences_75Agree.txt
"After the transaction , Tikkurila has no powder coatings related operations .",neutral,Sentences_75Agree.txt
"Ahlstrom Corporation STOCK EXCHANGE ANNOUNCEMENT 23.4.2007 Ahlstrom Corporation will publish its first quarter financial results 2007 on Friday , April 27 , 2007 approximately at 8.30 a.m. Finnish time .",neutral,Sentences_75Agree.txt
"AHMS will also offer Hotel and Hotel Project Consultancy , Management Services , Brand Franchise , Training and Sales and Marketing services on a pan-India basis .",neutral,Sentences_75Agree.txt
Aktia forecasts Finland 's inflation at 1.1 % in 2010 .,neutral,Sentences_75Agree.txt
Aldata noted that its Voice Supply Chain Technology approach enables VDW to integrate with warehouse management systems .,neutral,Sentences_75Agree.txt
"Aldata Solution Oyj Stock Exchange Release 11 August 2006 , at 11.00 am ALDATA SHARES SUBSCRIBED FOR WITH 2003 STOCK OPTIONS A total of 95,000 new shares of Aldata Solution Oyj have been subscribed for with the company 's 2003A stock options .",neutral,Sentences_75Agree.txt
"ALEXANDRIA , Va. , Dec. 19 -- United States Patent no. 7,853,620 , issued on Dec. 14 , was assigned to Nokia Corp. ( Espoo , Finland ) .",neutral,Sentences_75Agree.txt
"ALEXANDRIA , Va. , Jan. 9 -- United States Patent no. 7,862,685 , issued on Jan. 4 , was assigned to Kemira Chemicals Inc. ( Marietta , Ga. ) .",neutral,Sentences_75Agree.txt
"ALEXANDRIA , Va. , March 15 -- Jaakko Vilo of Turku , Finland , has developed a panel press .",neutral,Sentences_75Agree.txt
"ALEXANDRIA , Va. , May 23 -- Matti Harkonen and Pentti Sipponen , both of Espoo , Finland , Osmo Suovaniemi of Helsinki , Finland , and Tapani Tiusanen of Vantaa , Finland , have developed a paper web press device .",neutral,Sentences_75Agree.txt
"ALEXANDRIA , Va. , Oct. 23 -- Hans-Otto Scheck of Espoo , Finland , has developed a method of identifying remote radio units in a communication system .",neutral,Sentences_75Agree.txt
"ALEXANDRIA , Va. , Oct. 6 -- United States Patent no. 7,804,288 , issued on Sept. 28 , was assigned to Vacon Oyj ( Vaasa , Finland ) .",neutral,Sentences_75Agree.txt
"Alma Media Corporation Press Release 15 March 2010 TYRVAAN SANOMAT AND PAIKALLISSANOMAT BEING BOUGHT BY SUOMEN PAIKALLISSANOMAT Two local papers , Tyrvaan Sanomat and Paikallissanomat , appearing in Sastamala and its neighbouring municipalities , are to be bought by Suomen Paikallissanomat Oy .",neutral,Sentences_75Agree.txt
"Alma Media Corporation PRESS RELEASE March 25 , 2010 TYRV+ä+äN SANOMAT PURCHASE CONFIRMED The business operations of Tyrv+ñ+ñn Sanomat Oy will be transferred to Suomen Paikallissanomat Oy .",neutral,Sentences_75Agree.txt
"Also in Latvia , we act as a partner for bakery customers in both production and product development .",neutral,Sentences_75Agree.txt
"Altogether CapMan employs approximately 150 people in Helsinki , Stockholm , Copenhagen , Oslo , Moscow and Luxembourg .",neutral,Sentences_75Agree.txt
"Altona stated that the private company of Altona chairman Kevin Maloney , Tulla Resources , would take up its entitlement in full .",neutral,Sentences_75Agree.txt
"An acquisition of TeliaSonera would be France Telecom 's biggest since its 2000 purchase of Orange plc for  27.8 billion ( $ 55.1 billion ) and would create the world 's fourth-largest telecom company behind AT&T Inc. , Verizon Communications Inc. and NTT Corp. of Japan .",neutral,Sentences_75Agree.txt
An earn-out payment of up to 4.0 mln euro ( $ 5.3 mln ) can also be paid depending on Intellibis financial performance in 2007 .,neutral,Sentences_75Agree.txt
An EU law on the issue may be introduced around 2010 .,neutral,Sentences_75Agree.txt
Another firm Air Liquide was exempted because it left the market in 1998 .,neutral,Sentences_75Agree.txt
"Apartments of YIT Home may be purchased in 5 regions of Russia , where YIT subsidiaries carry out their activities : Moscow and Moscow region , St. Petersburg , Ekaterinburg , Kazan and Rostov-on-Don .",neutral,Sentences_75Agree.txt
Arena Partners Oy is a development company for electronic business .,neutral,Sentences_75Agree.txt
"As a condition to the deal , Savcor Alfa has to have bought Photonium and Akseli Lahtinen Inc. 's business operations prior to the deal .",neutral,Sentences_75Agree.txt
"As of July 2 , 2007 , the market cap segments will be updated according to the average price in May 2007 .",neutral,Sentences_75Agree.txt
"As part of the agreement , Aspocomp will also give Meadville a 10 pct slice of a subsidiary operating in Oulu , Finland .",neutral,Sentences_75Agree.txt
"As part of the reorganization , Kauko-Telko Ltd will be divided into Telko Ltd , Leipurin Ltd , Hamina Terminal Services Ltd and Kaukomarkkinat Ltd. .",neutral,Sentences_75Agree.txt
Aspo 's Group structure and business operations are continually developed without any predefined schedules .,neutral,Sentences_75Agree.txt
Aspo serves demanding business-to-business customers .,neutral,Sentences_75Agree.txt
"Aspocomp said it will spin off its Chinese and Indian units , and some equipment from its Salo plant in Finland , into a newly-formed unit , most of which it will then sell on to Hong Kong-listed Meadville .",neutral,Sentences_75Agree.txt
"At some point , it will spread also to Iran and Iraq .",neutral,Sentences_75Agree.txt
"At the end of last week , Protalix BioTherapeutics Inc ( AMEX : PLX ) published a prospectus for a first offering on AMEX of about 5 % of its share capital .",neutral,Sentences_75Agree.txt
"At the end of March 2009 , the company 's loans amounted to EUR 10.113 mn .",neutral,Sentences_75Agree.txt
"At the moment , there are approximately 20 Vianor sales offices in Russia .",neutral,Sentences_75Agree.txt
"Barclays Plc ( LSE : BARC ) ( NYSE : BCS ) , Credit Agricole SA ( EPA : ACA ) ( CAGR .",neutral,Sentences_75Agree.txt
"Based on the design of previous handsets , the Nokia E72 and Nokia E63 this Symbian-based model is promised to offer direct access to over 90 per cent of the world s corporate email through Mail for Exchange and IBM Lotus Notes Traveler .",neutral,Sentences_75Agree.txt
Basware Business Transactions Service enables the customer to receive and send invoices in an electronic format .,neutral,Sentences_75Agree.txt
Basware finances the acquisition with a bank loan .,neutral,Sentences_75Agree.txt
"BasWare Invoice Processing , BasWare Contract Matching , BasWare Order Matching and BasWare KPI Reporting Tool are part of the BasWare 's Enterprise Purchase to Pay product suite .",neutral,Sentences_75Agree.txt
"BasWare Invoice Processing , BasWare Contract Matching , BasWare Order Matching and BasWare KPI Reporting Tool are part of the BasWare 's Enterprise Purchase to Pay solution suite .",neutral,Sentences_75Agree.txt
Benefon will turn the Salo unit into a B2B business unit and establish a B2C business unit in the UK .,neutral,Sentences_75Agree.txt
"Berling Capital , Umo Capital and Veikko Laine are the biggest shareholders in Amanda Capital .",neutral,Sentences_75Agree.txt
Bluewin Security is available as a monthly subscription .,neutral,Sentences_75Agree.txt
"Blyk is launching first in the UK market in mid-2007 , with other markets to follow .",neutral,Sentences_75Agree.txt
"Body ES Vostok also owns stakes in power sales companies MosenergosbytBody ( RTS : MSSB ) ( 50.9 % ) , Altaienergosbyt ( 100 % ) , Saratovenergo ( RTS : SARE ) Body ( 48.36 % ) and Tambov Power Sales Company ( RTS : TASB ) ( 49.01 % ) , all ofBodywhich it received from the distribution balance .",neutral,Sentences_75Agree.txt
Both sources said Nokia would unveil its new phone code-named `` Tube '' on Oct. 2 at an analyst and media event in London .,neutral,Sentences_75Agree.txt
"Byline : Tim Moran Cellular phone giant Nokia Corp. is offering $ 8.1 billion for digital map supplier NAVTEQ Corp. , of Chicago .",neutral,Sentences_75Agree.txt
Capital base and capital adequacy measurement is based on approaches under Basel II .,neutral,Sentences_75Agree.txt
"CapMan , with offices in Helsinki , Stockholm , Copenhagen and Oslo , manages Nordic buyout , mezzanine , technology , life science and real estate funds with approximately EUR2 .6 bn in total capital .",neutral,Sentences_75Agree.txt
"CapMan 's first real estate fund , which had a total investment capacity of ( EURO ) 500 million and closed in June 2005 , invested in commercial properties in the Helsinki metropolitan area .",neutral,Sentences_75Agree.txt
"Cardona slowed her vehicle , turned around and returned to the intersection , where she called 911 .",neutral,Sentences_75Agree.txt
"Cencorp would focus on the development , manufacture and marketing of standard products for production automation .",neutral,Sentences_75Agree.txt
Changes to the as-built models from the design were communicated to the subcontractors to accommodate them into the steel and GRC fabrication process .,neutral,Sentences_75Agree.txt
Choose from a Giant Countdown with red head or rainbow trout -- or the Giant Shad Rap in perch color .,neutral,Sentences_75Agree.txt
Closing of such transaction took place today .,neutral,Sentences_75Agree.txt
"Cohen & Steers , Inc. : 5 534 530 shares representing 4.985 % of the share capital and voting rights .",neutral,Sentences_75Agree.txt
"Cohen & Steers , Inc. : 5 534 626 shares representing 4.985 % of the share capital and voting rights .",neutral,Sentences_75Agree.txt
com and possibly also through photo-msn .,neutral,Sentences_75Agree.txt
"Companies evaluated in the report include Aladdin , CA , F-Secure , Kaspersky , Marshal , McAfee , Microsoft , Panda , Proofpoint , Sophos , Symantec , Trend Micro , Tumbleweed , and Websense .",neutral,Sentences_75Agree.txt
COMPTEL CORPORATION Sami Ervio President and CEO Distribution : NASDAQ OMX Helsinki Major media Comptel Dynamic OSS solutions enable telecom service providers to deliver services flexibly and charge them effectively .,neutral,Sentences_75Agree.txt
Connectivity Services include outsourced Scan and Capture which transfers paper invoices into electronic format and Basware Business Transactions Service enables the customer to receive and send invoices in an electronic format .,neutral,Sentences_75Agree.txt
Consumption is forecast to grow by about 2 % .,positive,Sentences_75Agree.txt
"Country : , Finland Sector : Construction-Real Estate Target : Pohjolan Design-Talo Oy Buyer : CapMan Oyj Vendor : Ruukki Group Oyj Deal size in USD : 102.6 m Type : Divestment Status : Agreed",neutral,Sentences_75Agree.txt
"Country : , Switzerland Sector : Pharmaceuticals Target : Synosia Therapeutics Holding AG Buyer : Biotie Therapies Corp Deal size in USD : 129.4 m Type : Corporate acquisition Financing : All-stock Status : Closed",neutral,Sentences_75Agree.txt
Country : ; Germany Sector : Construction-Real Estate ; Machinery-Engineering Target : Caverion GmbH Buyer : YIT Oyj Deal size in USD : 90.3 m Type : Corporate acquisition Status : Agreed,neutral,Sentences_75Agree.txt
"Cramo is a service company specialising in construction machinery and equipment rental and rental-related services , as well as the rental and sale of modular space .",neutral,Sentences_75Agree.txt
"Cramo Plc is a service company specialising in construction machinery and equipment rental and rental-related services , as well as rental and sale of modular space .",neutral,Sentences_75Agree.txt
credit 20 November 2009 - Finnish glass technology company Glaston Oyj Abp ( HEL : GLA1V ) said today it concluded a EUR74m revolving credit facility agreement with its core banks .,positive,Sentences_75Agree.txt
"CS Cabot exports 55 % of its production mainly to Goodyear , Bridgestone and Michelin plants in Poland , as well as to Germany 's Michelin or Italy 's Pirelli through the company 's logistics center in Paris , Stefan said .",neutral,Sentences_75Agree.txt
"Currently , the plant operates on full capacity .",neutral,Sentences_75Agree.txt
Danske Bank is Denmark 's largest bank with 3.5 million customers .,neutral,Sentences_75Agree.txt
Decisions are to be made as quickly as possible .,neutral,Sentences_75Agree.txt
Deliveries by Outotec will take place over 30 months .,neutral,Sentences_75Agree.txt
"Deliveries of Nokia 1112 , Nokia 2310 and Nokia 2610 are expected to start in the second quarter of 2006 .",neutral,Sentences_75Agree.txt
Delivery is due in the second half of 2011 .,neutral,Sentences_75Agree.txt
"Den Bosch-based TomTom is Europe 's largest maker of automotive navigation devices , while Cayman Islands-based Garmin is larger in the U.S. and overall .",neutral,Sentences_75Agree.txt
"Depending on the market situation , such projects are sold after 1 to 3 years after completion .",neutral,Sentences_75Agree.txt
"Due to Pirkka beer , Olvi 's brewery in Iisalmi is moving to 7-day , 24-hour work shifts .",neutral,Sentences_75Agree.txt
"During the rally , which was authorized by the city administration , a consulate official came out to the workers , spoke to them and took a letter from them .",neutral,Sentences_75Agree.txt
Efore has decided to establish a company for eletric vehicle ( EV ) business in China .,neutral,Sentences_75Agree.txt
"Elcoteq Dongguan was established in 1999 in the Nancheng District of Dongguan , China and is one of Elcoteq s four volume manufacturing plants in the Asia-Pacific region .",neutral,Sentences_75Agree.txt
"Elcoteq SE Stock Exchange Announcement February 4 , 2009 at 10.00 am ( EET ) Elcoteq will publish its financial statements bulletin 2008 on Wednesday , February 11 , at 9.00 am ( EET ) .",neutral,Sentences_75Agree.txt
Electricity consumption grows with higher frequencies .,neutral,Sentences_75Agree.txt
Elisa has commissioned Finland 's Poyry Telecom Oy to conduct a study of reception in some of Estonia 's largest cities besides Tallinn .,neutral,Sentences_75Agree.txt
"Elsewhere , the tendency is towards more developed packaging than before .",neutral,Sentences_75Agree.txt
"Equipment will be manufactured in Vaahto 's workshop in Hollola , Finland and is scheduled for shipments during the first quarter of 2009 .",neutral,Sentences_75Agree.txt
Eriikka S+Âderstr+Âm has previously held several positions in finance and control at Nokia Networks including acting as the Business Group Controller and having the corporate controller position at Nokia Siemens Networks .,neutral,Sentences_75Agree.txt
"Estonia 's Agriculture Minister Helir-Valdor Seeder is in Finland on a two-day visit , in the course of which he will meet with his Finnish counterpart Sirkka-Liisa Anttila .",neutral,Sentences_75Agree.txt
EUR 220 million of the transaction consideration was paid in the form of four-year interest-bearing vendor notes .,neutral,Sentences_75Agree.txt
"Featuring the S60 user interface , this 135-gram model also comes with a 2.4-inch quarter VGA display and 100 megabytes of internal memory , expandable through the Micro Secure Digital slot .",neutral,Sentences_75Agree.txt
Feed companies Suomen Rehu and Raisio do no import GMO feed .,neutral,Sentences_75Agree.txt
"Financial , strategic and operational factors are considered .",neutral,Sentences_75Agree.txt
Financial details were not disclosed .,neutral,Sentences_75Agree.txt
Financial details were n't disclosed .,neutral,Sentences_75Agree.txt
Financial terms were not disclosed .,neutral,Sentences_75Agree.txt
Financial terms were n't disclosed .,neutral,Sentences_75Agree.txt
"Finland 's Technopolis is planning to bring the first section of a technopark on stream in St. Petersburg at the end of 2008 , Kari Mikkonen , vice president of Technopolis , told reporters in Helsinki .",neutral,Sentences_75Agree.txt
"Finnish drug distributor and wholesaler Oriola-KD Oyj said on October 11 , 2006 it named Anne Kariniemi vice president of its Logistics and Sourcing department as of January 15 , 2007 .",neutral,Sentences_75Agree.txt
"Finnish electronics contract maker Incap Oyj said on January 3 , 2008 it sold its manufacturing facilities in Helsinki to local real estate company Sponda Oyj for 5.3 mln euro ( $ 7.8 mln ) .",neutral,Sentences_75Agree.txt
Finnish investment company Neomarkka is the main owner of Kuitu Finland 's successor .,neutral,Sentences_75Agree.txt
"Finnish property investor Sponda said it has agreed a 100 mln eur , five-year mln credit facility with Swedbank and a 50 mln eur , seven-year facility with OKO Bank .",neutral,Sentences_75Agree.txt
"Finnish publisher Alma Media ( HEL : ALN1V ) said Wednesday it has decided to further extend its EUR1 .85 ( USD2 .75 ) apiece mandatory tender offer for media group Talentum ( HEL : TTM1V ) , which started on 19 August , until 16 November .",neutral,Sentences_75Agree.txt
"Finnish real estate company Sponda Oyj said on April 11 , 2008 it would build Vuosaari Harbour Service Center at the Port of Helsinki .",neutral,Sentences_75Agree.txt
"First Industrial will seek LEED designation for Uponor 's new building and a 282,000 square-foot speculative distribution center at First Park Lakeville .",neutral,Sentences_75Agree.txt
"Following the move , Stora Enso holding in NewPage will remain unchanged .",neutral,Sentences_75Agree.txt
"Following the registration , the share capital of Biotie is EUR 52,556,678.10 .",neutral,Sentences_75Agree.txt
"Foodservice and consumer goods markets are served by approximately 13,000 people in 54 manufacturing units and several sales offices in 33 countries .",neutral,Sentences_75Agree.txt
For the new shares subscribed with stock options all shareholder rights commence from the date on which they are entered into the Trade Register .,neutral,Sentences_75Agree.txt
"Fortum expects its annual capital expenditure in the next four to five years to be within a range of EUR 0.8-1 .2 billion , as earlier announced .",neutral,Sentences_75Agree.txt
Fortum had intended to spend as much as ( EURO ) 2.7 bn to become the sole owner of TGK-10 .,neutral,Sentences_75Agree.txt
"Fortum holds 90.2 pct of the share capital and 94.4 pct of the voting rights in the company , which it now plans to delist from the Warsaw Stock Exchange .",neutral,Sentences_75Agree.txt
"Founded in 1985 , Quatrocon 's clientele consists of public sector builders , central trading companies and major construction firms .",neutral,Sentences_75Agree.txt
"F-Secure Internet Security 2010 is a security service for surfing the web , online banking and shopping , e-mail , and other online activities .",neutral,Sentences_75Agree.txt
"F-Secure reported that : - The first half of 2008 has seen a growing number of targeted malware attacks on individuals , companies , and organizations .",neutral,Sentences_75Agree.txt
"Glaston 's own glass processing unit , Tamglass Glass Processing , is a manufacturer of high quality safety glass products , and operates in Finland .",neutral,Sentences_75Agree.txt
"Glaston 's own glass processing unit , Tamglass Glass Processing , is a manufacturer of high quality safety glass products operating in Finland .",neutral,Sentences_75Agree.txt
"Global Markets Direct 's Pohjola Bank plc - Financial Analysis Review is an in-depth business , financial analysis of Pohjola Bank plc. .",neutral,Sentences_75Agree.txt
He is a Chartered Accountant in British Columbia and Alberta as well as a Certified Public Accountant in Washington State .,neutral,Sentences_75Agree.txt
He joined Rautakirja in 1997 to lead one of its four business areas and took up the position of President and CEO in 2001 .,neutral,Sentences_75Agree.txt
"Helsinki 19 May 2010 - Finnish company Lemminkainen Oyj ( HEL : LEM1S ) said today that it will construct an office building at Toolonlahti in downtown Helsinki , without disclosing financial details .",neutral,Sentences_75Agree.txt
Her last position in Nokia Siemens Networks was head of Business Human Resources NSN global IT .,neutral,Sentences_75Agree.txt
Her present position is the director of Stockmann 's international department stores .,neutral,Sentences_75Agree.txt
Her work at NetApp included strategically repositioning the brand in the category and a major global relaunch .,neutral,Sentences_75Agree.txt
"Honkarakenne also decided yesterday to sell 88,500 of its B series shares to key staff members for EUR2 .9 per share .",neutral,Sentences_75Agree.txt
"Honkarakenne also decided yesterday to sell 88,500 of its B-series shares to key staff members for EUR 2.90 per share .",neutral,Sentences_75Agree.txt
hu will offer a further discount of between 25 % and 50 % on selected books .,neutral,Sentences_75Agree.txt
"If needed , she provides also further information on ferry connections and hotels .",neutral,Sentences_75Agree.txt
"Igor and Oleg Yankov , who currently manage Moron and Vitim , will hold onto the 25 % stake for now .",neutral,Sentences_75Agree.txt
Image data produced by the browser at the phone server is converted into a bitmapped image that is sent to the handset for display . '',neutral,Sentences_75Agree.txt
Implementation of the project will be carried out by the Finnish company YIT in association with the investment fund Evli Property Investment Russia ( EPI ) .,neutral,Sentences_75Agree.txt
"In 2006 , 452 million tonnes CO2 of EUA ( EU Allowance ; emissions credit in EU ) was traded with an underlying market value approx .",neutral,Sentences_75Agree.txt
"In 2007 Talentum will disclose three Interim Reports - Q1 ( January - March ) on Friday , 27 April , 2007 - Q2 ( April - June ) on Friday , 20 July , 2007 - Q3 ( July - September ) on Friday , 26 October , 2007 .",neutral,Sentences_75Agree.txt
"In 2008 , the steel industry accounted for 64 percent of the cargo volumes transported , whereas the energy industry accounted for 28 percent and other industries for 8 percent .",neutral,Sentences_75Agree.txt
"In a letter to Economic Affairs Minister , the listed Estonian shipping company Tallink asks for the approval to be entitled to a 15 % cut in port fees in 2010 .",neutral,Sentences_75Agree.txt
"In a recent interview with the Financial Times ( FT ) , Sampo 's board chairman Bjorn Wahlroos said If P&C was certainly for sale and the price had been set at SEK 85 billion , confirming earlier statements .",neutral,Sentences_75Agree.txt
"In a release on Oct. 28 , Peab said the two businesses will continue to be conducted under the brands Cliffton and Stockholm Entreprenad , both part of the Peab Group .",neutral,Sentences_75Agree.txt
"In addition , MIDs are always online and enable full Internet browsing .",neutral,Sentences_75Agree.txt
"In addition , the contract includes modification of the effluent treatment plant at Follum .",neutral,Sentences_75Agree.txt
"In his current position , Manty has worked since 1996 .",neutral,Sentences_75Agree.txt
"In the financial statement for the first quarter of 2010 , Tikkurila is reported under discontinued operations .",neutral,Sentences_75Agree.txt
"In the fourth quarter of 2006 , OKO Banks expects the operating environment for Banking and Investment Services to remain similar to that in January-September 2006 .",neutral,Sentences_75Agree.txt
In the meantime the CEO 's duties will be assumed by Outotec 's Deputy CEO Seppo Rantakari .,neutral,Sentences_75Agree.txt
"In the sinter plant , limestone and coke breeze are mixed with the iron ore concentrate and sintered into lump form or sinter for use in the blast furnaces as a raw material for iron-making .",neutral,Sentences_75Agree.txt
"In this way , the industry 's starting point has been the consumers ' needs .",neutral,Sentences_75Agree.txt
"In total , more than 3000 surveillance cameras will be handled and managed according to a variety of needs , the company said .",neutral,Sentences_75Agree.txt
"In volume , the focus is already outside Finland , as 60 % of the group 's products are made in Poland and the Baltic countries .",neutral,Sentences_75Agree.txt
"Incap , headquartered in Oulu , Finland , is a electronics contract manufacturer with some 750 employees in Finland , Estonia and India .",neutral,Sentences_75Agree.txt
Incap Contract Manufacturing is a subsidiary of Incap Corporation of Finland .,neutral,Sentences_75Agree.txt
"Includes company and brand share data by category , as well as distribution channel data .",neutral,Sentences_75Agree.txt
"Indigo and Somoncom serve 377,000 subscribers and had a market share of approximately 27 % as of May 2007 .",neutral,Sentences_75Agree.txt
"industry in Asia +ó Pakistan , Malaysia , Taiwan and Philippines Today , Global Research & Data Services is going to publish several market analyses about the cement markets in Asia .",neutral,Sentences_75Agree.txt
Investment management and investment advisory services are the company 's sole line of business .,neutral,Sentences_75Agree.txt
Investments are not disclosed .,neutral,Sentences_75Agree.txt
Investments in product development stood at 6.0 mln euro ( $ 8.8 mln ) .,neutral,Sentences_75Agree.txt
"ISMS does not disclose its financial results , the daily said .",neutral,Sentences_75Agree.txt
"It also includes the installation of new equipment , training and start-up services , as well as service work of the shoe press delivered by Vaahto in 2001 .",neutral,Sentences_75Agree.txt
It has been agreed with the company 's Board of Directors that she will be available in an advisory role .,neutral,Sentences_75Agree.txt
"It is Estonia 's second-largest meat processing company by market share ( according to AC Nielsen 's 2008 data , 13 percent ) .",neutral,Sentences_75Agree.txt
It is expected to be online by 2011 .,neutral,Sentences_75Agree.txt
It 's not .,neutral,Sentences_75Agree.txt
It was decided that the auditors are reimbursed according to invoice .,neutral,Sentences_75Agree.txt
It will report full-year results on August 22 .,neutral,Sentences_75Agree.txt
"Its annual capacity is some 10,000 MW .",neutral,Sentences_75Agree.txt
Its market share is 6 percent according to AC Nielsen 's 2008 data .,neutral,Sentences_75Agree.txt
"Its product portfolio comprises harvesters , forwarders , harvester heads , as well as cranes and loaders .",neutral,Sentences_75Agree.txt
"Janis Arbidans , CEO of YIT Celtnieciba , said the company was focusing on housing and real estate development market .",neutral,Sentences_75Agree.txt
"Jeder Beta-Tester erh+ñlt kostenlos sechs Monate lang Updates und hat laut eigener Aussage die M+Âglichkeit , die finale Version zu beeinflussen .",neutral,Sentences_75Agree.txt
Joint procurement will be later extended to the factories in the Baltic countries .,neutral,Sentences_75Agree.txt
"Jon Risfelt has previously held operational executive positions in Europolitan , Ericsson , SAS , American Express card and travel divisions , as well as Nyman & Schultz ( CEO ) , Vodafone Sweden ( CEO ) , and Gambro Renal Products ( CEO ) .",neutral,Sentences_75Agree.txt
"Kaleva Kustannus Oy ( business ID 0187274-0 ) has , according to its notice , on 10 August 2009 acquired 4,458,000 Alma Media shares .",neutral,Sentences_75Agree.txt
Karppinen expects the consolidation trend to continue in the Finnish market .,neutral,Sentences_75Agree.txt
"Kaupthing forecasts that Finnish-Swedish Stora Enso will close its mill in Reisholz , in Germany .",neutral,Sentences_75Agree.txt
Kemira shares closed at (  x20ac ) 16.66 ( $ 22US .71 ) .,neutral,Sentences_75Agree.txt
"Kesko has about 2,000 stores engaged in chain operations in the Nordic and Baltic countries , Russia , and Belarus .",neutral,Sentences_75Agree.txt
Kirsi Rantanen was previously development director for HK Ruokatalo 's poultry business .,neutral,Sentences_75Agree.txt
"Koduextra is operating a retail chain of 11 stores , controlled by Finnish Non-Food Center KY , Rukax OY , and Scan-Tukka OY .",neutral,Sentences_75Agree.txt
"Koff 's market share of the volume of the market was 23.4 % , Karhu 's 21.4 % .",neutral,Sentences_75Agree.txt
"L+ñnnen Tehtaat 's Food Division was reorganised into two strategic business units , Apetit Frozen Foods and Jams , and Apetit Fish .",neutral,Sentences_75Agree.txt
Lemmink+ñinen started the manufacture of roofing felt in 1920 and the production of asphalt in the 1930s .,neutral,Sentences_75Agree.txt
"Like all other mechanical pipettors from Biohit , also Proline Plus is CE-IVD marked and comes with a 3-year warranty .",neutral,Sentences_75Agree.txt
"LONDON ( AFX ) - Intertek Group PLC , a testing and inspection company , said its commercial and electrical division has bought Finland-based company Natlabs Oy from Etteplan Oyj for 1.3 mln eur in cash .",neutral,Sentences_75Agree.txt
"Loudeye Corp. , up $ 2.56 at $ 4.33 Nokia Corp. , down 10 cents at $ 19.46 Nokia agreed to buy the digital music distributor for $ 60 million .",neutral,Sentences_75Agree.txt
( A spokesperson told WWD to expect a 50-50 mix of clothing and home decor . ),neutral,Sentences_75Agree.txt
"( ADP News ) - Nov 28 , 2008 - Finnish power-supply solutions provider Efore Oyj ( OMX : EFO1V ) announced today the launch of OPUS DC , the latest power system in its OPUS product line .",positive,Sentences_75Agree.txt
( The acquisition sum has not been disclosed . ),neutral,Sentences_75Agree.txt
"Luna took fifth place on six-under 207 , a shot behind Spain 's Beatriz Recari and Germany 's Martina Eberl , while Welsh player Becky Brewerton was the highest-placed British finisher , sharing seventh place on three-under 210 after shooting 71 .",neutral,Sentences_75Agree.txt
"Maggie Ramsey 's wait - and those of thousands of Oregon and Washington guides , anglers and others who flock to his frequent seminars - is nearly over .",neutral,Sentences_75Agree.txt
"Marathon now has a 4.6 percent stake in PLX , it said , according to Bloomberg .",neutral,Sentences_75Agree.txt
Market data and analytics are derived from primary and secondary research .,neutral,Sentences_75Agree.txt
"May 29 , 2010 ( CompaniesandMarkets.com delivered by Newstex ) -- This report provides key data and information on the meat , fish and poultry market in Finland .",neutral,Sentences_75Agree.txt
"Meanwhile , Alfa owns 25.1 % of MegaFon through Altimo , and 4.99 % of Turkcell via an 18.5 % stake in Cukurova Holding .",neutral,Sentences_75Agree.txt
"Mercator will use the software for its logistic , retail and wholesale operations in Slovenia and its other markets in southeastern Europe .",neutral,Sentences_75Agree.txt
Metsa-Botnia will sell 82.1 % of its stake in the Uruguayan companies and Metsaliitto -- 5.5 % .,neutral,Sentences_75Agree.txt
"Metso Foundries Jyvaskyla Oy will discontinue production on this line by 30 September 2008 , the company said .",neutral,Sentences_75Agree.txt
Microsoft last week also issued the first patch for the Windows 7 operating system beta it had released days earlier .,neutral,Sentences_75Agree.txt
"More than 50,000 tonnes of asphalt mix will be used in the contract .",neutral,Sentences_75Agree.txt
"M-real , which is part of Finnish paper maker Metsaliitto Group , is due to release its second-quarter report at around 12:00 EET on 5 August 2010 .",neutral,Sentences_75Agree.txt
"M-real Corporation Stock Exchange Release 27 August 2009 at 3.15 pm M-real has received the EUR 190 million cash payment from Sappi M-real Corporation , a part of Mets+ñliitto Group , divested its Graphic Papers business to Sappi Limited at the end of 2008 for EUR 750 million .",neutral,Sentences_75Agree.txt
"N +1 Group will pay EUR16 .5 m of the transaction price upon closing , and the remaining sum in 2012 .",neutral,Sentences_75Agree.txt
ND = Not disclosed .,neutral,Sentences_75Agree.txt
Negotiations with representatives of the personnel regarding the restructuring process have now been ended .,neutral,Sentences_75Agree.txt
Neither of the companies use genetically engineered soy at the moment .,neutral,Sentences_75Agree.txt
"Neste Oil will publish its third quarter 2008 results on Friday , 24 October 2008 at approximately 9 am ( EET ) .",neutral,Sentences_75Agree.txt
New Novator products are supposed to be exported .,neutral,Sentences_75Agree.txt
"Niina Nenonen , Marimekko 's current director for clothing , bags and accessories lines , will take up this role .",neutral,Sentences_75Agree.txt
No changes in media activity were seen in October compared with September .,neutral,Sentences_75Agree.txt
No decision on such sale of the now issued or existing treasury shares to YA Global has been made yet .,neutral,Sentences_75Agree.txt
No financial detail were available .,neutral,Sentences_75Agree.txt
No financial details were revealed .,neutral,Sentences_75Agree.txt
No financial information was provided .,neutral,Sentences_75Agree.txt
No other ev3 devices were involved in this action .,neutral,Sentences_75Agree.txt
"Nordea Pankki Suomi Oyj , according to previously announced , has made forward contracts on Alma Media Corporation shares .",neutral,Sentences_75Agree.txt
Nordea 's chairman of the board Hans Dalborg has informed the nomination committee that he will not be up for re-election at the Annual General Meeting in 2011 .,neutral,Sentences_75Agree.txt
Nordea was the cheapest also for a couple in their 30s with debt .,neutral,Sentences_75Agree.txt
"Nordstjernan will make the offer in approximately one month , in September 2007 .",neutral,Sentences_75Agree.txt
Number of offers received for this contract is two .,neutral,Sentences_75Agree.txt
NWC ANALYSIS :,neutral,Sentences_75Agree.txt
Odell has not contacted the State of Finland in this issue .,neutral,Sentences_75Agree.txt
"Okhta Center area is expected to have about 700,000 square metres of office premises by 2016 .",neutral,Sentences_75Agree.txt
Okmetic has used the furnaces for the contract manufacturing of solar crystals .,neutral,Sentences_75Agree.txt
Okmetic revised its 2010 financial outlook based on its order book .,neutral,Sentences_75Agree.txt
"On 25 August 2009 , Sampo 's stake in Nordea was 19.45 % .",neutral,Sentences_75Agree.txt
"One can also apply for jobs directly from the iPad , select which CV to attach and which covering letter is most appropriate for each position .",neutral,Sentences_75Agree.txt
"One price category is for calls on the preferred operator 's network , and another for calls on other operators ' networks .",neutral,Sentences_75Agree.txt
"Operators only need to learn how to use one device for multiple levels of applications , including voice-directed operations .",neutral,Sentences_75Agree.txt
"Originally posted to the PCMag.com security blog , Security Watch .",neutral,Sentences_75Agree.txt
Oriola-KD is a spin-off of Finnish pharmaceutical group Orion Oyj 's wholesale division .,neutral,Sentences_75Agree.txt
"OTHER  North-Rhine Westphalia - Is to issue a benchmark , 5 year fixed rate deal in Euros .",neutral,Sentences_75Agree.txt
Other details were not provided .,neutral,Sentences_75Agree.txt
"PA ) , JPMorgan Chase and Co ( NYSE : JPM ) and Pohjoa Bank are joint lead-managers on the senior , unsecured deal .",neutral,Sentences_75Agree.txt
Panostaja did not disclose the purchase price .,neutral,Sentences_75Agree.txt
Pharmaceutical market in Belgium Global Research & Data Services published recently a market analysis about the pharmaceutical markets in Belgium .,neutral,Sentences_75Agree.txt
Pharmaceutical market in Poland Global Research & Data Services published recently a market analysis about the pharmaceutical markets in Poland .,neutral,Sentences_75Agree.txt
Philips was not available to comment on the report .,neutral,Sentences_75Agree.txt
Pohjola and cooperative banks have continued to combine their branch office network .,neutral,Sentences_75Agree.txt
Ponsse will divide its sales and maintenance service network into six geographical areas .,neutral,Sentences_75Agree.txt
"POYRY PLCCompany Announcement 10 December 2010 at 4.10 p.m. Pursuant to Poyry PLC 's stock option program 2004 , 63 792 new shares of the company have been subscribed since 27 October 2010 with stock options 2004B .",neutral,Sentences_75Agree.txt
"Presentation materials will be posted on the company 's website : www.seahawkdrilling.com in the `` Investor Relations '' section , on the `` Webcast & Presentations '' tab .",neutral,Sentences_75Agree.txt
"Previously , Grimaldi held a 46.43 pct stake in the Finnish company following the takeover bid launched in November 2006 .",neutral,Sentences_75Agree.txt
"Price talk is in the mid-market swaps plus 105 bps area and the leads are Barclays , BNPP , UBS and CBA .",neutral,Sentences_75Agree.txt
"Prior to the transaction , whose financial terms have not been disclosed , Alma Media owned 40 % of Kotikokki net .",neutral,Sentences_75Agree.txt
"Products include Consumer Electronics devices such as mobile phones and their accessories , set-top boxes , flat panel TVs as well as System Solutions products such as infrastructure systems , modules and other industrial segment products .",neutral,Sentences_75Agree.txt
"Proha Plc ( Euronext :7327 ) announced today ( 19 May ) that its fully-owned subsidiary , Safran Software Solutions AS , has agreed to sell its 49 % share of Safran North America LLC to a SNA Holding AS , an investment group based in Norway .",neutral,Sentences_75Agree.txt
"Proline Plus is available in both adjustable single and multichannel models and fixed volume single-channel models , in volume ranges from 0.1 micro litres to 10 ml .",neutral,Sentences_75Agree.txt
"Protalix closed at $ 10.71 on Friday on the American Stock Exchange , giving a market cap of $ 827 million .",neutral,Sentences_75Agree.txt
Protalix is developing genetically engineered proteins from plant cells .,neutral,Sentences_75Agree.txt
"Purchase it for the 12MP snapper , if nothing else .",neutral,Sentences_75Agree.txt
R&D Loan ) .,neutral,Sentences_75Agree.txt
Radiation and today is a full service house expert in radiation and nuclear safety issues .,neutral,Sentences_75Agree.txt
Raisio is the site of the main production plants as well as company headquarters .,neutral,Sentences_75Agree.txt
Rapala VMC Corporation ( Rapala ) is a Finland-based company engaged in the manufacture and distribution of fishing equipment and accessories .,neutral,Sentences_75Agree.txt
"Rautalinko was resposnible also for Mobility Services , and his job in this division will be continued by Marek Hintze .",neutral,Sentences_75Agree.txt
Recently the company decided to build a second identical plant at the same site due to be commissioned toward the end of 2008 .,neutral,Sentences_75Agree.txt
"Retail chain Suomen L+ñhikauppa was given the index 5.8 , airline SAS 5.8 , TeliaSonera 's broadband 6.1 , German retail chain Lidl 6.1 , Tele Finland 's mobile subscriptions 6.1 , Tallink shipping line 6.3 , and power company Helsinki Energy 6.3 .",neutral,Sentences_75Agree.txt
"Risto Jalo , chief executive of Dormus Print and also owner of the remainder of the company , will keep his position after the acquisition .",neutral,Sentences_75Agree.txt
RL-Nordic is a part of Raiffeisen-Banking-Group Austria and is a subsidiary to Raiffeisen-Leasing GmbH in Austria .,neutral,Sentences_75Agree.txt
"Rockwell Collins is a provider of flight deck , cabin and information management solutions for business aircraft operators .",neutral,Sentences_75Agree.txt
"s business sectors are building construction , infrastructure construction and technical building services .",neutral,Sentences_75Agree.txt
Salcomp Manufacturing Oy will pay EUR 35 million in cash to Salcomp in connection with the implementation of the sale and transfer of the Business .,neutral,Sentences_75Agree.txt
"Sampo Housing Loan Bank , a unit of Finland 's Sampo Bank , has priced its EUR1bn ( USD1 .3 bn ) bond at 99.889 % , Reuters reported .",neutral,Sentences_75Agree.txt
SAMPO PLC Jarmo Salonen Head of Investor Relations and Group Communications tel. +358 10 516 0030 Distribution : NASDAQ OMX Helsinki The principal media Financial Supervisory Authority www.sampo.com This announcement is distributed by Thomson Reuters on behalf of Thomson Reuters clients .,neutral,Sentences_75Agree.txt
"SAN FRANCISCO ( MarketWatch ) -- Nokia Corp , the world 's largest cell-phone maker , is using the Consumer Electronics Show in Las Vegas to introduce a high-end , thin folding phone , according to a media report Monday .",neutral,Sentences_75Agree.txt
Sanoma Magazines International will invite other shareholders holding approximately 15 % of the shares to sell their shares .,neutral,Sentences_75Agree.txt
Scanfil plc is a global contract manufacturer and systems supplier for communication and industrial electronics .,neutral,Sentences_75Agree.txt
"schwalm ( at ) outotec.com Eila Paatela , Vice President - Corporate Communications tel. +358 20 529 2004 , mobile +358 400 817198 e-mail eila .",neutral,Sentences_75Agree.txt
"SDM offers general rental equipment , aluminium scaffolding , power generator and hoists to customers in the construction sector .",neutral,Sentences_75Agree.txt
"Seventy-three of those also have more extensive training in products built on the latest ArchestrA technologies , such as the Wonderware System Platform .",neutral,Sentences_75Agree.txt
"So far as is known , he did not sell shares that he owns personally .",neutral,Sentences_75Agree.txt
Solidium now holds 5.0 per cent of the shares Solidium Oy has acquired 5.0 per cent of the shares in Tieto Corporation for approximately EUR 58 million .,neutral,Sentences_75Agree.txt
"Some 3.8 mln euro ( $ 5.2 mln ) of the base acquisition price will be paid in cash and the rest through a subscription offering of a total of 850,000 new Ixonos shares .",neutral,Sentences_75Agree.txt
"Sponda is a property investment company , specialising in commercial properties in the largest cities in Finland and Russia .",neutral,Sentences_75Agree.txt
"ST. PETERSBURG , Oct 14 ( PRIME-TASS ) -- Finnish tire producer Nokian Tyres plans to invest about 50 million euros in the expansion of its tire plant in the city of Vsevolozhsk in Russia 's Leningrad Region in 2011 , the company 's President Kim Gran told reporters Thursday .",positive,Sentences_75Agree.txt
Stichting Pensioenfonds ABP : 4 118 122 shares representing 5.19 % of the share capital and voting rights .,neutral,Sentences_75Agree.txt
"Stockholm , 3 March 2011 About Cybercom The Cybercom Group is a high-tech consultancy that offers global sourcing for end-to-end solutions .",neutral,Sentences_75Agree.txt
"Stockmann and Swedish sector company AB Lindex entered into an agreement on September 30 , 2007 , whereby Stockmann , or a wholly-owned subsidiary of it , will make a public tender offer for all of Lindex 's issued shares .",positive,Sentences_75Agree.txt
"Stora Enso has also had meetings with the labor authorities , Employment and Economic Development Centres and representatives of the government in order to find solutions .",neutral,Sentences_75Agree.txt
"Subscribers of China Unicom , the nation 's second largest mobile phone operator after China Mobile , are expected to release pictures , videos and blog on the Internet via mobile phones as of March 2008 .",neutral,Sentences_75Agree.txt
Sunrise Resources operates in Russian near-shore development markets through its wholly-owned Russian subsidiary and has 80 % of its personnel in Russia .,neutral,Sentences_75Agree.txt
Talvivaara Mining Company Plc Talvivaara Mining Company is an internationally significant base metals producer with its primary focus on nickel and zinc using a technology known as bioheapleaching to extract metals out of ore .,neutral,Sentences_75Agree.txt
"Tampere Science Parks is a Finnish company that owns , leases and builds office properties and it specialises in facilities for technology-oriented businesses .",neutral,Sentences_75Agree.txt
"Target company : Tieto Corporation , Business Identity Code : 0101138-5 Date of change in holding : 22 January 2010 Portion of the shares and votes : The current group holding of OP-Pohjola Group Central Cooperative ( OPK ) is 2982 587 shares , which represents 4.14 % of the shares and voting rights .",neutral,Sentences_75Agree.txt
Technopolis has approximately 130 customer companies in Jyvaskyla .,neutral,Sentences_75Agree.txt
"Tecnomen , headquartered in Espoo , Finland , develops messaging and charging solutions for telecomms operators and service providers worldwide .",neutral,Sentences_75Agree.txt
"Tecnomen 's solution can be used for prepaid and post-paid billing , for charging and rating of voice and video calls , data traffic and any kind of content services in both mobile and fixed networks .",neutral,Sentences_75Agree.txt
"Tecnomen 's system features a new range of value-added services for prepaid and post-paid billing , charging and rating of voice calls , data traffic , or any kind of content services in both mobile and fixed networks .",neutral,Sentences_75Agree.txt
TeliaSonera said about $ 100 million will be invested in the next year in the region to bring mobile coverage to about 90 % of Nepal s population .,positive,Sentences_75Agree.txt
"Teollisuuden Voima Oyj , the Finnish utility known as TVO , said it shortlisted Mitsubishi Heavy s EU-APWR model along with reactors from Areva , Toshiba Corp. , GE Hitachi Nuclear Energy and Korea Hydro & Nuclear Power Co. .",neutral,Sentences_75Agree.txt
Terms of the acquisition were not disclosed .,neutral,Sentences_75Agree.txt
Terms were not disclosed .,neutral,Sentences_75Agree.txt
"The 19,200-square metre technology center is located near University of Tampere in central Tampere .",neutral,Sentences_75Agree.txt
"The 5,000 megawatt wind farm being planned in Raahe would be built offshore in front of Ruukki 's Raahe Works .",neutral,Sentences_75Agree.txt
"The acquired plant has an annual capacity of some 300,000 tonnes and most of its production is sold to domestic customers .",neutral,Sentences_75Agree.txt
The acquisition is expected to take place by the end of August 2007 .,neutral,Sentences_75Agree.txt
"The acquisition was financed with $ 2.56 billion of debt arranged by Goldman , Sachs & Co. .",neutral,Sentences_75Agree.txt
"The airline was targeting travel agents , tour operators and travel management companies to raise awareness first before targeting consumers , he added .",neutral,Sentences_75Agree.txt
"The Annual Report contains the financial statements , the consolidated financial statements , the report by the Board of Directors and the auditor 's report .",neutral,Sentences_75Agree.txt
"The Annual Report will be sent automatically to shareholders holding at least 2,000 Sampo plc shares .",neutral,Sentences_75Agree.txt
"The Apple Inc. iPhone wo n't change the game plan for Verizon Communications Inc. , Chief Executive Ivan Seidenberg said Wednesday .",neutral,Sentences_75Agree.txt
"The approximately 20,000 dwt vessel has been ordered from India .",neutral,Sentences_75Agree.txt
The arrangements do not apply to the group 's units outside Finland .,neutral,Sentences_75Agree.txt
"The Bank of Tokyo-Mitsubishi UFJ , Ltd acted as agent for the loan .",neutral,Sentences_75Agree.txt
The bank VTB24 provides mortgage loans to buy apartments in the complex at 11-13 % per annum in rubles .,neutral,Sentences_75Agree.txt
"The biggest sellers in the chain 's supermarkets in Finland are organic Pirkka tomatoes , carrots , eggs , and meat products .",neutral,Sentences_75Agree.txt
The bond has a value of EUR150m and a maturity of 4 years .,neutral,Sentences_75Agree.txt
The bridge will be built to the south of the existing bridge spanning the strait .,neutral,Sentences_75Agree.txt
"The building will house , for example , Respecta Oy 's Jyvaskyla premises , as well as other companies to be announced later , says Samuel Koivisto , Director of Technopolis operations in Jyvaskyla .",neutral,Sentences_75Agree.txt
"The business units of the InvestLesProm Group cover the full forest industry chain , and the Group owns forests , sawmills , paper and pulp mills , and other processing plants .",neutral,Sentences_75Agree.txt
"The businesses to be divested offer dairy , edible fats , ready-meal and ice-cream packaging to multinational and local customers .",neutral,Sentences_75Agree.txt
"The casing comprises a first side casing member provided with the first side vat segment and a second side casing member provided with the second side vat segment , at least the first side casing member being pivotable about a rotation axis .",neutral,Sentences_75Agree.txt
"The changes will take effect on 1 January 2010 , and they are not estimated to have an impact on the number of employees .",neutral,Sentences_75Agree.txt
"The city will invite , however , a public procurement tender for the tailor-made public furniture , such as park benches , litter receptacles , public toilets , as well as bus shelters , street lights , and other .",neutral,Sentences_75Agree.txt
The combined value of the orders is almost EUR 3mn .,neutral,Sentences_75Agree.txt
The combined value of the orders is EUR 45mn .,neutral,Sentences_75Agree.txt
The combined value of the planned investments is about EUR 30mn .,neutral,Sentences_75Agree.txt
The company also said that it will sell approximately 150 hectares of land to the city of Valkeakoski by the end of the year a part of its `` From job to job '' program .,neutral,Sentences_75Agree.txt
"The company can not give up palm oil altogether , however .",neutral,Sentences_75Agree.txt
The company did not disclose the price of the acquisition .,neutral,Sentences_75Agree.txt
The company distributes Hiab 's products as well as other products .,neutral,Sentences_75Agree.txt
The company does not at present hold any of its own shares .,neutral,Sentences_75Agree.txt
The company does not disclose the sum it applied for .,neutral,Sentences_75Agree.txt
The company expects meat purchases to remain at about 8mn kilos in 2011 .,neutral,Sentences_75Agree.txt
The company expects to open its first online shop in the US in the summer in 2011 .,neutral,Sentences_75Agree.txt
"The company has decided to stop the operations of Ruukki Construction Division in Latvia and Lithuania , and concentrate the production and logistics in Parnu , Estonia in 2009 .",neutral,Sentences_75Agree.txt
"The company is headquartered in Sievi , Finland , and is listed on the Nordic Exchange in Helsinki .",neutral,Sentences_75Agree.txt
The company may at any time have in its possession one tenth of all its shares at the maximum .,neutral,Sentences_75Agree.txt
The company operates power plants in the Tyumen and Chelyabinsk regions and in the Khanty-Mansi Autonomous District .,neutral,Sentences_75Agree.txt
"The company operates worldwide and employs in total approximately 47,000 persons .",neutral,Sentences_75Agree.txt
The company reiterates its outlook for 2009 .,neutral,Sentences_75Agree.txt
"The company 's board of directors will propose a dividend of EUR 0.95 per share for 2008 at the annual general meeting , scheduled to be held on March 23 , 2009 .",neutral,Sentences_75Agree.txt
The company 's board of directors would propose a dividend of EUR0 .15 per share for 2005 .,neutral,Sentences_75Agree.txt
The company 's board of directors would propose a dividend of EUR1 .00 per share for 2005 .,neutral,Sentences_75Agree.txt
The company 's equipment rental portfolio consists primarily of tools for small and mid-sized customers in the construction industry .,neutral,Sentences_75Agree.txt
The company 's model is based on developer contracting construction projects and customer focused project management .,neutral,Sentences_75Agree.txt
The company said that the results of the third quarter do not include non-recurring items .,neutral,Sentences_75Agree.txt
The company says the measures are no longer needed .,neutral,Sentences_75Agree.txt
"The Company serves approximately 3,000 customers in over 100 countries .",neutral,Sentences_75Agree.txt
"The company serves customers in various industries , including process and resources , industrial machinery , architecture , building , construction , electrical , transportation , electronics , chemical , petrochemical , energy , and information technology , as well as catering and households .",neutral,Sentences_75Agree.txt
"The company serves customers in various industries , including process and resources , industrial machinery , architecture , building , construction , electrical , transportation , electronics , chemical , petrochemical , energy , and information technology , as well as catering and households .",neutral,Sentences_75Agree.txt
"The company was supposed to deliver machinery to a veneer mill in the Tomsk region , in Russia .",neutral,Sentences_75Agree.txt
"The company will disclose further details , including the anticipated transaction timetable and the name of the new investor , within one week .",neutral,Sentences_75Agree.txt
The company will propose a dividend of EUR0 .12 per share for 2008 .,neutral,Sentences_75Agree.txt
The construction project is scheduled to start in the second quarter of 2009 and the new building is scheduled to be in place by the end of 2010 .,neutral,Sentences_75Agree.txt
"The contract also includes installation work in a new multistorey carpark for close on 1,000 vehicles .",neutral,Sentences_75Agree.txt
"The contract comprises a log handling line , a peeling line , and a veneer drying and grading line .",neutral,Sentences_75Agree.txt
"The contract covers the supply of temporary heating equipment for LKAB 's new pellet plant in Kiruna , in northern Sweden .",neutral,Sentences_75Agree.txt
The contract has been allotted as per lowest price criteria .,neutral,Sentences_75Agree.txt
"The contract includes design , construction , delivery of equipment , installation and commissioning .",neutral,Sentences_75Agree.txt
"The contract includes software licences , application maintenance and training .",neutral,Sentences_75Agree.txt
"The contract incorporates a Convergent Charging rating solution for voice and data , which includes Internet , GPRS , SMS , MMS and WAP .",neutral,Sentences_75Agree.txt
The contract is for next year .,neutral,Sentences_75Agree.txt
The contract will take effect in 2009 for a five or ten year period .,neutral,Sentences_75Agree.txt
"The contracts between Raute Corporation and Muling Kemian Wood Products Co. , Ltd. , which were announced on 3 November 2010 , have taken effect .",neutral,Sentences_75Agree.txt
"The contracts of the employees , 96 of whom are blue-collar workers , will be ended between March and August 2011 .",negative,Sentences_75Agree.txt
The CVs of the proposed members are available for viewing from 12 March 2008 onwards on the Internet at www.sampo.com/ir .,neutral,Sentences_75Agree.txt
The deal also includes a ten-year maintenance agreement .,neutral,Sentences_75Agree.txt
The deal includes an option for Cramo to buy out the minority stake in 2011 .,neutral,Sentences_75Agree.txt
"The deal includes the entire personnel of PlanMill Oy , who will transfer to the new company as so-called old employees .",neutral,Sentences_75Agree.txt
"The decision of the French Court relates to the claims raised by twenty-one former Aspocomp S.A.S employees , the company said .",neutral,Sentences_75Agree.txt
The divested stake represented about 2.7 m shares in Okmetic 's capital .,neutral,Sentences_75Agree.txt
The dividends payable annually shall be deducted from the share subscription price .,neutral,Sentences_75Agree.txt
The duration of the contract is 37 months .,neutral,Sentences_75Agree.txt
The ECB can mainly target inflation .,neutral,Sentences_75Agree.txt
The employee negotiations are to address measures needed to adjust the operations to the present production situation .,neutral,Sentences_75Agree.txt
The energy shot is packed in a 100-millilitre bag with a screw cap .,neutral,Sentences_75Agree.txt
The exercise price of the option will be based on Safran Software Solutions ' license and maintenance sales as well as the result of the company .,neutral,Sentences_75Agree.txt
"The facility will be used to refinance Citycon 's existing credit facility , the company said .",neutral,Sentences_75Agree.txt
The fair value of CapMan Plc 's own investments on 30 September 2008 amounted to MEUR 59.8 .,neutral,Sentences_75Agree.txt
The financial details of the acquisition were not disclosed .,neutral,Sentences_75Agree.txt
The financial details of the transaction were not disclosed .,neutral,Sentences_75Agree.txt
The Financial Statements and Interim Reports will be released around at 9.00 a.m. ( Finnish time ) on the given dates .,neutral,Sentences_75Agree.txt
The financial statements release will be available after publishing on the Company 's internet pages at www.cargotec.com .,neutral,Sentences_75Agree.txt
The Finnish paints company acquired the remaining 49 pct that it did not own from Ukraine 's LGU for an undisclosed sum .,neutral,Sentences_75Agree.txt
"The firm is headquartered in Vantaa , southern Finland and has 16 employees .",neutral,Sentences_75Agree.txt
"The firm 's services include copying , printing , CAD-modelling , digital printing , scanning , SokoPro project bank and courier services .",neutral,Sentences_75Agree.txt
"The first four of the new shop-in-shops will be opened this spring : on Madison Avenue in New York as well as in Chicago , Los Angeles and San Francisco .",neutral,Sentences_75Agree.txt
The fixed acquisition price amounts to NOK 70 ( approximately EUR 8.7 ) million and additional price NOK 15 ( EUR 1.8 ) million at maximum .,neutral,Sentences_75Agree.txt
"The fixed-term contract of Mr. Jarmo Ukonaho , the current General Manager of Incap 's Indian operations , will finish by the end of the year .",neutral,Sentences_75Agree.txt
"The flagship will open this fall in Manhattan 's Flatiron District in the `` Toy Building , '' at 200 Fifth Avenue .",neutral,Sentences_75Agree.txt
The full-function PC weighs 1.25 kilograms and measures slightly more than two centimeters thin .,neutral,Sentences_75Agree.txt
The government has instead proposed an exchange of the state 's stake in LMT to TeliaSonera 's stake in Lattelecom .,neutral,Sentences_75Agree.txt
The group reiterated its forecast that handset manufacturers will sell around 915 mln units this year globally .,neutral,Sentences_75Agree.txt
"The Group 's business sectors are Building Construction , Infrastructure Construction , Technical Building Services , and Building Products .",neutral,Sentences_75Agree.txt
The group said it intends to initiate within this year the process of buyout of minority shareholders of Ragutis with the aim of becoming the sole owner of the company .,neutral,Sentences_75Agree.txt
The GyPSii mobile social networking application is available in China with both Chinese and English language support .,neutral,Sentences_75Agree.txt
The handset maker did not disclose any financial details .,neutral,Sentences_75Agree.txt
"The hosting mobile terminal guides information flow between itself , the participating terminals , and optionally , with network servers that may assist the hosting mobile terminal .",neutral,Sentences_75Agree.txt
"The huge bridge girders will be delivered to the site from our plant in Ylivieska , Finland .",neutral,Sentences_75Agree.txt
The idea of saving electricity in data transfer is still a new one .,neutral,Sentences_75Agree.txt
The identity of the buyer is not yet known .,neutral,Sentences_75Agree.txt
The Insolvency Act regulates the amount of debt that borrowers are permitted to write off .,neutral,Sentences_75Agree.txt
The intent of the article was to focus attention on the fact that the development model that China had followed was very different than the model that India had followed .,neutral,Sentences_75Agree.txt
The investment would be some EUR5m .,neutral,Sentences_75Agree.txt
"The latest result included per-share charges of 5 cents for stock compensation , 1 cent for research and development and 1 cent for strategic investments .",neutral,Sentences_75Agree.txt
The machinery now ordered will be placed in a new mill with an annual production capacity of 40 000 m3 of overlaid birch plywood .,neutral,Sentences_75Agree.txt
"The major part of the deliveries include different AC and CXE amplifier solutions and products by Belgian DINH Telecom , a broadband solutions company acquired by Teleste in the spring of 2007 .",neutral,Sentences_75Agree.txt
"The major part of the deliveries include different AC and CXE amplifier solutions and products by DINH Telecom , a company acquired by Teleste last spring .",neutral,Sentences_75Agree.txt
"The market share of Volkswagen passenger cars in Finland was 10.1 percent , Audi had a market share of 3.1 percent and Seat 's share was 0.9 percent .",neutral,Sentences_75Agree.txt
"The market value of one crane is some USD6m , reported the Finnish news agency STT .",neutral,Sentences_75Agree.txt
"The markets are almost completely controlled by three banks : Nordea , OP Bank Group , and Sampo .",neutral,Sentences_75Agree.txt
"The maximum grade of the veneer yield is calculated , based on the dimensions and grades of the veneer products , as well as by iterating the places of the peeling axes and simulating the peeling process .",neutral,Sentences_75Agree.txt
"The maximum obligated total trades per day is ISK 400,000,000 market value .",neutral,Sentences_75Agree.txt
The medium-term operative targets of the company remain unchanged .,neutral,Sentences_75Agree.txt
The MET is located in the Central Business District ( CBD ) of Bangkok .,neutral,Sentences_75Agree.txt
The most significant challengers in the market are Logset and Sampo-Rosenlew .,neutral,Sentences_75Agree.txt
The name of the buyer was not disclosed .,neutral,Sentences_75Agree.txt
The name of the newspaper publishing and printing division Sanoma will be changed to Sanoma News .,neutral,Sentences_75Agree.txt
"The Network Test Business is part of Elektrobit 's Test and Automation Business Segment and employs 39 people in Finland and 22 people abroad , mainly in the US and Asia .",neutral,Sentences_75Agree.txt
The new chain has 700 discount stores and 250 supermarkets .,neutral,Sentences_75Agree.txt
"The new company , DiaPol S.r.l. , would manufacture tools meant for glass and stone pre-processing .",neutral,Sentences_75Agree.txt
"The new Kroksberg railway tunnel will be built on a new section of track between Harnosand and Veda , forming part of the line that follows the coast of the Gulf of Bothnia .",neutral,Sentences_75Agree.txt
The new location is n't the only change Wellmont has in store for its air transport service .,neutral,Sentences_75Agree.txt
The new name of the Sanoma Division will be Sanoma News .,neutral,Sentences_75Agree.txt
The new units should become one of the largest ones within the company .,neutral,Sentences_75Agree.txt
The Notice in its entirety with other proposals from the Nomination Committee and the Board will be published at least four weeks before 28 April on the company 's website and in Post - och Inrikes Tidningar and Dagens Industri .,neutral,Sentences_75Agree.txt
"The number of class A shares remains unchanged at 9,526,089 shares .",neutral,Sentences_75Agree.txt
The number of magazine and newspaper readers remained unchanged .,neutral,Sentences_75Agree.txt
"The objective is that trading in the shares will commence on May 2 , 2007 .",neutral,Sentences_75Agree.txt
The online ice chart shows no ice in the area of Estonia 's sea ports on the coast of the Gulf of Finland .,neutral,Sentences_75Agree.txt
"The order includes a log handling line , peeling line and drying line for the production of parquet base layer veneer for Plyfa 's Hassela mill , central Sweden .",neutral,Sentences_75Agree.txt
The order is a follow-on to an 11 mln euro ( $ 16.1 mln ) deal made in July 2007 .,neutral,Sentences_75Agree.txt
The order is included in Metso 's fourth quarter 2007 order backlog .,neutral,Sentences_75Agree.txt
The order is related to renewing the network of the telecommunications operator .,neutral,Sentences_75Agree.txt
The orders are part of a long-term development plan of Latvijas Finieris .,neutral,Sentences_75Agree.txt
"The orders consist in total of over 1,600 panels of lift-away weatherdeck hatch covers and they will be delivered for container vessels with capacities ranging from 2,000 to 13,300 TEUs .",neutral,Sentences_75Agree.txt
The other deal is for process cranes to the Russian steel mill PNTZ in Pervorouralsky through an order placed by Turkish construction company Gama Endustri Tesisleri Imalat ve Montaj AS .,neutral,Sentences_75Agree.txt
"The other two sellers were the Finnish National Fund for R&D ( Sitra ) and Oras Invest Oy , which also sold half of their shareholdings , leaving them with 3.8 pct and 3.2 pct of the company respectively .",neutral,Sentences_75Agree.txt
"The outsourcing agreement , which covers equipment and depots in Turku and Tampere , will run for five years , Cramo said on Thursday .",neutral,Sentences_75Agree.txt
The owners who have participated in the business operations of the company will continue in Poyry 's employment after the transaction .,neutral,Sentences_75Agree.txt
The parties have therefore agreed to leave Avena out of the deal .,neutral,Sentences_75Agree.txt
The passenger tunnel is expected to be put into operation in 2009 .,neutral,Sentences_75Agree.txt
The personnel s expertise and high level of technology play a major role in Exel Composites operations .,neutral,Sentences_75Agree.txt
The plant is expected to enter commercial operation by mid-2009 .,neutral,Sentences_75Agree.txt
The plant is expected to start production in the first half of 2007 .,neutral,Sentences_75Agree.txt
The plant will collect raw material from the Baltic Sea region .,neutral,Sentences_75Agree.txt
"The platen edges in contact with the band are provided with a seal having a protrusion directed towards the middle area of the platen , and means are provided to exert and maintain a pressure in the volume defined by the platen , the band and the seal . ''",neutral,Sentences_75Agree.txt
The platform would continue to be the development framework for Symbian and MeeGo .,neutral,Sentences_75Agree.txt
"The Point Village , designed by Scott Tallon Walker , will include a shopping center , office premises , a hotel and a cinema .",neutral,Sentences_75Agree.txt
"The port facilities ' throughput is 250,000 TEUs and 7.5 mln tons of general cargo .",neutral,Sentences_75Agree.txt
The power generated annually by Loviisa covers about 10 % of Finland 's electricity consumption .,neutral,Sentences_75Agree.txt
"The power supplies , DC power systems and inverters designed and manufactured by Efore , and systems incorporating them are used in many different applications .",neutral,Sentences_75Agree.txt
The presentation material can be viewed on the company 's website in English after the conference .,neutral,Sentences_75Agree.txt
The previous offer was 3.4 % of voting rights and 12.3 % of capital .,neutral,Sentences_75Agree.txt
The price of GMO soy is 5 % -7 % lower than that of non-GMO .,neutral,Sentences_75Agree.txt
"The Process Products orders are for the installation of separation-filtration equipment at three natural gas pipeline projects in China , South America , and Saudi Arabia .",neutral,Sentences_75Agree.txt
"The product advisory does not apply to any other Nokia-branded battery , the company said .",neutral,Sentences_75Agree.txt
The project also implies an underground parking lot for 56 vehicles .,neutral,Sentences_75Agree.txt
The properties were purchased from Swedish private equity real estate firm Niam and Goldman Sachs ' Whitehall Street Real Estate Funds .,neutral,Sentences_75Agree.txt
The proposal that the Board of Directors will make at the Annual General Meeting is attached as a whole to this release .,neutral,Sentences_75Agree.txt
The proposed consolidation activities will impact approximately 30 positions .,neutral,Sentences_75Agree.txt
The purchase price was not disclosed .,neutral,Sentences_75Agree.txt
The reductions will be concluded by autumn 2010 .,neutral,Sentences_75Agree.txt
"The reductions will be implemented immediately , beginning in October 2009 .",neutral,Sentences_75Agree.txt
The reductions will be implemented mainly in the course of the first half of 2009 .,neutral,Sentences_75Agree.txt
"The repo rate will gradually reach 2 % at the end of 2010 , according to Nordea 's Economic Outlook .",neutral,Sentences_75Agree.txt
"The report profiles 158 companies including many key and niche players including major Nonwovens manufacturers such as Ahlstrom Corporation , Asahi Kasei Corporation , Buckeye Technologies , Inc. , EI .",neutral,Sentences_75Agree.txt
The report will be emailed within 2 business days of an order .,neutral,Sentences_75Agree.txt
"The RME from Telcontar enables the handset to calculate the best route and includes support for user-defined routes , feature navigability and multi-modal routing such as via foot and ferry .",neutral,Sentences_75Agree.txt
The sale price was not disclosed .,neutral,Sentences_75Agree.txt
The sales price was not disclosed .,neutral,Sentences_75Agree.txt
"The second variant offers complete final finishing of any selected apartment with foreign high quality materials ( Finland , Denmark , Germany , France ) .",neutral,Sentences_75Agree.txt
The secondary antenna can also be used for reception of the high power signal of the radar to calibrate the transmission channels of the radar . '',neutral,Sentences_75Agree.txt
"The sellers include 40 shareholders , including Intellibis management , employees and other investors .",neutral,Sentences_75Agree.txt
The sellers were EOSS Innovationsmanagement and a group of private individuals .,neutral,Sentences_75Agree.txt
The sellers were the founders of the company .,neutral,Sentences_75Agree.txt
The serial bond is part of the plan to refinance the short-term credit facility .,neutral,Sentences_75Agree.txt
"The share capital of Basware Corporation is 11,720,829 .",neutral,Sentences_75Agree.txt
"The share capital of Biotie Therapies Corp. constitutes 90,211,860 shares in the aggregate and the number of voting rights attached to the shares amounts to 90,211,860 .",neutral,Sentences_75Agree.txt
"The share sale , to foreign and Finnish investors , is expected to raise some euro300 million ( US$ 380 million ) .",neutral,Sentences_75Agree.txt
The share subscription period for stock options 2007A is between 1 April 2010 and 31 March 2012 .,neutral,Sentences_75Agree.txt
The shares represented 4.998 % of total share capital and 2.14 % of total voting rights .,neutral,Sentences_75Agree.txt
The shares shall be acquired according to the Rules of NASDAQ OMX Helsinki and otherwise according to the rules related to acquisition of the company 's own shares .,neutral,Sentences_75Agree.txt
The shares subscribed will be eligible for trade on the following day from the registration .,neutral,Sentences_75Agree.txt
The size of a cider bottle will remain unchanged .,neutral,Sentences_75Agree.txt
The solution will now be expanded to include all ground staff tasks .,neutral,Sentences_75Agree.txt
"The start of the negotiations , relating to Glaston 's efficiency program , was announced in October .",neutral,Sentences_75Agree.txt
"The subject of the project is provide to the company like : Software programming and consultancy services , Computer-related services , Data services , Computer support and consultancy services , Internet services etc. .",neutral,Sentences_75Agree.txt
The Swedish player became majority owner of UCell in mid-2007 .,neutral,Sentences_75Agree.txt
"The talks involved the Food and Ingredients Divisions , as well as group service functions , the company said .",neutral,Sentences_75Agree.txt
The technology park will be built near St. Petersburg-based Pulkovo airport .,neutral,Sentences_75Agree.txt
"The technology will become available to businesses from the fourth quarter , Nokia said .",neutral,Sentences_75Agree.txt
"The Tecnomen Convergent Charging solution includes functionality for prepaid and post-paid billing , charging and rating of voice calls , video calls , raw data traffic and any type of content services in both mobile and fixed networks .",neutral,Sentences_75Agree.txt
"The Tekla Structures 16 installation has been built according to Microsoft 's requirements for the Windows 7 certification , the Company added .",neutral,Sentences_75Agree.txt
"The total number of voting rights is 74,612,523 .",neutral,Sentences_75Agree.txt
"The total restructuring costs are expected to be about EUR 30mn , of which EUR 13.5 mn was booked in December 2008 .",neutral,Sentences_75Agree.txt
"The total size of the complex is around 25,000 m2 and the project will be constructed in stages .",neutral,Sentences_75Agree.txt
The total value of the deliveries is some EUR65m .,neutral,Sentences_75Agree.txt
"The total value of the order , placed by Aspo ' marine transportation subsidiary ESL Shipping Oy , is EUR 60 million ( USD 77.5 m ) .",neutral,Sentences_75Agree.txt
"The train is expected to cross the Russian territory in 9 days , reaching the Vostochny port .",neutral,Sentences_75Agree.txt
The transaction is expected to be finalized by Dec 2009 .,neutral,Sentences_75Agree.txt
"The transaction is subject to a final agreement between the parties , approvals of their decision-making bodies and approval by the Finnish Competition Authority .",neutral,Sentences_75Agree.txt
The transaction was announced on September 29 when Pohjola Insurance agreed to pay EUR 80 million ( USD 106.3 m ) in cash for Pohjantahti .,neutral,Sentences_75Agree.txt
The turbines are expected to be launched by the end of 2012 .,neutral,Sentences_75Agree.txt
The use of validation rule base enables verifying that processing rule bases managed by different administrators fulfil some set requirements .,neutral,Sentences_75Agree.txt
The value of the order is about EUR 30mn .,neutral,Sentences_75Agree.txt
The value of the order is around EUR 100 million .,neutral,Sentences_75Agree.txt
The value of the order is EUR 2.5 mn .,neutral,Sentences_75Agree.txt
The value of the order is EUR 4mn .,neutral,Sentences_75Agree.txt
"The value of the order is EUR 700,000 .",neutral,Sentences_75Agree.txt
The value of the order is nearly EUR400m .,neutral,Sentences_75Agree.txt
The value of the order is USD 2.2 mn .,neutral,Sentences_75Agree.txt
The value of the order is USD 2.3 mn .,neutral,Sentences_75Agree.txt
The value of the orders is about EUR 25mn .,neutral,Sentences_75Agree.txt
The value of the orders is about EUR 70mn .,neutral,Sentences_75Agree.txt
The value of the orders is over EUR 10mn .,neutral,Sentences_75Agree.txt
The value of the orders is over EUR 25mn .,neutral,Sentences_75Agree.txt
The value of the total investment is about EUR 600mn .,neutral,Sentences_75Agree.txt
The webcast may be followed online on the company website at www.ruukki.com/investors .,neutral,Sentences_75Agree.txt
"The Whitehall Street Real Estate Funds invest in real estate and real estate related assets , principally through the acquisition of real estate companies , real property and mortgage loans .",neutral,Sentences_75Agree.txt
The volume of investments in the two phases of the project is estimated at USD 300mn ( EUR 215.03 mn ) .,neutral,Sentences_75Agree.txt
The volumes are expected to increase during the next few years .,positive,Sentences_75Agree.txt
"The world of glass is coming to Egypt and we invite Visitors from all around the world to attend Glass World Exhibition 2009 , Register Now at www.glassworldex.com",neutral,Sentences_75Agree.txt
Their names have not yet been released .,neutral,Sentences_75Agree.txt
There did not seem to be enough hours in a day for Pekkarinen .,neutral,Sentences_75Agree.txt
"There will be return flights from Stuttgart every morning , as well as evening departures on Thursdays , Fridays and Sundays .",neutral,Sentences_75Agree.txt
"Therefore , Phase III of the research will not be conducted by Abbott .",neutral,Sentences_75Agree.txt
"These include software development for internet and mobile telephone content , communications , value-added software , financial services , security applications , systems integration and electronics , '' EBRD informed .",neutral,Sentences_75Agree.txt
"These include software development for internet and mobile telephone content , communications , value-added software , financial services , security applications , systems integration and electronics .",neutral,Sentences_75Agree.txt
These module products will be available for trials during 3Q-07 and for volume deliveries during 4Q-07 .,neutral,Sentences_75Agree.txt
"These sections will be put into place to form the load-bearing steel structure of the bridge , '' says Sami Eronen , Senior Vice President , Infrastructure and Northern Europe , Ruukki Construction .",neutral,Sentences_75Agree.txt
"They can be used to control the speed of electric motors used by industry and municipal engineering , and in power generation using renewable energy .",neutral,Sentences_75Agree.txt
They will be sunk to a depth of some 360-380 metres and fixed to the bottom mud by vacuum .,neutral,Sentences_75Agree.txt
This amount will not be included in the pensionable salary .,neutral,Sentences_75Agree.txt
This corrensponds to 4.628 percent of Okmetic 's share capital and voting rights .,neutral,Sentences_75Agree.txt
This corresponds to 6.81 percent of Okmetic 's share capital and voting rights .,neutral,Sentences_75Agree.txt
This includes a EUR 39.5 mn change in the fair value of investment properties .,neutral,Sentences_75Agree.txt
"This will be done domestically and in neighboring markets , both organically and through acquisitions .",neutral,Sentences_75Agree.txt
This would be a huge process .,neutral,Sentences_75Agree.txt
"Through the new production lines at the Novator mill in Veliky Ustjug , Vologda Oblast , Sveza will change its current 1.5 m by 1.5 m birch plywood production targeting the domestic market to produce 1.5 m by 3.0 m overlaid birch plywood for the global market .",neutral,Sentences_75Agree.txt
"Through the Nordic Exchange , OMX offers access to approximately 80 percent of the Nordic and Baltic securities market .",neutral,Sentences_75Agree.txt
"Tiimari 's registered share capital is 16,474,755 shares as per today .",neutral,Sentences_75Agree.txt
"Tikkurila , a division of Kemira group , controls about 23 % of the Russian market in its field and owns St. Petersburg paint producer TEX. .",neutral,Sentences_75Agree.txt
"treatment products in Usa , Canada , Mexico , Australia and Brazil Today , Global Research & Data Services is going to publish several market analyses about the markets for water treatment products in some selected countries .",neutral,Sentences_75Agree.txt
Two of these contracts are for turntable anode vibrocompactors that will be delivered to Gansu Hualu Aluminum Co Ltd and another unnamed costumer .,neutral,Sentences_75Agree.txt
"Tyrvaan Sanomat , published twice a week by Tyrvaan Sanomat Oy , appears in Sastamala and Kiikoinen .",neutral,Sentences_75Agree.txt
"U.S.-based T Corp. is in talks with Scandinavian telecoms company TeliaSonera to sell its stake in Uzbek cellular operator Coscom , an executive at Coscom told Interfax .",neutral,Sentences_75Agree.txt
"Uncertainties still exist , however .",neutral,Sentences_75Agree.txt
"Under the deal , Know IT will pay SEK90m ( USD12 .8 m-EUR8 .6 m ) in cash and stock .",neutral,Sentences_75Agree.txt
"Under the plan , which CSES worked out together with Public Policy Management Institute ( PPMI ) and other partners , buildings with a total area of 10,000 square meters should be built on the territory in the first phase .",neutral,Sentences_75Agree.txt
Unilever 's Turun Sinappi that is made in Sweden holds 40 % of the market .,neutral,Sentences_75Agree.txt
Union and company officials did not return calls yesterday .,neutral,Sentences_75Agree.txt
"UPM is talking to Myllykoski+ó s creditor banks -- Nordea ( STO : NDA ) , Nordic Investment Bank and Danske Bank+ó s ( CPH : DANSKE ) Sampo Bank -- over a deal , the paper said .",neutral,Sentences_75Agree.txt
"Upon completion of these transactions , Metso 's stake will amount to more than 60 % .",neutral,Sentences_75Agree.txt
"Upon establishment , the plan is directed to approximately 20 persons .",neutral,Sentences_75Agree.txt
Vacon recently announced plans to build its North American headquarters at 5 Business Park in Chambersburg .,neutral,Sentences_75Agree.txt
"Vaisala , headquartered in Helsinki in Finland , develops and manufactures electronic measurement systems for meteorology , environmental sciences , traffic and industry .",neutral,Sentences_75Agree.txt
"Vaisala 's Present Weather Detector measures visibility up to 20 km , as well as precipitation type and intensity .",neutral,Sentences_75Agree.txt
"Water Treatment Products In Australia Today , Global Research & Data Services is going to publish a market analysis about the market for chemical water treatment products in Australia .",neutral,Sentences_75Agree.txt
We are now taking Marimekko there on a distinctly more significant scale .,neutral,Sentences_75Agree.txt
What we think ?,neutral,Sentences_75Agree.txt
"When the negotiations were started , Neste Oil anticipated that 450 people would be affected .",neutral,Sentences_75Agree.txt
"When the product is manufactured in Finland , it is also packed in the country .",neutral,Sentences_75Agree.txt
Why not give your bedroom a cool makeover for summer .,neutral,Sentences_75Agree.txt
"With five different game modes , co-op tournaments , 4 player split-screen and multiplayer modes , players can have as much fun as they would if they were actually fishing .",neutral,Sentences_75Agree.txt
"With sales of $ 12.7 billion over the last twelve months ending October , 2010 and over 9,200 stores in 35 states , Dollar General is the nation 's largest small box discount retailer .",neutral,Sentences_75Agree.txt
"With the U.S. Federal Government putting a stake in the ground , vendors - and their customers - are focused on meeting the deadline .",neutral,Sentences_75Agree.txt
"With this , the company will exit the contract manufacturing service segment .",neutral,Sentences_75Agree.txt
"Von Koskull will oversee a new unit of Nordea , which brings together corporate merchant banking , financial institutions and capital markets products divisions .",neutral,Sentences_75Agree.txt
"Votorantim Celulose e Papel ( VCP ) is part of the Votorantim Group , a major Brazilian conglomerate .",neutral,Sentences_75Agree.txt
"YIT acquired investment rights to a 10,000 square metre residential project in Yaroslavl and to a 16,400 square metre project in Moscow .",neutral,Sentences_75Agree.txt
"YIT CORPORATION SEPT. 24 , 2007 at 13:30 CORPORATE RELEASE STOCK EXCHANGE RELEASE YIT 'S CAPITAL MARKETS DAY IN LONDON , SEPT. 26 , 2007 On Wednesday , September 26 , 2007 , YIT will hold a Capital Markets Day for investors and analysts in London .",neutral,Sentences_75Agree.txt
You 're not alone .,neutral,Sentences_75Agree.txt
"---------------------------------------------------------------------- -------------- Munich , 14 January 2008 : BAVARIA Industriekapital AG closed the acquisition of Elcoteq Communications Technology GmbH in Offenburg , Germany , with the approval of the",neutral,Sentences_75Agree.txt
- Cash flow from operating activities before investments was EUR 0.8 -1.2 million .,neutral,Sentences_75Agree.txt
- Cash flow from operating activities before investments was EUR 7.6 million EUR 2.5 million .,neutral,Sentences_75Agree.txt
- Profit before taxes was EUR 105.9 82.7 million .,neutral,Sentences_75Agree.txt
"- The Group -¦ s cumulative sales during the review period were EUR 48.2 million EUR 53.1 million , 1-9/2007 and profit before taxes was EUR 1.2 1.4 million .",neutral,Sentences_75Agree.txt
"- The Group -¦ s profit before taxes was EUR 0,2 7,8 million .",neutral,Sentences_75Agree.txt
"- The Group -¦ s sales during the period were EUR 31.6 million EUR 36.6 million , 1-6/2007 and profit before taxes was EUR 0.2 1.3 million .",neutral,Sentences_75Agree.txt
"Compagnie de Financement Foncier - Is to issue a benchmark , 10 year covered deal in Euros .",neutral,Sentences_75Agree.txt
The company continued the development of a fully human antibody in its VAP-1 antibody program .,neutral,Sentences_75Agree.txt
The profit after taxes was EUR 57.7 11.1 million .,neutral,Sentences_75Agree.txt
"Westpac Banking Corp - Is to issue a benchmark , 3 year FRN deal in Euros .",neutral,Sentences_75Agree.txt
"`` Because we 're a pension insurance company , we 're required to diversify and not put too much in one asset class .",neutral,Sentences_75Agree.txt
`` Lemminkainen Talo Oy 's Lahti office is a significant logistics and business premises constructor .,neutral,Sentences_75Agree.txt
`` Marimekko operates in an industry in which changes in the business climate are reflected in consumer demand .,neutral,Sentences_75Agree.txt
"`` Over the years , the color orange has become synonymous with quality .",neutral,Sentences_75Agree.txt
"`` The enterprise value of the Fray Bentos pulp mill and Forestal Oriental totals approximately euro1 .6 billion , '' UPM said .",neutral,Sentences_75Agree.txt
`` The new unit is a major investment in the Finnish media scene .,neutral,Sentences_75Agree.txt
`` These developments partly reflect the government 's higher activity in the field of dividend policy . '',neutral,Sentences_75Agree.txt
`` This could be us .,neutral,Sentences_75Agree.txt
`` We are selling an information systems development business to the Finns .,neutral,Sentences_75Agree.txt
"`` We have a group of 120 volunteers made up of Digicel employees who will manage the distribution ... Over the next week , they will distribute the 19,000 tents to more than 150 organizations , '' Digicel Haiti CEO Maarten Boute said .",neutral,Sentences_75Agree.txt
"`` We have come out with a decision which is based on our preliminary economic , operational and environmental findings , '' Karvinen said .",neutral,Sentences_75Agree.txt
"8,600 m , and at the time of investment it is fully leased to several tenants .",neutral,Sentences_75Agree.txt
A filter is used to pre-process packets to determine if they need to be further processed by the processor of the network device .,neutral,Sentences_75Agree.txt
"A total of 15,000 new Citycon shares with a nominal value of EUR 1.35 per share were subscribed between 17 and 23 March 2006 exercising the A-B-C options based on the company 's stock option plan 1999 .",neutral,Sentences_75Agree.txt
ABN : 59 087 901 620 now represent 5.10 % of the voting rights and share capital of Citycon Oyj .,neutral,Sentences_75Agree.txt
"According to Finnish Aktia Bank 's Managing Director Jussi Laitinen , the bank 's aim is to triple the number of its customers in Finland in the next five years .",positive,Sentences_75Agree.txt
"According to Finnish financial services group Sampo 's CEO , Bj+Ârn Wahlroos , Danish Danske Bank 's acquisition of Sampo Bank for EUR 4bn was the largest cash deal in Finland 's economic history .",neutral,Sentences_75Agree.txt
"According to Finnish Scanfil 's founder and chairman of the board , Jorma J. Takanen , the company has to look for growth abroad .",neutral,Sentences_75Agree.txt
"Finnish property investment company Citycon will expand and refurbish +àkersberga shopping center in Stockholm , in Sweden .",neutral,Sentences_75Agree.txt
"After non-recurring items of EUR 177mn , profit amounted to EUR 20mn .",neutral,Sentences_75Agree.txt
"After the acquisition , Basware 's preliminary pro forma net sales for 2005 amount to EUR 52.6 mn , and preliminary pro forma operating profit amounts to EUR 7.1 mn .",neutral,Sentences_75Agree.txt
"After the sale , Outokumpu 's share of the technology unit will be reduced to some 12-20 percent .",neutral,Sentences_75Agree.txt
"Ahlstrom , headquartered in Helsinki , Finland , is a global company involved in the development , manufacture and marketing of high performance fibre-based materials .",neutral,Sentences_75Agree.txt
"Ahlstrom , headquartered in Helsinki , Finland , is a global leader in the development , manufacture and marketing of high performance fibre-based materials .",neutral,Sentences_75Agree.txt
"Ahlstrom Corporation STOCK EXCHANGE ANNOUNCEMENT 7.2.2007 at 10.30 A total of 56,955 new shares of Ahlstrom Corporation have been subscribed with option rights under the company 's stock option programs I 2001 and II 2001 .",neutral,Sentences_75Agree.txt
"Aldata Solution , a global company engaged in supplier to consumer business process optimization , has announced the details of its Dollars for Dinosaurs program .",neutral,Sentences_75Agree.txt
"Aldata Solution Oyj Thomas Hoyer CFO More information : Aldata Solution Oyj , Thomas Hoyer , CFO , tel. +358 45 670 0491 Aldata in brief Aldata Solution is one of the global leaders in supply chain software for retail , wholesale and logistics companies .",neutral,Sentences_75Agree.txt
"ALEXANDRIA , Va. , March 20 -- Patrik Flykt and Timo Alakoski , both of Helsinki , Finland , and Tapio Suihko and Nadarajah Asokan , both of Espoo , Finland , have developed a method of mobility support of Internet-type protocol traffic in a communication system .",neutral,Sentences_75Agree.txt
"ALEXANDRIA , Va. , Nov. 19 -- Erkki Aho , Elimaki , Finland , has developed a method and apparatus in conjunction with a shoe press .",neutral,Sentences_75Agree.txt
All depends on financing .,neutral,Sentences_75Agree.txt
Almost two thirds of Olvi 's net sales come from outside Finland .,neutral,Sentences_75Agree.txt
"Also , CBA is to issue a benchmark , 10 year fixed rate deal in Euros .",neutral,Sentences_75Agree.txt
Amanda Capital has investments in 22 private equity funds and in over 200 unquoted companies mainly in Europe .,neutral,Sentences_75Agree.txt
"Among other industrial stocks , Metso added 0.53 pct to 40.04 eur , Wartsila B was down 0.77 pct at 47.87 eur and Rautaruukki K was 1.08 pct lower at 37.56 eur .",neutral,Sentences_75Agree.txt
An Apple spokeswoman said the company declined to comment .,neutral,Sentences_75Agree.txt
Analysts surveyed by Thomson Financial expected revenue of $ 69 million for the quarter .,neutral,Sentences_75Agree.txt
Around 250 of these reductions will be implemented through pension arrangements .,neutral,Sentences_75Agree.txt
"As much biomass will be used as can be sourced locally , with the rest of the plant 's fuel needs met by peat .",neutral,Sentences_75Agree.txt
"As part of the transaction , the +ä+ñnekoski paper mill remained in M-real 's ownership and continued Galerie Art production for Sappi under a long-term contract .",neutral,Sentences_75Agree.txt
"Aspocomp Group , headquartered in Helsinki , Finland , develops interconnection solutions for the electronics industry .",neutral,Sentences_75Agree.txt
"Based in Helsinki , Finland , Ramirent has branches in 13 Nordic , central and Eastern European countries .",neutral,Sentences_75Agree.txt
"Based on the 2005 calendar year the combined company had EUR15 .8 bn in pro forma annual revenues and is expected to start operations with 60,000 employees .",neutral,Sentences_75Agree.txt
"BAVARIA Industriekapital AG 's 2006 revenues were EUR 333 million , with an EBITDA of EUR 51 million .",neutral,Sentences_75Agree.txt
BM4 middle layer headbox will be equipped with a dilution control system .,neutral,Sentences_75Agree.txt
Boomerang Boats had net sales of EUR 4.1 mn and it made an operating profit of EUR 0.4 mn in 2006 .,neutral,Sentences_75Agree.txt
"By the end of 2006 , the number of joint branch offices will total 170 .",neutral,Sentences_75Agree.txt
Cameco typically prices sales contracts using a 40:60 ratio of fixed prices and spot prices .,neutral,Sentences_75Agree.txt
Cargotec 's business areas also include the container handling solutions business area Kalmar and the marine cargo handling and offshore load handling solutions business area MacGREGOR .,neutral,Sentences_75Agree.txt
"Cargotec 's sales totalled EUR 3.4 billion in 2008 and it employs approximately 11,000 people .",neutral,Sentences_75Agree.txt
Cargotec will also move Hallberg-Ivarsson 's service and installation business under the same roof with its service center for Kalmar and MacGregor solutions in Gothenburg .,neutral,Sentences_75Agree.txt
"Citigroup , Inc NYSE : C , Deutsche Bank NYSE : DB and Pohjola Bank are lead managers for the sale .",neutral,Sentences_75Agree.txt
Coffee will be served starting at 14:30 EET as well as after the event .,neutral,Sentences_75Agree.txt
Combined net sales in 2006 were $ 27 million and EBITDA was $ 13.7 million .,neutral,Sentences_75Agree.txt
"Combined with the Basware Enterprise Purchase to Pay portfolio , it provides a high level of automation for procurement and invoice workflows .",neutral,Sentences_75Agree.txt
"Commenting on the deal , Shane Lennon , SVP of Marketing & Product Development at GyPSii said : ?",neutral,Sentences_75Agree.txt
"Componenta has production lines for similar-sized products at Karkkila in Finland , at Weert in the Netherlands and at Orhangazi in Turkey , and these had a combined output of approximately 100,000 tonnes and net sales of EUR 135 million in 2007 .",neutral,Sentences_75Agree.txt
CS Cabot 's main consumers on the Czech and Slovak market are tires producers Barum Continental and Matador Continental .,neutral,Sentences_75Agree.txt
Curators have divided their material into eight themes .,neutral,Sentences_75Agree.txt
"Currently , 95 % of Trainers House 's revenues are attributed to the Finnish market .",neutral,Sentences_75Agree.txt
"Currently , the company uses eight similar reach stackers and four empty container handlers by Konecranes .",neutral,Sentences_75Agree.txt
Currently Alfred A Palmberg is putting the finishing touches to one of Finland 's biggest ever re-plumbing and bathroom refurbishment projects also in the district of Vuosaari .,neutral,Sentences_75Agree.txt
"Currently Glaston employs approximately 1,500 persons .",neutral,Sentences_75Agree.txt
"Currently it operates a fleet of eight carriers , as well as nine pushers and barges .",neutral,Sentences_75Agree.txt
Customers include hotels and restaurants as well as wholesalers and some retailers .,neutral,Sentences_75Agree.txt
"Customers wave cards in front of the reader to make payments , similar to `` touch and go '' cards used in transport systems .",neutral,Sentences_75Agree.txt
Deliveries will start in the second half of 2007 and the start-up of the mill is scheduled for 2008 .,neutral,Sentences_75Agree.txt
Delivery is expected to take place later this month .,neutral,Sentences_75Agree.txt
"Economic development in China is no longer taking place only on the East coast and in the Shanghai area , Vauramo says .",neutral,Sentences_75Agree.txt
"Eero Katajavuori , currently Group Vice President , Human Resources , will take a year-long sabbatical starting from October 1 , 2010 .",neutral,Sentences_75Agree.txt
Elcoteq expects its net sales for the last quarter of 2010 to be on the level of the third quarter .,neutral,Sentences_75Agree.txt
"Elcoteq 's global service offering covers the entire lifecycle of products , from product development to after-market services .",neutral,Sentences_75Agree.txt
"ENP Newswire - 22 March 2011 Release date - 21032011 - A total of 13,000 Talvivaara Mining Company Plc 's new shares were subscribed for during the period between 1 January 2011 and 28 February 2011 under the company 's stock option rights 2007A .",neutral,Sentences_75Agree.txt
"EQ Bank forecasts Olvi 's net sales at EUR 67mn in the second quarter of 2009 , and operating profit at EUR 6.4 mn .",neutral,Sentences_75Agree.txt
"Established in 1989 , CapMan manages Nordic buyout , mezzanine , technology , life science and real estate funds with approximately EURO 3 billion $ 4 billion in total capital .",neutral,Sentences_75Agree.txt
EUR 152.4 mn of this was net interest income .,neutral,Sentences_75Agree.txt
"Exel 's board of directors will propose a dividend of 0.2 euro $ 0.3 per share for 2006 at the annual general meeting on April 19 , 2007 .",neutral,Sentences_75Agree.txt
Financing of the project will come mainly from China .,neutral,Sentences_75Agree.txt
Finnish component supplier Componenta Corporation OMX Helsinki : CTH1V said on Monday 16 June that it is changing its pricing cycle due to the increase of raw material prices .,neutral,Sentences_75Agree.txt
Finnish fibers and plastics producer Suominen Corporation OMX Helsinki : SUY1V reported on Wednesday 22 October an operating loss of EUR0 .8 m on net sales of EUR55 .2 m for the third quarter of 2008 .,neutral,Sentences_75Agree.txt
"Finnish Neste Oil that was previously on the list , has fallen off the list completely .",neutral,Sentences_75Agree.txt
Finnish silicon wafer technology company Okmetic Oyj OMX Helsinki : OKM1V said on Wednesday 17 September that it will invest EUR6m in its sensor wafer business during 2009 .,neutral,Sentences_75Agree.txt
"Finnish silicon wafers maker Okmetic Oyj said on September 17 , 2008 that it will invest a total of 15 mln euro $ 21.3 mln in its sensor wafer business .",neutral,Sentences_75Agree.txt
"Fiskars is also engaged in the global supply of marine and energy equipment solutions and services through its associated company , Wartsila Corporation .",neutral,Sentences_75Agree.txt
"Fiskars R , founded in 1649 , is one of the oldest companies in the world and is the largest manufacturer of lightweight stainless steel scissors in the U.S. .",neutral,Sentences_75Agree.txt
"FL Group 's private equity division manages all operating companies , including Icelandair Group , FL Travel Group , Bluebird and Sterling .",neutral,Sentences_75Agree.txt
"Following the acquisitions , Panostaja will establish a new business unit which will focus on heat treatment of metals .",neutral,Sentences_75Agree.txt
"Following the demerger , the vice president of the group 's pharmaceutical trade in Finland , Jukka Niemi , will be appointed managing director of Oriola in addition to his current responsibilities .",neutral,Sentences_75Agree.txt
"Following the divestment , Fiskars 's Outdoor unit will comprise the brands Gerber , Silva and Buster , and will focus on multi-tools , knives , compasses , mobile lighting , pedometers , and aluminium boats .",neutral,Sentences_75Agree.txt
"Following the issue , the number of shares in the Swedish company will grow by 9 % .",neutral,Sentences_75Agree.txt
"Following the transaction , Tulikivi restructured its operations into the Soapstone Fireplaces Business , Natural Stone Product Business and Ceramic Products Business units .",neutral,Sentences_75Agree.txt
"For 2009 , net profit was EUR 3 million and the company paid a dividend of EUR 1.30 apiece .",neutral,Sentences_75Agree.txt
"For 2009 , net profit was EUR3m and the company paid a dividend of EUR1 .30 apiece .",neutral,Sentences_75Agree.txt
"From 2003 on , the emphasis of Kyro 's strategy has been on Glaston 's growth .",neutral,Sentences_75Agree.txt
GE is building the facility with wind power developer Invenergy Wind LLC .,neutral,Sentences_75Agree.txt
"Glaston , headquartered in Tampere , Finland , is a growing and international glass technology company .",neutral,Sentences_75Agree.txt
Group net sales in the third quarter of 2007 totaled EUR 142.3 mn and operating profit EUR 4.3 mn .,neutral,Sentences_75Agree.txt
"GS Engineering will install the valves at a liquefied natural gas LNG plant it has built for UAE LNG extraction and gas plants operator GASCO in Ruwais , UAE .",neutral,Sentences_75Agree.txt
"GUANGDONG , October 26 , SinoCast -- Nokia Telecommunications Dongguan branch entered into a letter of intent to open a Nokia Class in Qingyuan Polytechnic , Qingyuan City of Guangdong Province .",neutral,Sentences_75Agree.txt
"He joins Technopolis from KONE where he has held various positions within the Group , most recently as Director of Service Business and Business Development for KONE s Middle Eastern operations .",neutral,Sentences_75Agree.txt
High winds also toppled three semi-trailers on I-15 north of Barstow .,neutral,Sentences_75Agree.txt
HK Ruokatalo 's target is to know the consumers .,neutral,Sentences_75Agree.txt
"Honkarakenne 's customer in this project is one of the biggest real estate companies in Kazakhstan , according to the company .",neutral,Sentences_75Agree.txt
"In 2007 , Etteplan had turnover of EUR125 .2 m.",neutral,Sentences_75Agree.txt
"In 2007 , the Group 's net sales stood at EUR 42 million and it had about 1,445 employees .",neutral,Sentences_75Agree.txt
In 2007 Etteplan reported a turnover of EUR125 .2 m.,neutral,Sentences_75Agree.txt
"In 2008 , AVC Systemhaus had net sales of EUR 10 million USD 7.1 m .",neutral,Sentences_75Agree.txt
In 2008 Stockmann earned 3.398 million lats in profit on 48.012 million lats in turnover .,neutral,Sentences_75Agree.txt
"In 2010 , Sanoma Magazines expects net sales to be at the 2009 level .",neutral,Sentences_75Agree.txt
"In addition , the company is considering the start of production in Russia .",neutral,Sentences_75Agree.txt
"In addition , the Kazakh delegation will visit Finland 's SITRA investment fund , Honkarakenne Ltd and Nokia headquarters to study TeliaSonera Ltd JSC 's activities .",neutral,Sentences_75Agree.txt
"In addition to its stake in MegaFon , Telecominvest currently owns 100 % of shares in Web Plus and St. Petersburg Payphones , 51 % in telecom equipment producer Peter-Servis and a number of other minor assets .",neutral,Sentences_75Agree.txt
"In addition to verification of an identity and digital signatures , new state-approved Mobile ID enables to cast votes in elections as well .",neutral,Sentences_75Agree.txt
"In April 2010 , Olvi 's range of ciders will expand with a strawberry-rhubarb and an apple-pear cider in green bottles with a new shape .",neutral,Sentences_75Agree.txt
"In April-June 2008 , Scanfil 's net sales totalled EUR 58.7 mn and operating profit EUR 6.6 mn .",neutral,Sentences_75Agree.txt
"In Finland , Alma Media will focus on quality and developing chain operations .",neutral,Sentences_75Agree.txt
"In Finland , the five largest brands control 90 % of the beer market .",neutral,Sentences_75Agree.txt
In July it and Quadriga Capital sold their Lewa GmbH pump-making business to Japan 's Nikkiso Co. .,neutral,Sentences_75Agree.txt
In Sweden the agreement covers data communication services as well .,neutral,Sentences_75Agree.txt
"In the Czech Republic , the profiling unit at Ostrava will be closed and the machinery will be relocated to Ruukki 's bigger plants in Hungary , Poland and Romania by the end of the first quarter of 2009 .",neutral,Sentences_75Agree.txt
"In the Czech Republic , the smaller profiling unit at Ostrava will be closed and the machinery will be gradually relocated to Ruukki 's bigger plants in Hungary , Poland and Romania by the end of the first quarter of 2009 .",neutral,Sentences_75Agree.txt
"In the first quarter of 2008 , Sacanfil 's net sales totalled EUR 50.0 mn and its operating profit EUR 4.7 mn .",neutral,Sentences_75Agree.txt
"In the third quarter of 2007 , net sales totaled EUR 25.95 mn , and operating profit EUR 3.88 mn .",neutral,Sentences_75Agree.txt
"Incap Contract Manufacturing Services Pvt Ltd , a subsidiary of Incap Corporation of Finland , is acquiring the manufacturing unit of the TVS Electronic Ltd at Tumkur , near Bangalore , for Rs40 crore .",neutral,Sentences_75Agree.txt
"It comes complete with an LCD touch screen system for selection of your chosen function and prices start at around the pounds 4,805 mark .",neutral,Sentences_75Agree.txt
"It grew in Finland , Norway , Denmark and the Baltic countries .",neutral,Sentences_75Agree.txt
It includes options for additional 30 communal building sites as well as construction supervision works for all construction sites .,neutral,Sentences_75Agree.txt
"It is being developed by Symbian , the software licensing consortium led by Nokia .",neutral,Sentences_75Agree.txt
It is estimated that the consolidated turnover of Kausta Guder will reach Lt 53mn US$ 22.53 mn EUR 15.35 mn in 2007 .,neutral,Sentences_75Agree.txt
It is the first application in the market for invoice and purchase requisition approval with a mobile device .,neutral,Sentences_75Agree.txt
"It now owns 80,565 shares in Amer Sports Corporation , equaling 0.11 % of the company 's share capital and voting rights .",neutral,Sentences_75Agree.txt
It posted a turnover of 4.5 mln euro $ 6.1 mln and an operating profit of 1.5 mln euro $ 2.0 mln for 2006 .,neutral,Sentences_75Agree.txt
Ixonos will finance the acquisition through a 3.8 mln euro $ 5.2 mln loan .,neutral,Sentences_75Agree.txt
J+ñrvi-Suomen Portti is also planning to reduce the use of sodium nitrite .,neutral,Sentences_75Agree.txt
"Karachi , Sept. 14 -- Ixonos , a world leader in the development and integration of solutions for handheld devices , announced that it is implementing a touch screen mobile user interface solution for the Intel Atom processor Z6xx based smartphones .",neutral,Sentences_75Agree.txt
Kauko-Telko 's centralized administration will be dissolved and appropriate parts of it will be transferred to operating activities and Group administration by the end of the year .,neutral,Sentences_75Agree.txt
"Kemira 's R&D organization comprises approximately 750 people , the company said .",neutral,Sentences_75Agree.txt
L&T also acquired a 50 pct stake in local sector company Salvor Oy at the beginning of September 2007 .,neutral,Sentences_75Agree.txt
"Latin America currently accounts for approximately 40 % of sales at Tecnotree , company president and CEO Eero Mertano recently told BNamericas .",neutral,Sentences_75Agree.txt
"LCS 's services cover the whole life cycle of software and information systems , from process modelling and tailored software development , to hosting services , solution management , maintenance and support .",neutral,Sentences_75Agree.txt
Lieksaare Oy has earlier been regarded under the control of Saarelainen Oy and the individual shareholders under the shareholder agreement .,neutral,Sentences_75Agree.txt
"Liquid handling products include electronic and mechanical pipettes , disposable tips as well as pipette maintenance and calibration services for research institutions , healthcare and industrial laboratories .",neutral,Sentences_75Agree.txt
"ADP News - Jan 13 , 2009 - Finnish industrial and environmental measurement equipment maker Vaisala Oyj OMX : VAIAS said yesterday it will develop an operational reference radiosonde for climate change observations .",neutral,Sentences_75Agree.txt
"ADPnews - Dec 23 , 2009 - Norwegian financial services group SpareBank 1 Gruppen AS OSL : SBGRP said its board of directors appointed today Jarle Haug managing director of its claims collection subsidiary SpareBank 1 Gruppen Finans",neutral,Sentences_75Agree.txt
M+ñkel+ñ is demanding a new Board for the company as well as discussions on the merger of Alma media and media company Talentum .,neutral,Sentences_75Agree.txt
Marathon estimates the value of its remaining stake in Protalix at $ 27 million .,neutral,Sentences_75Agree.txt
Margin call of Zanadvorov has given the chance to make such purchase under the credit of Deutsche Bank for USD 560 million .,neutral,Sentences_75Agree.txt
Marimekko is considering further measures in the matter .,neutral,Sentences_75Agree.txt
Marketing will use Tikkurila 's existing infra structure and local knowledge in Russia .,neutral,Sentences_75Agree.txt
"Metsaliitto will sell 1.1 million B shares of Neomarkka , accounting for about 18.3 pct of Neomarkka 's equity and about 12.7 pct of the voting rights .",neutral,Sentences_75Agree.txt
"Moreover , Konecranes and Kito intend to transfer the hoist distribution business of Konecranes ' Japanese joint venture MHS Konecranes to Kito .",neutral,Sentences_75Agree.txt
"Most of the growth in beer consumption took place in the Far East , Latin America and Africa .",neutral,Sentences_75Agree.txt
"Most of the raw materials come from Europe and the US and are paid in euros or US dollars , while sales take place in rubles .",neutral,Sentences_75Agree.txt
"Most recently , he founded Virent Energy Systems , Inc. , an 80 person catalytic biofuels company , where , as president and CEO , he led the company through multiple financings , defined the company 's market strategy , and secured the company 's first customers .",neutral,Sentences_75Agree.txt
"Motorola accounted for 11.5 percent of the South Korean handset market as of the end of April , Samsung held 55 percent and LG Electronics 19 percent , according to Korea-based ATLAS Research Group .",neutral,Sentences_75Agree.txt
"Motorola Inc. of the United States came second with shipments of 217.4 million units for a 21.3 percent market share , followed by South Korea 's Samsung Electronics Co. with shipments of 118.0 million units for an 11.6 percent share .",neutral,Sentences_75Agree.txt
Mr Jortikka is president of the base metal division of Outotec Oyj in Finland and is on the executive committee of Outotec .,neutral,Sentences_75Agree.txt
Mr K.R. Vasantha has been appointed Managing Director of Incap Contract Manufacturing Services Pvt. Ltd. .,neutral,Sentences_75Agree.txt
Mr. Doring has been with Eaton since 1989 and acted as the Business Unit Manager for Eaton 's Power Controls Business Unit since January 2007 .,neutral,Sentences_75Agree.txt
Mr. Koistinen joins from Nokia Siemens Networks where he has held various senior sales management and business development positions since 1997 .,neutral,Sentences_75Agree.txt
"Mr. McDonald started the evening with his own set , featuring hits from his solo career and his Doobie Brothers years and a selection of R&B cover songs that met with mixed results .",neutral,Sentences_75Agree.txt
News Corp. 's MySpace.com Web site will display submissions for the expanded Broadband Emmy Awards as part of an effort to identify aspiring video artists .,neutral,Sentences_75Agree.txt
No changes regarding the Virala Oy Ab s ownership of shares of Tiimari has taken place .,neutral,Sentences_75Agree.txt
No financial details of the deployment were disclosed .,neutral,Sentences_75Agree.txt
No financial or pricing details were disclosed .,neutral,Sentences_75Agree.txt
No planned closing date was provided .,neutral,Sentences_75Agree.txt
No service pricing details were disclosed .,neutral,Sentences_75Agree.txt
"Nordea Bank AB publ holds 6.000 Alma Media shares , representing 0.008 % of share capital and voting rights .",neutral,Sentences_75Agree.txt
Nordea Pankki Suomi Oyj 's ownership in Stonesoft Corporation has decreased below 1-20 .,neutral,Sentences_75Agree.txt
Nordea will coordinate the syndicated loan .,neutral,Sentences_75Agree.txt
Nordstjernan has used its option to buy another 22.4 % stake of Salcomp 's shares and votes .,neutral,Sentences_75Agree.txt
N-Viro operates processing facilities independently as well as in partnership with municipalities .,neutral,Sentences_75Agree.txt
"Okmetic closed its plant in Espoo in early 2004 , and all production lines from the site were moved to Okmetic 's plants in Vantaa , Finland and Texas , USA .",neutral,Sentences_75Agree.txt
"Okmetic has a global customer base and sales network , production plants in Finland and the US and contract manufacturers in Japan and China .",neutral,Sentences_75Agree.txt
"On preliminary estimate , the hotel will operate under the brand Novotel .",neutral,Sentences_75Agree.txt
One of the largest projects of the magazine division of SanomaWSOY - Sanoma Magazines International in 2006 became launch of the Russian magazine Gloriya .,neutral,Sentences_75Agree.txt
"Operating profit of operations in Finland in the period under review totaled EUR 11.3 mn , remaining at the 2005 level .",neutral,Sentences_75Agree.txt
OP-Pohjola Group 's capital adequacy ratio under the Act on Credit Institutions stood at 12.1 % and Tier 1 ratio at 12.1 % .,neutral,Sentences_75Agree.txt
"Our customers include companies in the energy and process industry sectors , in particular .",neutral,Sentences_75Agree.txt
"Our key geographical markets are Europe , Russian Federation , Middle-East , South-Africa and Japan .",neutral,Sentences_75Agree.txt
Our tools are specifically designed with the needs of both the business users and ICT experts in mind .,neutral,Sentences_75Agree.txt
"Outotec 's delivery covers the engineering , supply and construction of a circulating fluid bed calcination plant with a capacity of 1,600 tons of alumina per day .",neutral,Sentences_75Agree.txt
"OVA Press has a 60 % stake in the joint venture , while IMSM holds a 40 % stake .",neutral,Sentences_75Agree.txt
"Panostaja owns a 68.77 pct of share capital and the voting rights of Suomen Helasto shares following an exchange of shares which was carried out on May 30 , 2007 .",neutral,Sentences_75Agree.txt
"Paper company M-real calculated that if 100,000 biscuit cartons are made using a 25gsm lighter board , the CO2 saved over the course of 12 months would be equal to that generated by driving 1,000 km by car .",neutral,Sentences_75Agree.txt
Part of the reductions will be made through retirement arrangements .,neutral,Sentences_75Agree.txt
"Payment for acquired shares will be made in cash , and the price per share will be EUR 1 plus an administration fee .",neutral,Sentences_75Agree.txt
Pharmaceutical market in Czech Republic Global Research & Data Services published recently a market analysis about the pharmaceutical markets in Czech Republic .,neutral,Sentences_75Agree.txt
Pharmaceutical market in Italy Global Research & Data Services published recently a market analysis about the pharmaceutical markets in Italy .,neutral,Sentences_75Agree.txt
Pharmaceutical market in Netherlands Global Research & Data Services published recently a market analysis about the pharmaceutical markets in Netherlands .,neutral,Sentences_75Agree.txt
"Previously , it projected the figure to be slightly lower than in 2009 .",neutral,Sentences_75Agree.txt
"Previously , the company expected its 2008 financial performance to remain at the same level as in 2008 .",neutral,Sentences_75Agree.txt
Profit after taxes totaled EUR 12.1 mn .,neutral,Sentences_75Agree.txt
QPR ProcessGuide is available as a system solution with centralized storage and management of process content as well as a standalone desktop version ; QPR ProcessGuide Xpress .,neutral,Sentences_75Agree.txt
"Quartal Oy now owns 2,094,063 shares in Satama Interactive Plc , which represents 5,19 per cent of the share capital and voting rights .",neutral,Sentences_75Agree.txt
Renesas Mobile Europe Ltd has approximately 470 employees in Oulu .,neutral,Sentences_75Agree.txt
Rihko started to manage Raisio 's Benecol business in summer 2006 after heading tobacco company Altadis ' European operations .,neutral,Sentences_75Agree.txt
Rimi supermarket is the key customer in Magistral center .,neutral,Sentences_75Agree.txt
"Rimvesta is now controlled by the Estonian-owned real estate development company ELL Nekilnojamas Turtas , which a member of Merko , the largest construction group in the Baltic countries .",neutral,Sentences_75Agree.txt
"Risto Raty , Tekla 's executive vice president , said that Tekla Structures and ArchiCAD will cover the entire design and documentation workflow throughout a construction project .",neutral,Sentences_75Agree.txt
"Rohwedder Group is an automotive supplies , telecommunications and electronics industry provider for customers in Europe , North America and Asia .",neutral,Sentences_75Agree.txt
RSA 's shares closed at 156.9 p at the time of going to press .,neutral,Sentences_75Agree.txt
Rubin says he expects Capman to announce 1-2 additional transactions in 2009 .,neutral,Sentences_75Agree.txt
Russia 's Video International Group holds a controlling stake in Russian Media Ventures .,neutral,Sentences_75Agree.txt
"Sampo Group that has become a major shareholder in Nordea owns TrygVesta 's main competitor , If P & C Insurance .",neutral,Sentences_75Agree.txt
Scanfil holdings include 100 % of contract electronics manufacturer Scanfil EMS Group .,neutral,Sentences_75Agree.txt
"Since the registration of the shares subscribed in a directed share issue , the new number of Panostaja shares and voting rights is 41,733,110 .",neutral,Sentences_75Agree.txt
"Stora Enso 's business in North America has annual capacity of about 3 million tons and employs about 4,350 people .",neutral,Sentences_75Agree.txt
Stora Enso will receive a 19.9 pct equity interest in the combined company .,neutral,Sentences_75Agree.txt
Stora is due to release its fourth-quarter and 2009 full-year earnings on Feb. 4 .,neutral,Sentences_75Agree.txt
Storengy is the GDF SUEZ company that is dedicated to the underground storage of natural gas .,neutral,Sentences_75Agree.txt
Talentum acquired a 47.5 pct stake in Varesvuo Partners in 1997 and the remaining in 2002 and 2005 .,neutral,Sentences_75Agree.txt
"Technopolis has set aside a plot of land measuring 4.6 hectares to build the park , Mikkonen said .",neutral,Sentences_75Agree.txt
Tekla Group 's net sales for 2006 were approximately 50 million euros and operating result 13.6 million euros .,neutral,Sentences_75Agree.txt
"Thanks to its extensive industry and operations experience , Cybercom offers strategic and technological expertise to these markets : telecom , industry , media , public sector , retail , and banking and financial services .",neutral,Sentences_75Agree.txt
"That address also happens to house Italian megamart Eataly , meaning that `` Come on , kids , we 're going to the Toy Building ! ''",neutral,Sentences_75Agree.txt
"The 3C Expo is a signature show in Dongguan , which is supported by the Dongguan Municipal Government every year , featuring computer accessories , software , communication and network products .",neutral,Sentences_75Agree.txt
"The acquired business main asset is a mobile authentication and signing solution , branded as Tectia MobileID , which provides authentication to web e-mail , SSL-VPN , MS SharePoint , Tectia Secure Solutions and other applications and resources .",neutral,Sentences_75Agree.txt
The agreement includes application maintenance and support services .,neutral,Sentences_75Agree.txt
The agreement includes the entire process of managing Mercator 's supply chain in all regions where the company is currently present .,neutral,Sentences_75Agree.txt
"The Americas represents 25 % of Gemalto 's billing , and Latin America is one of the fastest growing regions for the company .",neutral,Sentences_75Agree.txt
The annual value of the contracts is estimated at USD 2mn over the next three years .,neutral,Sentences_75Agree.txt
The bank 's leasing arm Nordea Liising ended the year with a profit of 4.4 million euros .,neutral,Sentences_75Agree.txt
"The Board established a Remuneration Committee with following members : - Sari Baldauf Chairman - Tapio Hintikka - Heikki Westerlund In addition , the Board decided to appoint a Nomination Committee at a later stage .",neutral,Sentences_75Agree.txt
"The bond , with a maturity of five years , is part of the bank 's domestic bond program .",neutral,Sentences_75Agree.txt
The bridge is part of the highway 14 development project .,neutral,Sentences_75Agree.txt
The building will house product development and test laboratories .,neutral,Sentences_75Agree.txt
The business area 's net sales were slightly over 2m in 2006 .,neutral,Sentences_75Agree.txt
The business development initiatives in North America are headed by Lynn Shanahan .,neutral,Sentences_75Agree.txt
"The business is organised , as of February 1 , 2011 , in a way that production of design services is combined into one entity , Etteplan Operations .",neutral,Sentences_75Agree.txt
"The business transfer will take effect from 1 January 2007 , and in connection with this 47 employees will transfer from Elisa to Daxtum as continuing employees .",neutral,Sentences_75Agree.txt
The center will be built in the Kapuli district of Mantsala beside the Hanko-Mantsala-Porvoo road near the new direct rail link between Lahti and Jarvenpaa .,neutral,Sentences_75Agree.txt
The changes in readership were not significant .,neutral,Sentences_75Agree.txt
The closing of such transaction took place today .,neutral,Sentences_75Agree.txt
"The closing of the transaction is scheduled to take place on January 10 , 2008 .",neutral,Sentences_75Agree.txt
The combined capital of these funds is expected to be EUR 100mn-150mn .,neutral,Sentences_75Agree.txt
The combined company had pro-forma net sales of 140 mln euro $ 188.9 mln and an operating profit of 13 mln euro $ 17.5 mln for 2006 .,neutral,Sentences_75Agree.txt
"The commission found evidence of several meetings to discuss the cartel , including one in a Brussels restaurant in November 1997 at which the companies discussed price increases .",neutral,Sentences_75Agree.txt
"The Committee proposes the following remuneration : a monthly remuneration of EUR 5,000 for the Chairman , EUR 3,500 for the Deputy Chairman , and EUR 2,500 for the other Board members .",neutral,Sentences_75Agree.txt
"The company , which has EUR2 .8 bn in assets , counts among its five largest shareholders Finnish insurers Ilmarinen 4.34 % and Varma 0.70 % , as well as the Finnish state pension fund VER 0.61 % .",neutral,Sentences_75Agree.txt
The company also equipped the sculptural complex Rabochy i Kolkhoznitsa A Worker and a Collective Farmer in Moscow with snow melting system .,neutral,Sentences_75Agree.txt
The company did not distribute a dividend in 2005 .,neutral,Sentences_75Agree.txt
The company expects its net sales for the whole 2009 to be at previous year levels .,neutral,Sentences_75Agree.txt
"The company expects its net sales for the whole of 2007 to be EUR 950mn-1 ,000 mn .",neutral,Sentences_75Agree.txt
"The company had net sales of EUR 10.8 million in 2008 , and today has approximately 120 employees in Finland , Estonia and Poland .",neutral,Sentences_75Agree.txt
The company had net sales of EUR 19.8 mn and a pre-tax profit of EUR 1.8 mn in 2005 .,neutral,Sentences_75Agree.txt
The company has 120 employees and annual sales of approximately EUR16m .,neutral,Sentences_75Agree.txt
The company has an annual turnover of EUR32 .8 m.,neutral,Sentences_75Agree.txt
"The company is involved in the the sale of financial products including insurance , mortgages , car and personal loans , financial brokerage and equipment finance leasing .",neutral,Sentences_75Agree.txt
"The Company operates through four principal divisions : Consumer Packaging ; Office Papers ; Speciality Papers , as well as Market Pulp and Energy .",neutral,Sentences_75Agree.txt
The company reported net sales of 302 mln euro $ 441.6 mln and an operating margin of 16 pct in 2006 .,neutral,Sentences_75Agree.txt
"The company 's set of services include digital printing , printing preparation , offset-printing , after-treatment services and send out services .",neutral,Sentences_75Agree.txt
"The company 's transportation business is conducted through Florida Rock & Tank Lines , which is a Southeastern transportation company concentrating in the hauling by motor carrier of liquid and dry bulk commodities .",neutral,Sentences_75Agree.txt
"The company said that 80 % of the shares of the holding company will be sold to Meadville Holdings Limited , a Hong Kong listed parent company of the Meadville Group .",neutral,Sentences_75Agree.txt
The company said that it has agreed to a EUR160m unsecured credit line from lenders .,neutral,Sentences_75Agree.txt
"The company said that the operations will be sold to a newly established company , CPS GmbH , where the present management of the plastics business is a co-owner .",neutral,Sentences_75Agree.txt
"The composite body is coated with a hard coating layer produced by thermal spraying , and the coating is ground . ''",neutral,Sentences_75Agree.txt
"The connectivity unit has more than 100 e-invoice customers , and the number of annual transactions stands at nearly one million .",neutral,Sentences_75Agree.txt
The contract includes an option to deliver an additional 75 ASCs in the next phases of the project .,neutral,Sentences_75Agree.txt
The contract is worth some EUR 1 million .,neutral,Sentences_75Agree.txt
The contract value amounts to EUR 2.4 million .,neutral,Sentences_75Agree.txt
The credit covers approximately 70 % of the ship 's price .,neutral,Sentences_75Agree.txt
The customer is cooperative retailer Osuuskauppa Suur-Savo .,neutral,Sentences_75Agree.txt
The customer is local company Etera Mutual Pension Insurance Co and the principal tenant of the unit will be media company Alma Media Corp HEL : ALN1V .,neutral,Sentences_75Agree.txt
"The customer is then forwarded to the site , and unknown to him logged in with the first number .",neutral,Sentences_75Agree.txt
"The deal includes all rental equipment and related merchandise , the rental contract of the depot and two employees , the company said .",neutral,Sentences_75Agree.txt
"The decision reflects the underutilisation of the line , which produces nonwovens used in medical and wipes applications as well as for the automotive industry .",neutral,Sentences_75Agree.txt
"The decision will have to be made whether the group agrees to the import of Estonian meat and meat products to Finland , the paper added .",neutral,Sentences_75Agree.txt
"The devices would be launched in the Chinese market in late 2006 , the company said .",neutral,Sentences_75Agree.txt
The Diameter Protocol is developed according to the standards IETF RFC 3588 and IETF RFC 3539 .,neutral,Sentences_75Agree.txt
The divested activities had net sales of EUR 145.1 million in 2009 and an operating profit of EUR 8.9 million .,neutral,Sentences_75Agree.txt
"The divested company is part of TietoEnator 's business area Government , Manufacturing & Retail .",neutral,Sentences_75Agree.txt
The dividend will come on top of the 0.45 eur on A shares and 0.43 on K shares it has already paid on last year 's accounts .,neutral,Sentences_75Agree.txt
"The Division also includes joint sales , marketing and controlling functions for these units .",neutral,Sentences_75Agree.txt
The EA Reng group posted sales of approximately 84 million kroons for 2007 .,neutral,Sentences_75Agree.txt
"The EBRD is using its own funds to provide a 21.6 million A loan while the B portion of 10 million Euros has been syndicated to two Finnish commercial banks , Nordea Bank Finland Plc and Pohjola Bank Plc. .",neutral,Sentences_75Agree.txt
"The EBRD is using its own funds to provide a 21.6 million A loan while the B portion of 10 million Euros has been syndicated to two Finnish commercial banks , Nordea Bank Finland Plc 7.7 million Euros and Pohjola Bank Plc 2.3 million Euros .",neutral,Sentences_75Agree.txt
"The EBRD is using its own funds to provide a 21.6 mln A loan while the B portion of 10 mln Euros has been syndicated to two Finnish commercial banks , Nordea Bank Finland Plc 7.7 mln Euros and Pohjola Bank Plc 2.3 mln Euros .",neutral,Sentences_75Agree.txt
"The Economic Development and Trade Ministry and Industry and Energy Ministry , along with the Kostroma regional administration and the Russian Lumberman and Timber Exporters Union , has been carrying out work to acquire investment for the construction of a pulp and paper mill in Neya since 2003 .",neutral,Sentences_75Agree.txt
The electricity requirement of networks will grow with the new mobile generation .,neutral,Sentences_75Agree.txt
The energy sector accounted for approximately 33 % and the steel industry for about 57 % of the transportation volume .,neutral,Sentences_75Agree.txt
The enterprise value of Maritim Food AS has been determined as approximately EUR15m .,neutral,Sentences_75Agree.txt
"The equipment Ixonos acquires with this deal includes mechanical engineering hardware ; an RF and antenna measurement laboratory ; facilities for the measurement of audio , cameras and displays ; as well as devices and robot units for the testing of mobile devices .",neutral,Sentences_75Agree.txt
"The equipment will be made at Vaahto 's plant in Hollola in Finland , and delivery is scheduled for the first quarter of 2009 .",neutral,Sentences_75Agree.txt
The estimated annual value of the frame agreement is about EUR 50mn .,neutral,Sentences_75Agree.txt
The estimated value of the deal is USD 9.2 million .,neutral,Sentences_75Agree.txt
The EUR17m contract includes both design and construction works .,neutral,Sentences_75Agree.txt
"The executive said that countries such as Brazil , Chile , Argentina and Mexico will lead the adoption in the business Ethernet services segment , while Brazil and Mexico will be the early adopters of carrier Ethernet for mobile backhaul .",neutral,Sentences_75Agree.txt
The expanded company will continue to be called NewPage .,neutral,Sentences_75Agree.txt
The expanded plant is scheduled to be operational by the middle of October 2009 .,neutral,Sentences_75Agree.txt
The expansion is to be finalized in the autumn of 2009 .,neutral,Sentences_75Agree.txt
The expansion will be delivered in the fourth quarter of 2006 .,neutral,Sentences_75Agree.txt
The facility consists of a seven year bullet term loan of 200 mln euro $ 292.4 mln and a 150 mln euro $ 219.3 mln five year revolving credit facility .,neutral,Sentences_75Agree.txt
"The facility will have a lettable area of some 19,000 sq m. The plot for the plant , located in the Ratasmaki business park , will be purchased from the City of Forssa .",neutral,Sentences_75Agree.txt
The figure does not include food exports from Finland .,neutral,Sentences_75Agree.txt
"The figure includes the change in the fair value of the property portfolio , EUR 26.2 million .",neutral,Sentences_75Agree.txt
"The Filter Tips cover the volume range from 0.1-1200 -Ál including new sizes for 10 , 20 , 100-120 , 200 , 300 , 1000 and 1200 -Ál volume capacities .",neutral,Sentences_75Agree.txt
The final outcome of the rights offering is to be reported around 23 October 2009 .,neutral,Sentences_75Agree.txt
The firm builds components for mobile phones and other communications products .,neutral,Sentences_75Agree.txt
"The government started the sell-off last month , putting an 8 percent stake in TeliaSonera on the auction bloc .",neutral,Sentences_75Agree.txt
"The group posted net sales of 35.3 mln euro $ 46.5 mln and an operating profit of 760,000 euro $ 1.0 mln in 2005 .",neutral,Sentences_75Agree.txt
The group 's net sales in 2007 were EUR683 .6 m.,neutral,Sentences_75Agree.txt
"The Group 's turnover in 2006 was EUR 39.2 million , and operating profit was EUR 3.9 million .",neutral,Sentences_75Agree.txt
"The Liquid Handling segment offers laboratory equipment and accessories , including mechanical and electronic pipettes , and disposable tips used in the research institutions , universities , and hospitals , as well as in the pharmaceutical , food , and other industries under the Biohit brand .",neutral,Sentences_75Agree.txt
"The manufacture of CPPs will be undertaken at the existing Export Oriented Unit EOU at Wartsila 's factory at Khopoli , near Mumbai .",neutral,Sentences_75Agree.txt
The manufacturing will begin in Pietarsaari in the beginning of the year 2009 and the delivery will take place in October 2009 .,neutral,Sentences_75Agree.txt
The markets expect Heineken to sell Hartwall as a whole or in parts .,neutral,Sentences_75Agree.txt
"The most significant capital expenditure items were in the global enterprise resource planning ERP project , product development and production machines .",neutral,Sentences_75Agree.txt
"The move will be carried out by transferring HKScan 's production-related property , plant , equipment , as well as its holdings in subsidiaries and associate companies in the country to HKScan Finland .",neutral,Sentences_75Agree.txt
The net sales of Healthcare Trade business in 2009 were EUR 145.1 million EUR 155.2 million and operating profit EUR 8.9 million EUR 7.9 million .,neutral,Sentences_75Agree.txt
The net sales of the Power Plants business were EUR 710.3 million in 2005 .,neutral,Sentences_75Agree.txt
The new shares entitle their holders to dividends for fiscal 2006 .,neutral,Sentences_75Agree.txt
The non-recurring costs caused to Talentum 's Premedia business area by the restructuring will amount to 2.0 mln euro $ 2.7 mln and will be included in the company 's financial results for the second quarter of 2007 .,neutral,Sentences_75Agree.txt
The ongoing project where Tekla Structures is being used is the Vashi Exhibition Centre being developed by Insteel Engineers Pvt Ltd-IIVRCL Infrastructures & Projects Ltd & CIDCO .,neutral,Sentences_75Agree.txt
"The operations to be sold include manufacturing units in Finland , France , Poland and Turkey , as well as sales units in Germany and Lithuania .",neutral,Sentences_75Agree.txt
The options might include a partial or total divestment of their shareholdings in Ovako .,neutral,Sentences_75Agree.txt
"The order also covers design services , hardware , software licences , as well as maintenance services over six years .",neutral,Sentences_75Agree.txt
The order also includes extensive maintenance work of a shoe press delivered by Vaahto in 2001 .,neutral,Sentences_75Agree.txt
"The order consists of outsourced application management , support and planning for Tecnotree and third-party applications .",neutral,Sentences_75Agree.txt
The order includes 48 ship cranes that will be delivered for 12 container feeders to be built at Wenchong shipyard in China .,neutral,Sentences_75Agree.txt
"The order values at EUR 6.9 mn , and it consists of design services and hardware and software licences .",neutral,Sentences_75Agree.txt
The orders also include a few high-power drives for the control of seismic compressors .,neutral,Sentences_75Agree.txt
"The orders are for 26 machine-room-less KONE MonoSpace elevators , which would be installed during 2006 .",neutral,Sentences_75Agree.txt
The Oulu plant employs approximately 120 people .,neutral,Sentences_75Agree.txt
The percentages of shares and voting rights have been calculated in proportion to the total number of shares registered with the Trade Register and the total number of voting rights related to them .,neutral,Sentences_75Agree.txt
The per-share subscription price of the shares subscribed with the option rights was EUR 1.35 .,neutral,Sentences_75Agree.txt
"The Polish business employs about 1,000 people , and it had net sales of about EUR 70mn in 2007 .",neutral,Sentences_75Agree.txt
"The portfolio comprises of 118,000 m2 of leasable space with a vacancy rate of roughly 5 % , let to around 140 tenants of which two of the largest are the Swedish government and Ericsson .",neutral,Sentences_75Agree.txt
"The program , which was started in the summer of 2007 , was originally estimated to last approximately two years .",neutral,Sentences_75Agree.txt
The proposal of the shareholders to elect Mr. Hannu Krogerus to the Board is based on his long and unrivalled experience and knowledge of all matters related to Elcoteq .,neutral,Sentences_75Agree.txt
"The remainder of its revenues will come from technology agreements with other firms , InterDigital said .",neutral,Sentences_75Agree.txt
"The remaining amount will be funded through debt , the Danish bank said .",neutral,Sentences_75Agree.txt
"The reorganisation will be carried out by transferring HKScan Corporation 's production-related property , plant and equipment in Finland as well as its holdings in subsidiaries and associates to HKScan Finland Oy , a holding company wholly owned by HKScan Corporation .",neutral,Sentences_75Agree.txt
The report contains category level company and brand share as well as distribution share information for 2007 and 2008 .,neutral,Sentences_75Agree.txt
"The Russian gas giant invested another 46 million litas in the company in late 2004 and now owns 99.5 percent of its stock capital , which amounts to 86.936 million litas .",neutral,Sentences_75Agree.txt
"The second company acquired is Sweden 's Reftele Maskinservice AB , whose business is mainly field services and spare parts manufacturing , with 10 employees and 1.2 mln eur sales a year .",neutral,Sentences_75Agree.txt
"The segments through which the company operates are Frozen Food business , Seafoods , Vegetable Oil business , Grain Trading and Other business operations .",neutral,Sentences_75Agree.txt
"The selling consortium includes funds managed by OKO Bank 's venture capital unit , Bio Fund Management and Finnish Industry Investment , a government-owned investment group .",neutral,Sentences_75Agree.txt
"The solution is demonstrated on a tablet developed by Aava Mobile as a multi-window system , which enables the use of several applications simultaneously , for example the viewing of messages and calendar side by side .",neutral,Sentences_75Agree.txt
The solution will be installed in the USA to support the North American operations of the customer .,neutral,Sentences_75Agree.txt
"The Stockmann department store will have a total floor space of over 8,000 square metres and Stockmann 's investment in the project will have a price tag of about EUR 12 million .",neutral,Sentences_75Agree.txt
The studies are expected to start in 2008 .,neutral,Sentences_75Agree.txt
"The Swedish buyout firm has sold its remaining 22.4 percent stake , almost eighteen months after taking the company public in Finland .",neutral,Sentences_75Agree.txt
"The tanks will be delivered to a company which is currently building a chemical tank farm in Antwerp , northern Belgium .",neutral,Sentences_75Agree.txt
"The Tekla Structures product box , if needed , is now made from recycled material .",neutral,Sentences_75Agree.txt
The terms of the transactions remained undisclosed .,neutral,Sentences_75Agree.txt
The total capacity of the factory will be approximately 100 engines a year .,neutral,Sentences_75Agree.txt
"The total floor area of the plant expansion is 29,000 square metres .",neutral,Sentences_75Agree.txt
"The total headcount reduction will be 50 persons , the company said .",negative,Sentences_75Agree.txt
The total investment in 2006 and 2007 is expected to amount to about EUR75m .,neutral,Sentences_75Agree.txt
"The total investment in the company will be EUR58m , of which Wartsila 's share will be EUR29m .",neutral,Sentences_75Agree.txt
The total investment of the project will be approximately EUR 36m .,neutral,Sentences_75Agree.txt
"The total value of the agreement is USD4 .0 m , the company said .",neutral,Sentences_75Agree.txt
The total value of the contract is some EUR 8 million .,neutral,Sentences_75Agree.txt
The total value of the deal is USD 29mn .,neutral,Sentences_75Agree.txt
"The total value of the project is about EUR53m , including the plots that will be transferred to Atria .",neutral,Sentences_75Agree.txt
"The total value of the project is estimated to be over 3.0 mln euro $ 4.4 mln , of which the services will be over 2.0 mln euro $ 2.9 mln and third-party licences more than 1.0 mln euro $ 1.5 mln .",neutral,Sentences_75Agree.txt
The total value of these two contracts is over EUR 21 million .,neutral,Sentences_75Agree.txt
The transaction is planned to be financed with a EUR40m market-based loan granted by Standard Chartered Bank Hong Kong .,neutral,Sentences_75Agree.txt
The transaction value is CAD 15 million approximately EUR 10 million .,neutral,Sentences_75Agree.txt
"The unit 's clients are mainly in the field of specialist convenience goods , as well as in the textile , shoe and furniture businesses .",neutral,Sentences_75Agree.txt
The value of the contract is about EUR 27mn .,neutral,Sentences_75Agree.txt
"The value of the contract is about EUR1 .0 m. Poyry , headquartered in Vantaa , Finland provides consulting and engineering services to the energy , forestry and infrastructure & environment sectors .",neutral,Sentences_75Agree.txt
The value of the contract is EUR 25mn .,neutral,Sentences_75Agree.txt
The value of the contract is in total USD12m .,neutral,Sentences_75Agree.txt
The value of the contracts is about EUR 3.3 mn .,neutral,Sentences_75Agree.txt
The value of the deal has not been disclosed .,neutral,Sentences_75Agree.txt
The value of the deal is estimated at between SEK25m and SEK50m .,neutral,Sentences_75Agree.txt
The value of the deal was not disclosed .,neutral,Sentences_75Agree.txt
The value of the multi-year agreement is over EUR 2mn a year .,neutral,Sentences_75Agree.txt
The value of the three-year contract is estimated at EUR40m .,neutral,Sentences_75Agree.txt
The value of this kind of order amounts usually between Euro 2 and 3 million .,neutral,Sentences_75Agree.txt
"The Web-Marela application handles invitations to quote , quote comparisons , agreements , purchases , invoice inspections , inventory management , and deliveries .",neutral,Sentences_75Agree.txt
"The venture , which will be 51 % owned by Kemira and 49 % by IVRCL , will operate an inorganic coagulant manufacturing facility , to be built in Vishakapatnam Vizag in the state of Andhra Pradesh and to kick off operations in the second half of 2011 .",neutral,Sentences_75Agree.txt
"The works will include the laying of natural stone pavements and the installation of underground heating , and surface water drainage systems .",neutral,Sentences_75Agree.txt
There have not been previous share subscriptions with 2004 stock options .,neutral,Sentences_75Agree.txt
"These new units will be built at Cargotec 's state of the art manufacturing facility in San Antonio , Texas , USA , which started operations in 2009 .",neutral,Sentences_75Agree.txt
These share transactions are part of the company 's strategy of relinquishing assets that are not part of its core business .,neutral,Sentences_75Agree.txt
These six agreements are the company 's first customer acquisitions in India since taking over TVS Electronics ' contract manufacturing facility in Jun 2007 .,neutral,Sentences_75Agree.txt
"This could be any of us at any time , '' she said .",neutral,Sentences_75Agree.txt
This wood lacquered clock comes with a stripy hand-crocheted cover .,neutral,Sentences_75Agree.txt
To see a slide show of all the newest product releases from Fiskars .,neutral,Sentences_75Agree.txt
Total value of the contract is about EUR 10mn .,neutral,Sentences_75Agree.txt
"Trading under the name Velta UK , a former Uponor brand , the company has been Uponor 's long-term partner in supplying Velta-branded systems particularly for the commercial and industrial building sector in the UK and internationally .",neutral,Sentences_75Agree.txt
"Tulikivi manufactures heat-retaining , soapstone and ceramic fireplaces , as well as natural stone products and utility ceramics .",neutral,Sentences_75Agree.txt
"Tyrv+ñinen is of the opinion that the airline has been repeating this for some time already , however .",neutral,Sentences_75Agree.txt
"Under Finnish law , Parliament grants licences to build nuclear power plants .",neutral,Sentences_75Agree.txt
"Under the agreement , Larox will transfer 10 employees within engineering and documentation related to delivery projects and product maintenance in Finland to Etteplan as of January 1 , 2007 .",neutral,Sentences_75Agree.txt
"Under the agreement Benefon 's forthcoming range of TWIG integrated GPS navigation and mobile phone devices will use the jointly developed web-based tracking and location technology , in both consumer and commercial applications .",neutral,Sentences_75Agree.txt
"Under the transaction agreement , Metsaliitto will purchase 24.7 % of Metsa-Botnia 's shares from UPM and 3 % from M-real .",neutral,Sentences_75Agree.txt
Underground parking facilities will also be built on the basement floor .,neutral,Sentences_75Agree.txt
"Unit prices for straddle carriers vary between EUR700 ,000 and EUR900 ,000 , the company added .",neutral,Sentences_75Agree.txt
"Unlisted British Biologicals makes B - and D - proteins , and other disease-specific supplements that cover diabetes , hepatitis , asthma and other cardiovascular ailments .",neutral,Sentences_75Agree.txt
UPM-Kymmene said its has ` not indicated any interest in any domestic consolidations ' .,neutral,Sentences_75Agree.txt
Vaisala 's board of directors will propose a dividend of 0.85 euro $ 1.24 per share at the company 's annual general meeting .,neutral,Sentences_75Agree.txt
Vaisala 's expertise in lightning data and information systems is based on extensive experience and investment in R&D .,neutral,Sentences_75Agree.txt
Valmet Automotive reports net sales of EUR 85mn and operating profit of EUR 8mn .,neutral,Sentences_75Agree.txt
"We look forward to take part in the future development of the company , '' says Tomas Billing , President of Nordstjernan .",neutral,Sentences_75Agree.txt
"Veidekke , headquartered in Oslo , Norway , is a Scandinavian construction and property development group with some 6,350 employees in Norway , Sweden and Denmark , with an annual turnover of NOK16 .4 bn .",neutral,Sentences_75Agree.txt
"While the company did not indicate the level of investment in the unit , it said that has purchased the equipment of Nokia Corporation 's mobile phone R&D laboratory in Jyvaeskylae .",neutral,Sentences_75Agree.txt
Why not subscribe to the magazine ?,neutral,Sentences_75Agree.txt
Vianor sells tires for cars and trucks as well as a range of other car parts and provides maintenance services .,neutral,Sentences_75Agree.txt
"With the new arrangement , customer responsibilities will become mainly regional .",neutral,Sentences_75Agree.txt
"With this acquisition the wireless modem unit and its approximately 1,100 employees were transferred to Renesas Electronics Corporation .",neutral,Sentences_75Agree.txt
You will hear the latest insights and updates on Citycon 's strategy as well as the latest news from all the business units .,neutral,Sentences_75Agree.txt
"In the third quarter of fiscal 2008 Efore swung to a net loss of EUR 400,000 versus a net profit of EUR 200,000 for the corresponding period of fiscal 2007 .",negative,Sentences_75Agree.txt
"Konecranes Oyj KCR1V FH fell 5.5 percent to 20.51 euros , the biggest fall since June .",negative,Sentences_75Agree.txt
"Net sales for the financial year 2006 are expected to amount to about EUR20m and the operating result EBIT is expected to be a loss , as announced before .",negative,Sentences_75Agree.txt
Operating loss totaled EUR 25mn compared to a profit of EUR 63mn in the corresponding period in 2005 .,negative,Sentences_75Agree.txt
"Production levels have been agreed with producers a long time ago , so a fall in consumption will lead to losses .",negative,Sentences_75Agree.txt
Return on investment ROI was 4.1 % compared to 43.8 % in the first half of 2008 .,negative,Sentences_75Agree.txt
"SSH COMMUNICATIONS SECURITY CORP STOCK EXCHANGE RELEASE OCTOBER 14 , 2008 AT 2:45 PM The Company updates its full year outlook and estimates its results to remain at loss for the full year .",negative,Sentences_75Agree.txt
"The sale will result in a capital loss of EUR5m for Solidium , which obtained Tikkurila shares in March 2010 .",negative,Sentences_75Agree.txt
The fair value of investment properties was EUR 2 251.0 ( 1 281.4 ) million .,neutral,Sentences_75Agree.txt
"A total of 16.5 mn passenger ship journeys took place in the northern Baltic Sea in 2007 , slightly down from 16.5 mn in 2006 .",negative,Sentences_75Agree.txt
Finnish media group Talentum has issued a profit warning .,negative,Sentences_75Agree.txt
"Finnish shipping company Finnlines ' pretax loss totalled EUR 6.5 mn in the third quarter of 2009 , compared to a profit of EUR 0.3 mn in the third quarter of 2008 .",negative,Sentences_75Agree.txt
"In Finland , the city of Forssa has said it will not pay compensation to food industry companies HK Ruokatalo and Atria for the lye leak into tap water that occurred in March 2008 .",negative,Sentences_75Agree.txt
"Acando AB ( ACANB SS ) fell 8.9 percent to 13.35 kronor , the lowest close since Dec. 11 .",negative,Sentences_75Agree.txt
"According shipping company Viking Line , the EU decision will have a significant financial impact .",neutral,Sentences_75Agree.txt
"According to CEO Matti Perkonoja of the parent company HKScan , the company 's performance in the first quarter of 2010 has remained clearly below the level of the corresponding period in 2009 .",negative,Sentences_75Agree.txt
"At some point in 2010 , all separate company names , such as Palmberg , Tekmanni , Lemcon , Forssan Betoni , Suonenjoen Betonituote , among others , will disappear .",neutral,Sentences_75Agree.txt
"Cencorp 's net sales in the first quarter is estimated to be EUR0.9-1 .2 m , as compared to EUR4 .5 m in the first quarter 2008 .",negative,Sentences_75Agree.txt
Diluted earnings per share ( EPS ) stood at EUR 0.25 versus EUR 0.42 .,negative,Sentences_75Agree.txt
Earnings per share ( EPS ) amounted to a loss of EUR0 .05 .,negative,Sentences_75Agree.txt
Earnings per share ( EPS ) amounted to a loss of to EUR0 .06 .,negative,Sentences_75Agree.txt
Expense ratio was 102.6 % compared to 92.9 % in the corresponding period in 2005 .,negative,Sentences_75Agree.txt
Finnish automation solutions developer Cencorp Corporation ( OMX Helsinki : CNC1V ) issued on Thursday ( 18 September ) a profit warning for the third quarter of 2008 .,negative,Sentences_75Agree.txt
Finnish communication electronics components supplier Scanfil Oyj Tuesday said sales in the first half of 2006 will be 15 % lower than during the same period a year ago .,negative,Sentences_75Agree.txt
Finnish forest industry group Stora Enso Oyj issued on Thursday ( 20 March ) a profit warning for the first quarter 2008 .,negative,Sentences_75Agree.txt
Finnish technology company Raute Corporation ( OMX Helsinki : RUTAV ) issued on Tuesday ( 23 September ) a profit warning for the financial year 2008 .,negative,Sentences_75Agree.txt
"In Q1 of 2009 , the company 's operating loss totalled EUR 0.3 mn , compared to a profit of EUR 3.6 mn in Q1 of 2008 .",negative,Sentences_75Agree.txt
"Last year , 8.3 million passengers flew the airline , down 4 percent from 2007 .",negative,Sentences_75Agree.txt
"Loss after financial items totalled EUR 9.7 mn , compared to a profit of EUR 1.3 mn in the corresponding period in 2008 .",negative,Sentences_75Agree.txt
Loss for the period totalled EUR 15.6 mn compared to a profit of EUR 6.3 mn in 2008 .,negative,Sentences_75Agree.txt
Net loss in the same period in 2009 was euro18 .6 million .,neutral,Sentences_75Agree.txt
Nokia Siemens Networks has struggled to make a profit in the past two years .,negative,Sentences_75Agree.txt
Operating loss amounted to EUR 0.9 mn in the first half of 2006 compared to a profit of EUR 0.5 mn in the first half of 2005 .,negative,Sentences_75Agree.txt
"Operating loss of the Pulp & Paper Machinery unit was over EUR 3mn in September 2007 - August 2008 , compared to a profit of EUR 3.7 mn a year earlier .",negative,Sentences_75Agree.txt
Operating loss totaled EUR 0.3 mn compared to a profit of EUR 2.2 mn in the corresponding period in 2007 .,negative,Sentences_75Agree.txt
"Operating loss totaled EUR 0.8 mn , compared to a profit of EUR 0.5 mn .",negative,Sentences_75Agree.txt
"Operating loss totalled EUR 12.7 mn , compared to a profit of EUR 17.7 mn in the first half of 2008 .",negative,Sentences_75Agree.txt
"Operating loss totalled EUR 3.2 mn , compared to a profit of EUR 7.2 mn in the third quarter of 2008 .",negative,Sentences_75Agree.txt
"Operating loss totalled EUR 4.0 mn , compared to a profit of EUR 8.6 mn in the second quarter of 2008 .",negative,Sentences_75Agree.txt
"Operating loss totalled EUR 5.2 mn , compared to a loss of EUR 3.4 mn in the corresponding period in 2008-2009 .",negative,Sentences_75Agree.txt
"Operating profit before non-recurring items was EUR 8.3 mn in the first nine months of 2008 , compared to EUR 8.4 in the corresponding period in 2007 .",negative,Sentences_75Agree.txt
Pretax loss totaled EUR 117mn compared to a loss of EUR 65mn in the corresponding period .,negative,Sentences_75Agree.txt
Pretax loss totalled EUR 162.3 mn compared to a profit of EUR 253.5 mn in 2007 .,negative,Sentences_75Agree.txt
"Pretax loss totalled EUR 49.9 mn , compared to a loss of EUR 15.4 mn in the corresponding period in 2008 .",negative,Sentences_75Agree.txt
Pretax profit totaled EUR 4.9 mn compared to EUR 5.2 mn in the first quarter of 2005 .,negative,Sentences_75Agree.txt
"Publishing Sweden 's operating loss was EUR 1.1 mn in Q1 of 2009 , compared to a profit of EUR 0.6 mn a year ago .",negative,Sentences_75Agree.txt
Rivals say Qualcomm has fewer patents on 3G phones than on earlier versions and should lower its rates .,negative,Sentences_75Agree.txt
The company reported today an operating loss of EUR0 .1 m on net sales of EUR4 .5 m for the first quarter 2008 .,negative,Sentences_75Agree.txt
"The company 's annual loss amounted to EEK 18mn , compared to a profit of EEK 7.3 mn in 2008 .",negative,Sentences_75Agree.txt
"The fair value change of investment properties was EUR 15.8 mn , compared to EUR 22.9 mn in the third quarter of 2009 .",negative,Sentences_75Agree.txt
The stock was hit by the profit warning of Finnish rival Rautaruukki Oyj ( OMX : RTRKS ) .,negative,Sentences_75Agree.txt
Finnish Bank of +àland +àlandsbanken has issued a profit warning .,negative,Sentences_75Agree.txt
Finnish forest machinery manufacturer Ponsse has issued a profit warning .,negative,Sentences_75Agree.txt
"Cerberus Capital Management LP-backed printing paper maker NewPage Corp. has posted mixed second-quarter results , casting a cloud over its planned initial public offering .",negative,Sentences_75Agree.txt
"Finnish electronics manufacturing services EMS company Elcoteq SE posted a net loss of 66.4 mln euro $ 91.2 mln for the first half of 2007 , compared to a net profit of 7.1 mln euro $ 9.8 mln for the same period of 2006 .",negative,Sentences_75Agree.txt
Finnish laboratory liquid handling and diagnostic test systems developer Biohit Oyj OMX Helsinki : BIOBV issued on Tuesday 3 June a profit warning for the financial year 2008 .,negative,Sentences_75Agree.txt
Finnish retail software developer Aldata Solution Oyj reported a net loss of 11.7 mln euro $ 17.2 mln for 2007 versus a net profit of 2.5 mln euro $ 3.7 mln for 2006 .,negative,Sentences_75Agree.txt
"Finnish textiles and clothing group Marimekko Oyj posted a net profit of 7.99 mln euro $ 10.4 mln for 2006 , compared to 8.4 mln euro $ 10.9 mln for 2005 .",negative,Sentences_75Agree.txt
"In 2009 , Stora Enso 's net loss was EUR 879.7 million compared to EUR 673.4 million in the previous year .",negative,Sentences_75Agree.txt
"In January-June 2010 , diluted loss per share stood at EUR0 .3 versus EUR0 .1 in the first half of 2009 .",negative,Sentences_75Agree.txt
"In October , UPM reported a third-quarter net loss of euro86 million $ 110 million compared with a net profit of euro120 million in 2007 .",negative,Sentences_75Agree.txt
Operating loss amounted to EUR 0.7 mn compared to a profit of EUR 0.8 mn in the second quarter of 2005 .,negative,Sentences_75Agree.txt
"Operating loss before non-recurring items was EUR 0.9 mn , compared to a profit of EUR 11.5 mn in 2008 .",negative,Sentences_75Agree.txt
"Operating profit margin was 8.3 % , compared to 11.8 % a year earlier .",negative,Sentences_75Agree.txt
Operating profit was EUR 1.6 mn in 2005 compared to EUR 5.9 mn in 2004 .,negative,Sentences_75Agree.txt
"Operating result showed a loss of EUR 2.9 mn , while a year before , it showed a profit of EUR 0.6 mn .",negative,Sentences_75Agree.txt
"Salcomp Oyj , the Finnish maker of mobile phone chargers , Monday posted a EUR1 .49 million loss in the second quarter compared with a 1.70 million profit in the same period the previous year .",negative,Sentences_75Agree.txt
Scanfil has also issued a profit warning .,negative,Sentences_75Agree.txt
Scanfil issued a profit warning on 10 April 2006 .,negative,Sentences_75Agree.txt
"The operating loss amounted to EUR 0.8 mn , compared to a profit of EUR 3.9 mn a year earlier .",negative,Sentences_75Agree.txt
"The period-end cash and cash equivalents totaled EUR6 .5 m , compared to EUR10 .5 m in the previous year .",negative,Sentences_75Agree.txt
"The poorest index figure was given to Finnish power company Fortum , 4.5 .",negative,Sentences_75Agree.txt
The real estate company posted a net loss of +ó  x201a -¼ 59.3 million +ó  x201a -¼ 0.21 per share compared with a net profit of +ó  x201a -¼ 31 million +ó  x201a -¼ 0.11 per share for the corresponding quarter of 2007 .,negative,Sentences_75Agree.txt
"The tightened competition situation in the production automation market has affected net sales during 2006 , Cencorp said .",negative,Sentences_75Agree.txt
"TietoEnator was down 1.13 pct to 18.38 , extending recent lows after last week 's second-quarter report , dealers said .",negative,Sentences_75Agree.txt
Operating profit excluding restructuring costs grew to EUR 44.5 million from EUR 31.7 million while operating profit including restructuring costs showed even larger growth to EUR 38.5 million from EUR 7.4 million .,positive,Sentences_75Agree.txt
"Having a China based operation will not only enable us to fully leverage our resources and expertise in wireless solutions , but also strengthen our capability to offer industry-leading products for our customers in China . ''",positive,Sentences_75Agree.txt
"Cost cutting measures , which have produced around EUR70m of savings over the past nine months , have dampened the airline 's loss , Finnair said .",positive,Sentences_75Agree.txt
The groups 's turnover for the full fiscal year is expected to show a slight increase from the previous fiscal year .,positive,Sentences_75Agree.txt
The talks are aimed at restructuring operations and cutting costs .,positive,Sentences_75Agree.txt
"Consolidated operating profit excluding one-off items was EUR 30.6 mn , up from EUR 29.6 mn a year earlier .",positive,Sentences_75Agree.txt
EBIT excluding non-recurring items was estimated to increase from 2009 .,positive,Sentences_75Agree.txt
"In February 2011 , new wording of Identity Documents Act that makes Mobile ID a state-approved electronic document as of February 1st 2011 entered into force .",neutral,Sentences_75Agree.txt
Lean System supports change management and component purchasing extremely well .,positive,Sentences_75Agree.txt
Operating profit excluding non-recurring items increased by 27 % to EUR 81.9 mn from EUR 64.4 mn in the corresponding period in 2008 .,positive,Sentences_75Agree.txt
The planned ethanol and energy production plant can operate in correlation with a waste treatment unit or a paper mill .,neutral,Sentences_75Agree.txt
Cash flow from business operations totalled EUR 0.4 mn compared to a negative EUR 15.5 mn in the first half of 2008 .,positive,Sentences_75Agree.txt
"Cash flow from operations totalled EUR 2.71 mn , compared to a negative EUR 0.83 mn in the corresponding period in 2008 .",positive,Sentences_75Agree.txt
"Cash flow from operations totalled EUR 7.4 mn , compared to a negative EUR 68.6 mn in the second quarter of 2008 .",positive,Sentences_75Agree.txt
"EBIT excluding non-recurring items , totalled EUR 67.8 mn , up from EUR 38.1 mn .",positive,Sentences_75Agree.txt
"Finnish energy company Fortum Oyj said on November 13 , 2007 it was granted an environmental permit to build a biofuel-fired combined heat and power CHP plant in Vartan harbor in eastern Stockholm .",positive,Sentences_75Agree.txt
Nokia was up 0.12 pct to 16.70 eur after kicking off the morning in negative territory .,positive,Sentences_75Agree.txt
"Return on investment was 5.0 % , compared to a negative 4.1 % in 2009 .",positive,Sentences_75Agree.txt
"Thus the method will cut working costs , and will fasten the planning and building processes .",positive,Sentences_75Agree.txt
Results are expected late in 2006 .,neutral,Sentences_75Agree.txt
"The copying , republication or redistribution of AFX News Content , including by framing or similar means , is expressly prohibited without the prior written consent of AFX News .",neutral,Sentences_75Agree.txt
"The company reported a profit of 800,000 euro ($ 1.2 mln)on the sale of its Varesvuo Partners sub-group and a loss of 400,000 euro $ 623,000 caused by the sale of its program production subsidiary Oy Filmiteollisuus Fine Ab .",neutral,Sentences_75Agree.txt
"So far Norwegian Norske Skog has reduced the staff levels by 1,000 people and plans to reduce production by 200,000 tons in 2008 , while Finnish-Swedish Stora Enso is to cut staff by 1,700 people and production by 500,000 tons .",negative,Sentences_75Agree.txt
The extracted filtrates are very high in clarity while the dried filter cakes meet required transport moisture limits (TMLs)for their ore grades .,neutral,Sentences_75Agree.txt
25 March 2011 - Finnish electronics contract manufacturer Scanfil Oyj HEL : SCF1V said today its plan to merge wholly owned Scanfil EMS Group with Ojala-Yhtyma Oy has hit a snag as shareholders of the domestic rival rejected the deal .,negative,Sentences_75Agree.txt
"As part of its new strategy , Finnish Biohit is planning to incorporate its diagnostics business into a separate limited company .",neutral,Sentences_75Agree.txt
"After the split , the number of K shares will be 9 540 000 and the number of A shares 26 885 540 .",neutral,Sentences_75Agree.txt
All reproduction for further distribution is prohibited .,neutral,Sentences_75Agree.txt
As a consequence the Works Council had withdrawn its petition to suspend the reorganisation .,neutral,Sentences_75Agree.txt
"Established in 1987 , the SRV Group is a private Finnish construction concern with operations in Finland , the Baltic countries and Russia .",neutral,Sentences_75Agree.txt
"Initial estimated total value of the contract was 250 000 Euros , excluding VAT .",neutral,Sentences_75Agree.txt
"It would be premature to talk about dates , volume and the investment procedure , '' he said .",neutral,Sentences_75Agree.txt
"Mr Clausen , however , refused to comment the option that Nordea would consider buying into Citadele Bank .",neutral,Sentences_75Agree.txt
Nokia and Capcom announced that Resident Evil Degeneration will be released on N-Gage later this year .,neutral,Sentences_75Agree.txt
Olli-Pekka Kallasvuo was elected as vice chairman of the Board .,neutral,Sentences_75Agree.txt
Olli-Pekka Laine has been appointed as the Chairman and Erkki Pehu-Lehtonen as the Vice Chairman of the Board .,neutral,Sentences_75Agree.txt
Risk exposure by Non-life Insurance  Moving 12-month  Expenses by function in Non-life Insurance excluding expenses for investment management and expenses for other services rendered Non-life Insurance investment portfolio by allocation,neutral,Sentences_75Agree.txt
"Secure your files online Like filling out a tax return , making a backup is boring .",neutral,Sentences_75Agree.txt
"The effect may remain short-lived , however .",neutral,Sentences_75Agree.txt
The iPad application joins the iPhone app as part of Monster 's range of mobile applications for job hunting .,neutral,Sentences_75Agree.txt
The issue came up in connection with discussion with local municipalities concerning the sale of water to industrial facilities .,neutral,Sentences_75Agree.txt
The number of bodily injury cases quadrupled in 2000-2006 .,negative,Sentences_75Agree.txt
"The purchase price will be paid in cash upon the closure of the transaction , scheduled for April 1 , 2009 .",neutral,Sentences_75Agree.txt
"The size of the extension , 18.5 % of which already has been let , will have a gross area of about 2,830 sq m 30,460 sq ft .",neutral,Sentences_75Agree.txt
The terms and conditions of the Stock Option Scheme 2008 are available on the Company 's internet pages www.sanoma.com .,neutral,Sentences_75Agree.txt
"Tieto 's service is also used to send , process and receive materials related to absentee voting .",neutral,Sentences_75Agree.txt
"Trading code : ELI1V Number of shares : 99,483 Price-share : Gratuitous After the transfer , Elisa holds a total of 10,435,023 own shares .",neutral,Sentences_75Agree.txt
"`` My wife is looking forward to getting a paycheck again , '' he quipped recently as a six-knot current swirled around his anchored and heavily sponsored jet sled .",neutral,Sentences_75Agree.txt
"`` Tweeple should check who 's following them , and be cautious when clicking on URLs and tinyurls . ''",neutral,Sentences_75Agree.txt
`` We have the most expensive water brand in Finland at the moment . '',neutral,Sentences_75Agree.txt
15 September 2010 - Finnish electrical components maker Salcomp Oyj ( HEL : SAL1V ) announced today the launch of its latest Twist charger platform .,neutral,Sentences_75Agree.txt
"A total of 1,800,000 stock options were issued in the 2003 stock option scheme .",neutral,Sentences_75Agree.txt
Finnish energy company Fortum has set itself new stricter target limits for short-term carbon dioxide emissions from its heat and electricity production .,neutral,Sentences_75Agree.txt
"Finnish Food Workers ' Union SEL plans to hasten its collective bargaining with a two-day strike that would begin on 7 April 2010 , in Finland .",negative,Sentences_75Agree.txt
Finnish Honkarakenne that specialises in the building of log houses is planning to use pine from Russian Karelia .,neutral,Sentences_75Agree.txt
"Finnish Konecranes is again trying to acquire Italian Fantuzzi , a manufacturer of gantry cranes and reach stackers .",neutral,Sentences_75Agree.txt
Finnish publishing and printing group Ilkka-Yhtym+ñ will introduced a staff smoking ban as of the beginning of 2007 at the company 's three newspapers .,neutral,Sentences_75Agree.txt
Finnish Stockmann Group 's mail order unit Hobby Hall has launched a trial marketing campaign in Russia .,neutral,Sentences_75Agree.txt
"According to the prosecutor , the share transactions were carried out after HK Ruokatalo had proceeded in the negotiations concerning the acquisition of Swedish Meats .",neutral,Sentences_75Agree.txt
"According to Tiimari , consumers are advised to cut away the rabbits bow tie that contains the formadehyde and dispose of it .",neutral,Sentences_75Agree.txt
"Alpina Sports is a Lebanon , New Hampshire USA based distributor of e.g. Alpina ski shoes and skis , Exel ski poles , Start ski waxes and now also Peltonen cross-country skis .",neutral,Sentences_75Agree.txt
Among the biggest Christmas sellers were a  35 satin bow shift dress styled on outfits worn by Victoria Beckham and a  75 Paris Hilton Prom dress .,neutral,Sentences_75Agree.txt
"Among the Scandinavian companies present in St. Petersburg , is also named the Swedish concern NCC , which implements projects in the field of asphalt production , road and housing construction ( project Swedish Krona ) .",neutral,Sentences_75Agree.txt
An international conference call and audio webcast concerning the financial result January-March 2010 will begin at 14.00 EET .,neutral,Sentences_75Agree.txt
ArcelorMittal Chief Executive Officer Lakshmi Mittal has already cut output at some furnaces .,negative,Sentences_75Agree.txt
"As a part of the plan , the Board of Directors decided to transfer a maximum of 330,000 shares held by the company in a share issue against payment directed to Aspo Management Oy , a holding company acquired by the management .",neutral,Sentences_75Agree.txt
"As a result , 12 people will be made redundant and a total of 67 persons are laid off temporarily .",negative,Sentences_75Agree.txt
"As a result , it has started negotiations with the banks on provisional amendments concerning the covenants and other credit terms .",neutral,Sentences_75Agree.txt
Atria said its offer would give the Swedish company continued ownership and control of its slaughtering and cutting operations .,neutral,Sentences_75Agree.txt
"Aug. 17 , 2010 ( Curbed delivered by Newstex ) -- And now , the latest from Racked , covering shopping and retail from the sidewalks up .",neutral,Sentences_75Agree.txt
Bertrand Sciard has been the vice chairman of the board of directors of Aldata Solution since April 2007 .,neutral,Sentences_75Agree.txt
Bovine slaughtering and cutting at the Kuopio facility will be transferred to the Kauhajoki slaughterhouse .,neutral,Sentences_75Agree.txt
Chief executive officer Olli-Pekka Kallasvuo 's changes on Tuesday mark the third time in nine months the company has reshuffled executives and operations as Nokia loses ground to Apple 's iPhone and RIM 's BlackBerry .,negative,Sentences_75Agree.txt
"Finland-based international machinery rental company Ramirent Plc ( OMX Helsinki : RMR1V ) said on Friday ( 9 May ) that its president and CEO , Kari Kallio , has informed the board of his intention to retire in year 2009 .",neutral,Sentences_75Agree.txt
"Huhtamaki 's rigid plastic consumer goods operations , which are mainly in Europe , will be separated into a new reporting segment as of 1 January 2009 .",neutral,Sentences_75Agree.txt
It is a disappointment to see the plan folded .,negative,Sentences_75Agree.txt
Kesko has previously published a stock exchange release concerning the deal on 7 February 2007 .,neutral,Sentences_75Agree.txt
"Last year , UPM cut production , closed mills in Finland and slashed 700 jobs .",negative,Sentences_75Agree.txt
Less than ten people will face pension agreements .,neutral,Sentences_75Agree.txt
"( ADPnews ) - Dec 1 , 2009 - Finnish cutlery and hand tools maker Fiskars Oyj Abp ( HEL : FISAS ) said today that it will make redundant a total of 18 office and management staff members of its subsidiary Iittala Group Ltd. .",negative,Sentences_75Agree.txt
"( ADPnews ) - Dec 30 , 2009 - Finnish investment group Neomarkka Oyj ( HEL : NEMBV ) said today that it will furlough employee in its unit Reka Cables Ltd for less than 90 days , starting in January 2010 .",neutral,Sentences_75Agree.txt
Managing Director Timo Kohtam+ñki of Lemmink+ñinen Infra nevertheless points out the continued need for infrastructure construction in the Baltic markets .,neutral,Sentences_75Agree.txt
Mr. Kari Stadigh will carry on as Chairman of the Board and Mr. Matti Arteva as Vice-Chairman .,neutral,Sentences_75Agree.txt
"Neste Oil s refineries have a combined crude oil refining capacity of approximately 260,000 barrels a day .",neutral,Sentences_75Agree.txt
"New Chairman of the Board of Directors , Mr Chaim Katzman , will give a presentation and answer questions .",neutral,Sentences_75Agree.txt
"On 20 March 2006 , Stora Enso refused to comment the news in any way .",neutral,Sentences_75Agree.txt
Panostaja Oyj 's Board also decided at its organisational meeting held upon completion of the AGM to implement the AGM decision concerning Board member fees paid as shares in such a way that shares are transferred on a quarterly basis on the date following publication of the quarterly-annual report .,neutral,Sentences_75Agree.txt
Rapala Fishing Frenzy 2009 .,neutral,Sentences_75Agree.txt
Residents access to the block is planned to be from Aleksandri Street .,neutral,Sentences_75Agree.txt
"Russian Media Ventures ' minority shareholder Peter Hervy denied the plans to sell OVA Press , the daily said .",neutral,Sentences_75Agree.txt
Sanoma announced the Stock Option Scheme 2008 on 19 December 2008 .,neutral,Sentences_75Agree.txt
"shock phase ' , consumers have once again started to plan and implement building projects .",neutral,Sentences_75Agree.txt
Short-term licenses for the games cost as little as $ 3 while purchasing a game outright can cost as much as $ 10 or $ 15 .,neutral,Sentences_75Agree.txt
The adjustments concern staff in both the Specialty Papers and the Fiber Composites segments .,neutral,Sentences_75Agree.txt
The appointments will be in force until the new CEO has been appointed .,neutral,Sentences_75Agree.txt
"The authorisation is in force until the end of the next Annual General Meeting and repeals the authorisation to acquire own shares given by the General Meeting held on April 4 , 2007 .",neutral,Sentences_75Agree.txt
The authorization is in force for a period of 18 months from the resolution by the General Meeting .,neutral,Sentences_75Agree.txt
"The business had gross written premiums of EUR152 .4 m (  91.5 m ) in 2000 , a net combined ratio of 133 % and 175 staff in total with offices in the UK , Germany and Benelux .",neutral,Sentences_75Agree.txt
"The chilled meat products category led the meat , fish and poultry market in Finland , accounting for a share of 31.4 % .",neutral,Sentences_75Agree.txt
"The company can be split into two parts over the coming months , with Essent owning and operating production and supply , and Enexis owning and operating the grid .",neutral,Sentences_75Agree.txt
"The company has a continuous need for alloys such as nickel , ferro-chrome , molybdenum and manganese in its production , said Talvivaara .",neutral,Sentences_75Agree.txt
The company is reportedly searching for a replacement for CEO Olli-Pekka Kallasvuo .,neutral,Sentences_75Agree.txt
"The contract also includes cutting and edging wagon parts at Ruukki 's steel service centres in Seinajoki and Raahe , both in southwestern Finland , from where they will be delivered to VR for welding and assembly .",neutral,Sentences_75Agree.txt
"The copying , republication or redistribution of AFX News Content , inculding by framing or similar means , is expressly prohibited without the prior written consent of AFX News .",neutral,Sentences_75Agree.txt
"The cosmetics collection includes an eye shadow , face powder , lip gloss , mascara and accessories .",neutral,Sentences_75Agree.txt
"The E7 smartphone will be available for Rs35 ,000 per handset across India , '' Nokia India vice-president & managing director D Shivakumar told reporters .",neutral,Sentences_75Agree.txt
The exercise originated in Finland in the early 1930s as a training method for cross-country skiers .,neutral,Sentences_75Agree.txt
"The first phase of the logistics complex envisages the completion of some 70,000 sq m of logistics premises and the gatehouse building in November 2008 .",neutral,Sentences_75Agree.txt
"The gross area of eight houses will be 12,167 m2 .",neutral,Sentences_75Agree.txt
"The gross area of the Innova 2 project will be about 10,000 sq m ( 107,600 sq ft ) .",neutral,Sentences_75Agree.txt
"The interim report for the first quarter is published on May 8 , 2009 .",neutral,Sentences_75Agree.txt
The measures result from weak demand in the shipbuilding industry .,negative,Sentences_75Agree.txt
"The mill 's raw material need will increase by 100,000 m3 of wood .",neutral,Sentences_75Agree.txt
"The negotiations concern personnel of Cencorp Corporation and Singulase Oy as whole in Finland and in Sweden , the company said .",neutral,Sentences_75Agree.txt
The negotiations will concern the plant 's department producing winded roving that employs 10 people .,neutral,Sentences_75Agree.txt
"The new apartment block is going up very close to the city center , explained Chairman of the Board of AS YIT Ehitus Priit Sauk .",neutral,Sentences_75Agree.txt
"The plant will be fired with a combination of spruce bark , chipped logging residues or milled peat .",neutral,Sentences_75Agree.txt
The production is to be liquidated before June 2009 and 325 employees loose their jobs .,negative,Sentences_75Agree.txt
"The project will be a 2 x 600 MW coal-fired power plant , located some 420 km south of Hanoi , the company said .",neutral,Sentences_75Agree.txt
"The prosecutor is also demanding Outokumpu pay a fine of EUR 800,000 at most .",negative,Sentences_75Agree.txt
"The pulp production in Finnish Kemij+ñrvi will also be liquidated and about 1,100 employees loose their jobs .",negative,Sentences_75Agree.txt
"The redesigned crushing circuit has been in operation since the start of September and its overall production rate on a weekly basis is in excess of an average of 40,000 tonnes a day .",neutral,Sentences_75Agree.txt
"The scheme for TeliaSonera and Altimo is practically identical , except that it involves the merger of their stakes in VimpelCom and Kyivstar .",neutral,Sentences_75Agree.txt
The share subscription period for C options will commence on 1 September 2008 and expire on 31 March 2011 .,neutral,Sentences_75Agree.txt
The share subscription period will expire on 30 September 2007 .,neutral,Sentences_75Agree.txt
The subscription period of Amer Sports ' 2002 warrant scheme will end on 31 December 2007 .,neutral,Sentences_75Agree.txt
The terms and conditions of Stock Option Scheme 2004 are available on the Group 's website .,neutral,Sentences_75Agree.txt
The transaction included also the transfer of the lease agreement concerning manufacturing premises and employment agreements related to these operations .,neutral,Sentences_75Agree.txt
"The utility will also provide services related to electricity management , such as hedging trades and risk management and reporting .",neutral,Sentences_75Agree.txt
"When cruising , the revs fall as less engine output is required .",neutral,Sentences_75Agree.txt
"`` I 'm trying to deal with slavery from a different perspective to balance the story , '' says DeRamus , formerly a writer at the Detroit Free Press and the Detroit News .",neutral,Sentences_75Agree.txt
"`` Soon after , the collisions started . ''",neutral,Sentences_75Agree.txt
"`` The biggest challenge was to make the piece look raw , '' Hansen said .",neutral,Sentences_75Agree.txt
"`` We have a license agreement with Nokia Corp. which in part expires on April 9 , 2007 .",neutral,Sentences_75Agree.txt
A 2001 agreement expired earlier this month .,neutral,Sentences_75Agree.txt
"A few months ago , Teva vice chairman Phillip Frost and Marathon Venture Capital Fund TASE : MARA sold Protalix shares .",neutral,Sentences_75Agree.txt
"After the split , the company would have 26,885,540 Series A shares and 9,540,000 Series K shares .",neutral,Sentences_75Agree.txt
And Ogden reportedly will shell out $ 4.2 million .,neutral,Sentences_75Agree.txt
"At 3:37 p.m. Eastern time , a block of 2,400 contracts changed hands at a bid price of $ 0.45 .",neutral,Sentences_75Agree.txt
"Belarus OAO Lidskoe Pivo brewery , based in the Grodno Region , reported a 1.1 % decrease in output to 1.045 million decaliters in January-March 2010 , a representative in the administration of the company told .",negative,Sentences_75Agree.txt
"Boomeranger Boats Oy specialises in boat building and designs , manufactures and sells customised Rigid Inflatable Boats RIB primarily for the Baltic Sea market .",neutral,Sentences_75Agree.txt
"Cramo 's manager Jarmo Laasanen said hiring of equipment and machinery in Lithuania differs from the other Baltic countries in that in Lithuania still many public structures such as roads , bridges , airports and shops are being built .",neutral,Sentences_75Agree.txt
Currently the quarterly applied surcharges differ significantly from the actual market prices .,neutral,Sentences_75Agree.txt
Filmiteollisuus Fine Ab will be transferred to Talentum Oyj in the form of a subsidiary .,neutral,Sentences_75Agree.txt
Fortum also has a blocking stake in Northwestern TGK-1 .,neutral,Sentences_75Agree.txt
"HELSINKI AFX - Salcomp , the mobile phone charger manufacturer , said it has appointed Markku Hangasjarvi as its new CEO , following the resignation of Mats Eriksson .",neutral,Sentences_75Agree.txt
"HK Ruokatalo produces many turkey products , such as cold cuts .",neutral,Sentences_75Agree.txt
"However , the brokers ' ratings on the stock differ .",neutral,Sentences_75Agree.txt
"In a media advisory , the NTSB said that after subsequent testing , `` the train detection system intermittently failed . ''",negative,Sentences_75Agree.txt
"In Finland , snow storms brought trees down on power lines , cutting off electricity for some 2,000 households .",negative,Sentences_75Agree.txt
"In the spring 2006 , a total of 386,530 Stock Options 2002 B were annulled .",neutral,Sentences_75Agree.txt
"Motorola , the world 's second-largest maker of cell phones , unveiled the new phone Tuesday in a bid to resurrect its ailing handset business .",neutral,Sentences_75Agree.txt
Mursula said they tried to gather macro-economic perspective to see how Malaysia was doing .,neutral,Sentences_75Agree.txt
Niklas Skogster has been employed by the ABB Group in various positions concerning the development of operations .,neutral,Sentences_75Agree.txt
"Paper companies were in negative territories , with Stora Enso R shedding 1.62 pct to 12.73 eur , UPM-Kymmene down 0.80 pct at 18.64 eur and M-real B 0.18 pct lower at 5.57 eur .",negative,Sentences_75Agree.txt
Rautaruukki aims to find work from the group 's other locations for those who have been made redundant .,neutral,Sentences_75Agree.txt
The beers differ slightly from mainstream beers .,neutral,Sentences_75Agree.txt
"The company operates a U.S. division in Lisle , Ill. .",neutral,Sentences_75Agree.txt
"The contract also includes cutting and edging wagon parts at Ruukki 's steel service centres in Seinajoki and Raahe , from where they will be delivered to VR for welding and assembly .",neutral,Sentences_75Agree.txt
"The deal covers Stockmann Auto Oy Ab 's sales and after-sales services concerning Volkswagen and Audi in Helsinki , Espoo and Vantaa .",neutral,Sentences_75Agree.txt
The difference can be explained by the fact that two shipping companies have stopped operating in the Gulf of Finland .,neutral,Sentences_75Agree.txt
"The employer , together with health personnel , supports quitting and pays part of the cost of nicotine treatments .",neutral,Sentences_75Agree.txt
"The equipment is designated to Bollore Africa Logistics terminal Societe d'Exploitation du Terminal de Vridi SETV in Abidjan , Ivory Coast and the delivery is scheduled to start in March 2010 .",neutral,Sentences_75Agree.txt
"The evidentiary hearing in the Investigation is scheduled for April 21 - May 1 , 2008 .",neutral,Sentences_75Agree.txt
"The floor area of the Yliopistonrinne project will be 7,900 sq m and the building 's gross area will total 12,800 sq m. A total 25.1 % of the facilities have been let .",neutral,Sentences_75Agree.txt
"The floor area of the Yliopistonrinne project will be 7,900 sq m 85,030 sq ft and the building 's gross area will total 12,800 sq m. A total 25.1 % of the facilities have been let .",neutral,Sentences_75Agree.txt
The measures result from the statutory joint negotiations with employees which started in February and concerned all operations in the country .,neutral,Sentences_75Agree.txt
"The NTSB said investigators are set to conduct sight distance tests on July 18 , using trains similar to those involved in the accident .",neutral,Sentences_75Agree.txt
"The product range includes marinated olives , cold cuts , and pates , for example .",neutral,Sentences_75Agree.txt
The statutory negotiations at headquarters are part of this decrease .,neutral,Sentences_75Agree.txt
The terms and conditions of the year 2003 stock option scheme were published in a stock exchange release on 31 March 2003 .,neutral,Sentences_75Agree.txt
These restrictions do not apply to statutory dividends .,neutral,Sentences_75Agree.txt
"This action follows personnel negotiations concerning Elcoteq SE , Finnish Branch , Elcoteq Finland Oy and Elcoteq Design Center Oy .",neutral,Sentences_75Agree.txt
"Unbelievably , the company that makes them - Fiskars Corporation - was formed in 1649 when a Dutch merchant named Peter Thorwoste was given a charter to establish a blast furnace and forging operation in the small Finnish village of Fiskars .",neutral,Sentences_75Agree.txt
Why put up costly cell phone towers in thinly populated areas when a few balloons would do ?,neutral,Sentences_75Agree.txt
Yakima created the position for him after emerging from economic downturns of its own .,neutral,Sentences_75Agree.txt
"This one was at one time targeted for June 5 , but if we had to guess , it 's been pushed back -- maybe we 're crazy , but we feel like it has n't leaked enough to meet that date at this point .",neutral,Sentences_75Agree.txt
`` Those uncertainties cloud the long-term outlook . '',negative,Sentences_75Agree.txt
"20 October 2010 - Finnish environmental management company Lassila & Tikanoja Oyj HEL : LAT1V , or L&T , said Monday it expects its operating profit , excluding non-recurring items , for the whole 2010 to be slightly lower than in 2009 .",negative,Sentences_75Agree.txt
"According to Finnish petrol station chain St1 's managing director Kim Wiio , the company was forced to make purchases with rising prices in the first half of 2008 , and now consumer prices are going down almost daily due to competition .",negative,Sentences_75Agree.txt
Finnair said that the cancellation of flights would cause daily losses of  x20ac 2.5 million US$ 3 million .,negative,Sentences_75Agree.txt
"Food sales totalled EUR 323.5 mn in October 2009 , representing a decrease of 5.5 % from October 2008 .",negative,Sentences_75Agree.txt
"ADP News - May 29 , 2009 - Bank of America BofA downgraded today its ratings on Swedish-Finnish paper maker Stora Enso Oyj HEL : STERV and on Finnish sector player UPM-Kymmene Oyj HEL : UPM1V to `` underperf",negative,Sentences_75Agree.txt
Operating profit excluding non-recurring items totaled EUR 5.4 mn compared to EUR 5.5 mn in the corresponding period in 2007 .,negative,Sentences_75Agree.txt
"Raute reported a loss per share of EUR0 .86 for the first half of 2009 , against EPS of EUR0 .74 in the corresponding period of 2008 .",negative,Sentences_75Agree.txt
The air traffic of Finland has been in stoppage since then .,negative,Sentences_75Agree.txt
The hack had been extra nefarious because the tweets activated without being clicked on - it was enough for Web surfers to move their mouse cursors over them .,negative,Sentences_75Agree.txt
The move was triggered by weak demand for forestry equipment and the uncertain market situation .,negative,Sentences_75Agree.txt
The situation of coated magazine printing paper will continue to be weak .,negative,Sentences_75Agree.txt
A high court in Finland has fined seven local asphalt companies more than   lion ( $ 117 million ) for operating a cartel .,negative,Sentences_75Agree.txt
"The Estonian electronic components factory , Elcoteq , is running out of material because of the closure of air traffic .",negative,Sentences_75Agree.txt
"All the ferries had run into trouble just outside the Stockholm archipelago , made up of more than 20,000 islands .",negative,Sentences_75Agree.txt
And U.S. energy executives say high steel prices are threatening energy exploration .,negative,Sentences_75Agree.txt
"As capacity was cut with 1.4 % , the passenger load factor was down 7.8 percentage points .",negative,Sentences_75Agree.txt
"Copper , lead and nickel also dropped ... HBOS ( HBOS ) plummeted 20 % to 70.3 pence after saying this year+ó ??",negative,Sentences_75Agree.txt
"During the strike , Finnair estimates to incur a net loss of between EUR2m and EUR2 .5 m per day .",negative,Sentences_75Agree.txt
Earnings per share ( EPS ) dropped to EUR 0.21 from EUR 0.31 .,negative,Sentences_75Agree.txt
EMSA Deputy Chairman of the Board Juri Lember told BNS on Wednesday that this was the first time he heard about the strike as the Swedish side had not informed the Estonian union yet .,negative,Sentences_75Agree.txt
"Finnair 's passenger load factor , which measures the number of sold seats as a share of all available seats , dropped by 1.3 percentage points to 76.7 % in September .",negative,Sentences_75Agree.txt
"Frost sold shares for $ 19 million at $ 6.06-7 .12 per share , compared with Friday 's high of $ 11.33 and low of $ 10.14 .",negative,Sentences_75Agree.txt
Glaston 's net profit for the third quarter of 2007 dropped to 2.4 mln euro ( $ 3.5 mln ) from 3.5 mln euro ( $ 5.1 mln ) for the corresponding period of 2006 .,negative,Sentences_75Agree.txt
"In Q1 of 2009 , the company 's result before taxes from continuing operations , excluding non-recurring items , totalled EUR -0.4 mn , compared to EUR -0.1 mn in the corresponding period in 2008 .",negative,Sentences_75Agree.txt
L&T 's net profit for the whole 2010 dropped to EUR 36 million from EUR 45 million for 2009 .,negative,Sentences_75Agree.txt
"Lassila & Tikanoja 's operating profit excluding non-recurring and imputed items for the second quarter was EUR11 .3 m , down from EUR13 .8 m a year ago .",negative,Sentences_75Agree.txt
"Many of the commercial vessels had got stuck in the narrow Bay of Bothnia , where the ice is thicker , and around the Aaland islands .",negative,Sentences_75Agree.txt
"Net cash flow from operating activities was a negative EUR 3.1 mn , compared to EUR 23.3 mn in the corresponding period in 2009 .",negative,Sentences_75Agree.txt
"Net cash from operating activities was a negative EUR 0.3 mn , compared to EUR 30.9 mn in 2009 .",negative,Sentences_75Agree.txt
Net sales dropped by 6 % year-on-year to EUR 11.9 million .,negative,Sentences_75Agree.txt
Net sales have been eaten by the weak US dollar .,negative,Sentences_75Agree.txt
"Nordic banks have already had to write off sizable loans in Latvia , with Swedbank , Nordea , DnB NOR and SEB reporting combined losses in excess of $ 1.35 billion in the period 2007 to 2010 against a backdrop of near economic meltdown in Latvia .",negative,Sentences_75Agree.txt
Nordic Walking was first used as a summer training method by cross-country skiers .,neutral,Sentences_75Agree.txt
Okmetic expects its net sales for the first half of 2009 to be less than in 2008 .,negative,Sentences_75Agree.txt
"On top of that , the US Commerce Department published worse-than-expected construction spending figures for November .",negative,Sentences_75Agree.txt
Operating loss landed at EUR39m including one-offs and at EUR27m excluding one-offs .,neutral,Sentences_75Agree.txt
"Operating profit , excluding non-recurring items , totaled EUR 0.2 mn , down from EUR 0.8 mn in the corresponding period in 2006 .",negative,Sentences_75Agree.txt
"Operating profit , excluding non-recurring items , totalled EUR 1.0 mn , down from EUR 1.6 mn .",negative,Sentences_75Agree.txt
"Operating profit , excluding non-recurring items , totalled EUR 2.2 mn , down from EUR 2.7 mn in the corresponding period in 2008 .",negative,Sentences_75Agree.txt
"Operating profit excluding non-recurring items amounted to EUR 40.6 mn , down from EUR 57.3 mn year-on-year .",negative,Sentences_75Agree.txt
Operating profit excluding non-recurring items was EUR 7.8 million compared to EUR 11.2 million .,negative,Sentences_75Agree.txt
Relations with the City have been further damaged by comments from Mr Ashley criticising City investors and analysts as `` cry babies '' .,negative,Sentences_75Agree.txt
Reported operating margin was a negative 5.9 % .,negative,Sentences_75Agree.txt
Stora Chief Executive Jouko Karvinen has described the Russian tariff hikes as a threat to the future of the forest products industry in Finland .,negative,Sentences_75Agree.txt
Swedbank 's shares have been hardest hit of the Swedish banks by the ongoing international financial crisis .,negative,Sentences_75Agree.txt
The acquisition of +àlandsbanken Sverige in 2009 burdened the performance with EUR 3.0 mn .,negative,Sentences_75Agree.txt
"The currency effect had a 3.0 pct , or 20 mln euro ( $ 31.3 mln ) , negative impact on the revenue .",negative,Sentences_75Agree.txt
The Finnish company previously said its operating result will be lower than the break-even posted a year earlier .,negative,Sentences_75Agree.txt
"The period 's sales dropped to EUR 30.6 million from EUR 38.3 million , according to the interim report , released today .",negative,Sentences_75Agree.txt
The recent troubles simply make NETeller cheaper .,negative,Sentences_75Agree.txt
"Therefore , the company 's 2005 result will remain weaker than that of 2004 .",negative,Sentences_75Agree.txt
Vaisala 's net profit for the third quarter of 2007 dropped to 3.0 mln euro ( $ 4.3 mln ) from 6.8 mln euro ( $ 9.8 mln ) for the same period of 2006 .,negative,Sentences_75Agree.txt
"`` The implementation of these programs has had , and will have , negative impacts on 2006 and 2007 earnings , '' Mr Meiklejohn said .",negative,Sentences_75Agree.txt
A survey conducted by Taloustutkimus for Sampo Life shows that companies are badly prepared to losing key staff members .,negative,Sentences_75Agree.txt
"Agricultural newspaper Maaseudun Tulevaisuus had 318,000 readers , representing a decrease of 6 % .",negative,Sentences_75Agree.txt
"At 1411 CET , ArcelorMittal had lost 7.26 % to EUR 17.38 on Euronext Paris , coming at the lead of the blue-chip fallers .",negative,Sentences_75Agree.txt
Cash flow from operations in January-December 2008 was a negative EUR 18.1 mn compared to EUR 39.0 mn in the corresponding period in 2007 .,negative,Sentences_75Agree.txt
EPS dropped to EUR0 .2 from EUR0 .3 .,negative,Sentences_75Agree.txt
"Kiosk and cinema operations have suffered , in particular .",negative,Sentences_75Agree.txt
Kone shares dropped 4.1 percent to  x20ac 43 US$ 55.77 in Helsinki .,negative,Sentences_75Agree.txt
Ramirent made 18 million kroons EUR 1.15 mln loss last year ; the year before the company was 7.3 million kroons in the black .,negative,Sentences_75Agree.txt
Return on capital employed ROCE was a negative 2.3 % compared to 11.3 % in 2007 .,negative,Sentences_75Agree.txt
The dismissed staff members will now take the matter to court unless it can be settled outside .,negative,Sentences_75Agree.txt
"The EU Commission said earlier it had fined ThyssenKrupp , United Technologies Corp 's Otis , Schindler AG and Kone Oyj a total of 992.3 mln eur for alleged cartel activity in the lift market going back twelve years .",negative,Sentences_75Agree.txt
"The period 's sales dropped to EUR30 .6 m from EUR38 .3 m , according to the interim report , released today .",negative,Sentences_75Agree.txt
"YIT lodged counter claims against Neste Oil totaling some EUR25m , primarily based on work carried out under the contract and additional costs incurred due to prolongation of the project .",negative,Sentences_75Agree.txt
"` The stable outlook reflects Nokia 's strong market position in the global mobile handset market , strong cash flow generation , and very conservative balance sheet , ' said Raab .",positive,Sentences_75Agree.txt
"These financing arrangements will enable the company to ensure , in line with its treasury policy , that it has sufficient financial instruments at its disposal for its potential capital requirements .",positive,Sentences_75Agree.txt
"According to Karhinen , OP-Pohjola is an exciting enterprise because the cooperation will bring huge opportunities for customers and the company itself .",positive,Sentences_75Agree.txt
"Based upon its unique fiber expertise and innovative approach , the company has a strong market position in several business areas in which it operates .",positive,Sentences_75Agree.txt
"efficiency improvement measures 20 January 2010 - Finnish stationery and gift retailer Tiimari HEL : TII1V said today that it will continue to improve its operational efficiency , by focusing on its profitable core operations .",positive,Sentences_75Agree.txt
Efore 's results for the last quarter showed an even faster improvement as the company managed to better source its components .,positive,Sentences_75Agree.txt
Technical indicators for the stock are bullish and S&P gives NOK a positive 4 STARS out of 5 buy ranking .,positive,Sentences_75Agree.txt
"The broker highlights Cargotec as its preferred stock in the sector , as it is a pure play on global cargo and container handling , and it expects it to play an active role in further consolidating the industry .",positive,Sentences_75Agree.txt
"The restructuring creates a more efficient organization with increased operational focus and stable profitability , and leads to more efficient production , said Bo Annvik , head of Specialty Stainless .",positive,Sentences_75Agree.txt
"`` We 're delighted with the move '' says Morna Cowie , co-owner , above , `` it 's double the size of our current shop and has a lovely feel to it . ''",positive,Sentences_75Agree.txt
The main strength of the cooperation project lies in merging the know-how of two large companies .,positive,Sentences_75Agree.txt
"The Dutch broker noted that Nokian Tyres reported a good first quarter in 2006 , above or in line with consensus .",positive,Sentences_75Agree.txt
"The respondents praised Finnair 's reliability , Finnishness , and understanding of its target group .",positive,Sentences_75Agree.txt
"The long-standing partnership and commitment enable both parties to develop their respective operations , and ESL Shipping will also have the opportunity to update its fleet and improve its efficiency .",positive,Sentences_75Agree.txt
"Thanks to his wide contact network and good knowledge of market and business environment , he will give a great contribution to the further development of our Indian operations '' , tells Incap 's President & CEO Juhani Hanninen .",positive,Sentences_75Agree.txt
"Creating interfaces that are more similar to interactions in the real world can enable experiences that are more natural and intuitive , in the same way that modern games and movies are more immersive through the use of realistic 3-D graphics .",neutral,Sentences_75Agree.txt
"The newly-completed Allure of the Seas and its identical sister ship , Oasis of the Seas , which was completed last year are the world 's largest cruise ships .",neutral,Sentences_75Agree.txt
The recruits who have completed the K-retailer trainee program are qualified to start a career as independent retailers in K-stores .,neutral,Sentences_75Agree.txt
All Amer Sports companies develop and manufacture technically advanced products that improve the performance of active sports participants .,neutral,Sentences_75Agree.txt
"Stora Enso said DeLight was suitable for a wide range of applications including food , cosmetics , home decoration and leisure products .",neutral,Sentences_75Agree.txt
The board further said the company omitted to tender for a substantial part of the works and as such they had rightfully been found non-responsive by the evaluation team .,neutral,Sentences_75Agree.txt
"`` After a long , unprofitable period the Food Division posted a profitable result , which speaks of a healthier cost structure and a new approach in business operations , '' Rihko said .",positive,Sentences_75Agree.txt
"Continuing operations turned an operating loss of EUR 0.1 mn , a slight improvement from a loss of EUR 0.2 mn a year earlier .",positive,Sentences_75Agree.txt
Earnings per share were higher at 0.48 against 0.37 a year before and ahead of market consensus of 0.40 eur .,positive,Sentences_75Agree.txt
"Dirk Jones , head of Financial Institutions Client Sales Management , GTS , Citigroup , Inc , said , ` Citi is extremely pleased to be providing global custody services to Pohjola Group Bank .",positive,Sentences_75Agree.txt
The company said it estimates to make a slight profit thanks to cost-cutting measures .,positive,Sentences_75Agree.txt
"` After fixing our home-base , cutting costs and closing the non-profitable units , we are now looking at going forward , ' she said .",positive,Sentences_75Agree.txt
"29 September , 2010 Finnish waste management and recycling company Lassila & Tikanoja expands its operations in Russia by introducing its recently completed recycling plant in the city of Dubna near Moscow .",positive,Sentences_75Agree.txt
"Rory Fitzgerald , general manager , operations , Bristol Port , said : `` With the use of low maintenance technology we can save up to 30 per cent on servicing , plus the load sensing hydraulics can save us an extra 15 to 30 per cent on fuel consumption . ''",positive,Sentences_75Agree.txt
"`` Method and System for Controlling a Hard Disk Drive Using a Multimediacard Physical Interface '' was invented by Marko Ahvenainen Ruutana , Finland .",neutral,Sentences_75Agree.txt
"The 10,000-odd square metre plot that Stockmann has bought for the Nevsky Center shopping center is located on Nevsky Prospect , St Petersburg 's high street , next to the Vosstaniya Square underground station , in the immediate vicinity of Moscow Station .",neutral,Sentences_75Agree.txt
The court found TelecomInvest 's arguments convincing .,positive,Sentences_75Agree.txt
"The other actions include the cutting of the expensive weekend shifts , the freezing of the production bonus system and by a general cost-cutting program .",neutral,Sentences_75Agree.txt
"Typically , the transmission power level can be decreased when the interference noise is above a predefined value .",neutral,Sentences_75Agree.txt
"Rapala VMC Corporation STOCK EXCHANGE RELEASE October 10 , 2008 at 11.45 am Kaupthing Bank Oyj ( `` Kapthing '' ) has informed Rapala VMC Corporation ( `` Rapala '' ) that it has interrupted the liquidity providing for Rapala 's share for the time being .",negative,Sentences_75Agree.txt
"Sukhraj Dulai , of the 2900 block of Boni Sue Court , a cul-de-sac on the city 's north side , started the vehicle and went inside his house about 8 a.m. Tuesday , leaving the garage door open .",neutral,Sentences_75Agree.txt
The negotiations concern 246 salaried and senior salaried employees and are scheduled to be completed in six weeks .,neutral,Sentences_75Agree.txt
"Typical end-uses include roof structures , floorings , walls and ceilings , non-visible structures in vehicles , packaging and boxes , construction site structures , fencing and shelters , and formwork with a limited number of concrete pourings .",neutral,Sentences_75Agree.txt
"We offer our clients integrated management consulting , total solutions for complex projects and efficient , best-in-class design and supervision .",neutral,Sentences_75Agree.txt
"Amer , which bought Salomon from adidas in October , said the job cuts are aimed at boosting competitiveness .",neutral,Sentences_75Agree.txt
"In a note to clients published , the Dutch broker described the company 's third quarter results as ` soft ' , although it also noted that Elcoteq retained its guidance , dealers said .",neutral,Sentences_75Agree.txt
M2 Communications disclaims all liability for information provided within information on on the world wide web .,neutral,Sentences_75Agree.txt
"The EB Tough VoIP Field Phone is equipped with an integrated speaker , Ethernet and SHDSL connectivity , and enables several innovative applications .",neutral,Sentences_75Agree.txt
"Tallink Silja attributes the significant drop to problems with the booking system that was taken into operation in October , the sale of trailer ferry ` Sky Wind ' and the route between Stockholm and Riga , which has won passengers from the Helsinki-Stockholm route .",negative,Sentences_75Agree.txt
Finnlines estimated in its annual general meeting that 2008 will be financially a tough year due to large investments .,negative,Sentences_75Agree.txt
"`` Adjustment to the fall in price level , in contrast , has been less effective .",negative,Sentences_75Agree.txt
17 March 2011 - Goldman Sachs estimates that there are negative prospects for the Norwegian mobile operations of Norway 's Telenor ASA OSL : TEL and Sweden 's TeliaSonera AB STO : TLSN in the short term .,negative,Sentences_75Agree.txt
"Based on the first quarter result , existing order backlog and new order prospects , the company expects that full-year sales will contract by 25 % from 2008 , the gross margin will stay at a healthy level , and the operating profit margin will be lower than in 2008 due to lower sales volume .",negative,Sentences_75Agree.txt
"Key shareholders of Finnish IT services provider TietoEnator Oyj on Friday rejected a hostile EUR1 .08 billion $ 1.67 billion offer from buyout shop Nordic Capital , giving new life to a possible counter offer from Blackstone Group LP and Norwegian telecom Telenor ASA .",positive,Sentences_75Agree.txt
"He answers questions on how many visitors Conversations gets , how big the team is and what the problems are when setting up social media channels .",neutral,Sentences_75Agree.txt
Finnish forestry company UPM-Kymmene and waste management company Lassila & Tikanoja said on Jan. 30 they were planning to produce ethanol and energy from commercial and industrial waste .,neutral,Sentences_75Agree.txt
"PGE Belchatow runs the 4.44 GW Belchatow coal-fired power plant , and Fortum has intentions to start a CCS demonstration project jointly with Teollisuuden Voima Oyj ( TVO ) - another Finnish utility - at the their jointly owned 565MW Meri-Pori coal-fired facility .",neutral,Sentences_75Agree.txt
BioTie North-American licensing partner Somaxon Pharmaceuticals started a phase II-III clinical study in patients suffering from pathological gambling and a pilot phase II study in nicotine addiction smoking cessation .,neutral,Sentences_75Agree.txt
"For 24-hour news , try ICIS news www.icis.com Click `` trial '' , then ICIS news",neutral,Sentences_75Agree.txt
He wore a black beanie-type cap and a black jacket .,neutral,Sentences_75Agree.txt
The products have a low salt and fat content .,neutral,Sentences_75Agree.txt
"According to Scanfil , demand for telecommunications network products has fluctuated significantly in the third quarter of 2006 , and the situation is expected to remain unstable for the rest of the year .",negative,Sentences_75Agree.txt
Finnair believes the strike will cause it daily net losses in excess of EUR 2mn due to canceled reservations and passenger re-routing .,negative,Sentences_75Agree.txt
"HELSINKI Thomson Financial - Shares closed little changed , with Cargotec and Huhtamaki dropping sharply on disappointing second-quarter reports .",negative,Sentences_75Agree.txt
"The airline estimated that the cancellation of its flights due to the closure of European airspace , and the process of recommencing traffic , have caused a the company a loss of EUR20m , including the costs of stranded passengers ' accommodation .",negative,Sentences_75Agree.txt
"In Finland , OP-Pohjola 's staff union is boycotting the group 's insurance sales tasks because the company has refused to take the sale of insurance into account in determining wages .",negative,Sentences_75Agree.txt
Ruukki Group calculates that it has lost EUR 4mn in the failed project .,negative,Sentences_75Agree.txt
"Samsung currently occupies third place and lost ground during the quarter , dropping by 1.8 % to an 11.1 % share overall .",negative,Sentences_75Agree.txt
"The Baltimore Police and Fire Pension , which has about $ 1.5 billion , lost about $ 3.5 million in Madoff Ponzi scheme .",negative,Sentences_75Agree.txt
"Vanhanen said the strike would be `` extremely damaging '' as some 1,300 participants and reporters begin to arrive in Finland for the one-day EU summit with Russian President Vladimir Putin in Lahti , about 100 kilometers ( 60 miles ) north of Helsinki .",negative,Sentences_75Agree.txt
"`` Small firms are suffering at the moment because they are likely to have money trouble , '' he added .",negative,Sentences_75Agree.txt
Altogether Finnair has canceled over 500 flights because of the strike .,negative,Sentences_75Agree.txt
"Operating result , excluding one-off items , totaled EUR 9.1 mn compared to EUR 10.6 mn in continuing operations , excluding one-off items in 2004 .",negative,Sentences_75Agree.txt
"Dealers said the share was largely hit by investor disappointment about a refining margin of just 9.48 usd per barrel for the quarter and the performance of its shipping unit , which saw EBIT drop to 5 mln eur from 20 mln eur a year amid a fall in volumes and tanker rates .",negative,Sentences_75Agree.txt
"Making matters more difficult , the company said it has been grappling with higher oil and gas prices , which have pushed up the cost of energy , raw materials and transportation .",negative,Sentences_75Agree.txt
One of the headboxes will be equipped with a modern consistency control system to ensure cross machine profile of the plasterboard .,neutral,Sentences_75Agree.txt
"One of the headboxes will be equipped with a modern consistency control system to ensure cross machine profile of the plasterboard , company said in a statement received by Lesprom Network .",neutral,Sentences_75Agree.txt
Small investors have voiced fears that the shares will end up with risk investors .,negative,Sentences_75Agree.txt
"The result will also be burdened by increased fixed costs associated with operations in China , and restructuring costs in Japan .",negative,Sentences_75Agree.txt
"As part of the transaction , M-real and Sappi have also signed a long-term agreement on the supply of pulp and BCTMP and other smaller services and supplies .",positive,Sentences_75Agree.txt
"In Asia earlier , Japan 's Nikkei index fell 0.62 percent and Hong Kong 's Hang Seng Index rose 0.56 percent .",neutral,Sentences_75Agree.txt
"Operating profit for the 12-month period decreased from EUR157 .5 m , while net sales increased from EUR634 .3 m , as compared to 2007 .",negative,Sentences_75Agree.txt
"Operating profit for the 12-month period decreased from EUR17 .9 m while net sales increased from EUR58 .3 m , as compared to 2007 .",negative,Sentences_75Agree.txt
"Operating profit for the nine-month period decreased from EUR19 .9 m while net sales increased from EUR155 .7 m , as compared to the corresponding period in 2007 .",negative,Sentences_75Agree.txt
"Comparable operating profit for the quarter decreased from EUR510m while sales increased from EUR860m , as compared to the third quarter 2007 .",negative,Sentences_75Agree.txt
"Earlier today , Geberit 's Finnish rival Uponor OYJ cut its full-year sales growth forecast to 6 pct from 10 pct , blaming tough conditions in Germany and the US , as well as currency factors .",negative,Sentences_75Agree.txt
"Operating loss totalled EUR 0.3 mn , down from a profit of EUR 5.1 mn in the first half of 2009 .",negative,Sentences_75Agree.txt
"Operating loss totalled EUR 0.9 mn , down from a profit of EUR 2.7 mn .",negative,Sentences_75Agree.txt
"Pretax loss totaled EUR 1.2 mn , down from a profit of EUR 2.1 mn in 2004 .",negative,Sentences_75Agree.txt
"The group 's operating loss was EUR 0.8 mn , down from a profit of EUR 2.5 mn in 2004 .",negative,Sentences_75Agree.txt
"The Finnish national carrier said net loss in April through June was euro26 million , down from a net profit of euro13 million a year earlier .",negative,Sentences_75Agree.txt
"It generated an operating loss of EUR 96.3 mn , down from a profit of EUR 43.9 mn .",negative,Sentences_75Agree.txt
"UPM said the move will lower net profit by  x20ac 385 million US$ 520 million in the second quarter , mainly due to impairment charges .",negative,Sentences_75Agree.txt
"The two companies will also partner in further developing Raiso 's cholesterol lowering brand , Benecol .",positive,Sentences_75Agree.txt
"Below are consolidated , unaudited results for Amanda Capital under IFRS reporting standards .",neutral,Sentences_75Agree.txt
Below are unaudited consolidated results for Aspocomp Group under IFRS reporting standards .,neutral,Sentences_75Agree.txt
Sales fell abroad but increased in Finland .,neutral,Sentences_75Agree.txt
"Since the association 's data do not cover sales figures from about 100 small local breweries and sales of imported beer products , the actual market shares of its members are smaller than those given in the report .",negative,Sentences_75Agree.txt
"At 1.33 pm , the OMX Helsinki 25 was 0.30 pct lower at 2,463.67 and the OMX Helsinki was down 0.37 pct at 8,537.42 on volume of 256 mln eur .",negative,Sentences_75Agree.txt
"At 12.01 pm , the OMX Helsinki 25 was down 0.66 pct to 3,143.57 and the OMX Helsinki was 0.67 pct lower at 10,530.74 on 253 mln eur turnover .",negative,Sentences_75Agree.txt
Elcoteq SE is Europe 's largest contract electronics maker and has set up a unit in Bangalore in association with Avista Advisory of Mumbai .,neutral,Sentences_75Agree.txt
"The OMX Helsinki 25 ended 0.47 pct lower at 3,150.55 and the OMX Helsinki was down 0.21 pct at 10,736.42 on 1.523 bln eur turnover .",negative,Sentences_75Agree.txt
"The podcast , sees Harple provide the low-down on GyPSii 's platform , which takes someone 's location and demographic information to produce a contextual index of the world around them .",neutral,Sentences_75Agree.txt
"When this information was released on 5 September 2008 , Nokia 's American Depositary shares fell by 8 % .",negative,Sentences_75Agree.txt
"Finnish construction company YIT is reducing the number of start-ups of market-financed residential units in 2007 to about 2,300 from the previously announced 2,700 .",negative,Sentences_75Agree.txt
"At 10.33 am , Huhtamaki was the market 's biggest faller , 8.69 pct lower at 11.35 eur , while the OMX Helsinki 25 was 0.32 pct higher at 3,332.41 , and the OMX Helsinki was up 0.47 pct at 11,687.32 .",negative,Sentences_75Agree.txt
"At 12.59 pm , the OMX Helsinki 25 index was 0.32 pct lower at 2,694.81 .",negative,Sentences_75Agree.txt
"At the close , the OMX Helsinki 25 was 0.01 pct lower at 3,067.64 points and the OMX Helsinki was down 0.05 pct at 10,321.46 points on over 1.343 bln eur of turnover .",negative,Sentences_75Agree.txt
"Body The credit falls due February 24 , 2014 .",neutral,Sentences_75Agree.txt
"However , two of the previously ordered sets will start producing electricity at the end of October 2010 , it said .",neutral,Sentences_75Agree.txt
"Sales in local currencies decreased by 0.5 percent while the number of subscribers rose by 12.7 million to a total of 147.6 million at the end of fourth quarter , the company said .",neutral,Sentences_75Agree.txt
The company confirmed its estimate for lower revenue for the whole 2009 than the year-ago EUR 93.9 million USD 137.3 m as given in the interim report on August 5 .,negative,Sentences_75Agree.txt
The company expects its net sales for the whole 2009 to remain below the 2008 level .,negative,Sentences_75Agree.txt
"The OMX Nordic 40 OMXN40 index , comprising the 40 most traded Nordic stocks on the Nasdaq OMX exchange , closed down 0.87 % at 1,064.14 points on Thursday .",negative,Sentences_75Agree.txt
- Net sales for the period are expected to fall well below that of last year and the result after non-recurring items is expected to be in the red .,negative,Sentences_75Agree.txt
"In Finland , the Bank of +àland reports its operating profit fell to EUR 6.1 mn in the second quarter of 2008 from EUR 7.5 mn in the second quarter of 2007 .",negative,Sentences_75Agree.txt
"Budapest , August 10 MTI - Finnish electronics maker Elcoteq will lay off 700 workers at its plants in Pecs S Hungary at the end of September because of falling orders , communications director for Elcoteq 's local unit , Zoltan Krippl told MTI on Monday .",negative,Sentences_75Agree.txt
Earnings per share EPS in 2005 decreased to EUR0 .66 from EUR1 .15 in 2004 .,negative,Sentences_75Agree.txt
"Finnair 's Tallinn-based subsidiary , Aero AS , carried 23,335 passengers , a decline of 60.8 % , on routes between Helsinki and the Baltic capitals and within Southern Finland .",negative,Sentences_75Agree.txt
"In Q1 of 2009 , Bank of +àland 's net interest income weakened by 10 % to EUR 9.1 mn .",negative,Sentences_75Agree.txt
"ADPnews - Aug 3 , 2009 - Finnish media group Ilkka-Yhtyma Oyj HEL : ILK2S said today its net profit fell 45 % on the year to EUR 5.9 million USD 8.4 m in the first half of 2009 .",negative,Sentences_75Agree.txt
Operating profit for 2009 lower than outlook published earlier .,negative,Sentences_75Agree.txt
Operating profit for continuing operations fell to EUR 48.3 mn from EUR 72.4 mn in the first half of 2007 .,negative,Sentences_75Agree.txt
"Revenue for the quarter totaled 27.4 billion , down 2 percent from 28.1 billion in the fourth quarter in 2008 .",negative,Sentences_75Agree.txt
"Sampo Bank 's market share of lending was 13.6 % , down from 14.4 % in the first quarter of 2008 .",negative,Sentences_75Agree.txt
Sanoma News ' advertising sales decreased by 22 % during the year .,negative,Sentences_75Agree.txt
"26 October 2010 - Finnish environmental management company Lassila & Tikanoja Oyj ( HEL : LAT1V ) , or L&T , said today its net profit declined to EUR20 .9 m for the first nine months of 2010 from EUR27 .6 m for the same period a year earlier .",negative,Sentences_75Agree.txt
Finnish Bank of +àland reports its operating profit fell to EUR 4.9 mn in the third quarter of 2007 from EUR 5.6 mn in the third quarter of 2006 .,negative,Sentences_75Agree.txt
"Finnish Bank of +àland reports operating profit of EUR 2.2 mn in the first quarter of 2010 , down from EUR 6.3 mn in the corresponding period in 2009 .",negative,Sentences_75Agree.txt
"Finnish electronics contract manufacturer Scanfil reports net sales of EUR 241.2 mn in 2006 , down from EUR 321.6 mn in 2005 .",negative,Sentences_75Agree.txt
"Finnish electronics contract manufacturer Scanfil reports net sales of EUR 58.9 mn in the second quarter of 2007 , down from EUR 62.4 mn a year earlier .",negative,Sentences_75Agree.txt
"Finnish Exel Composites , a technology company that designs , manufactures , and markets composite profiles and tubes for various industrial applications , reports its net sales decreased by 0.6 % in the second quarter of 2010 to EUR 19.2 mn from EUR 19.3 mn in the corresponding period in 2009 .",negative,Sentences_75Agree.txt
"Finnish GeoSentric 's net sales decreased to EUR 939,000 in January-March 2009 .",negative,Sentences_75Agree.txt
"Finnish Kemira 's net sales EUR decreased to EUR 1,259.6 mn in January-June 2009 from EUR 1,425.1 mn in January-June 2008 .",negative,Sentences_75Agree.txt
"Finnish plumbing and heating systems supplier Uponor 's net sales from continuing operations decreased by 9.4 % in 2008 to EUR 949.2 mn from EUR 1,047.4 mn in 2007 .",negative,Sentences_75Agree.txt
"Finnish plumbing and heating systems supplier Uponor 's net sales in continuing business operations decreased to EUR 249.1 mn in July-September 2008 , compared to EUR 262.1 mn in the third quarter of 2007 .",negative,Sentences_75Agree.txt
"Finnish Scanfil , a contract manufacturer and systems supplier for communication and industrial electronics reports net sales of EUR 108.7 mn in the first half of 2008 , down from EUR 111.1 mn a year earlier .",negative,Sentences_75Agree.txt
"Finnish Scanfil , a systems supplier and contract manufacturer to the communications sector and the electronics industry , reports its net sales totalled EUR 94.7 mn in the first half of 2010 , down from EUR 99.5 mn in the first half of 2009 .",negative,Sentences_75Agree.txt
"Finnish Scanfil , a systems supplier and contract manufacturer to the communications sector and the electronics industry , reports net sales of EUR 49.6 mn in the first quarter of 2009 , which are only a per cent smaller than in the corresponding period in 2008 .",negative,Sentences_75Agree.txt
"Finnish shipping company Finnlines , of the Grimaldi Group , reports its net sales decreased to EUR 241.8 mn in January-June 2009 from EUR 384.0 mn in the corresponding period in 2008 .",negative,Sentences_75Agree.txt
"Cargo traffic fell 1 % year-on-year to 8,561 tonnes in September 2009 .",negative,Sentences_75Agree.txt
"Cash flow after investments amounted to EUR45m , down from EUR46m .",negative,Sentences_75Agree.txt
"Coca-Cola was the market leader of manufacturers with a market share of 36.9 % , down 2.2 % from the corresponding period in 2004-2005 .",negative,Sentences_75Agree.txt
Comparable operating profit decreased to EUR 13.8 mn from EUR 17.1 mn in the corresponding period in 2005 .,negative,Sentences_75Agree.txt
Consolidated operating profit from continuing operations decreased by 62.3 % to EUR 51.2 mn from EUR 135.7 mn in 2007 .,negative,Sentences_75Agree.txt
Consolidated pretax profit decreased by 69.2 % to EUR 41.0 mn from EUR 133.1 mn in 2007 .,negative,Sentences_75Agree.txt
Device volume in the area decreased by 21 % to 2.7 mn units .,negative,Sentences_75Agree.txt
Diluted earnings per share ( EPS ) declined to EUR 0.78 from EUR 1.76 .,negative,Sentences_75Agree.txt
Diluted earnings per share ( EPS ) fell to EUR 0.63 from EUR 1.71 .,negative,Sentences_75Agree.txt
down to EUR5 .9 m H1 '09 3 August 2009 - Finnish media group Ilkka-Yhtyma Oyj ( HEL : ILK2S ) said today its net profit fell 45 % on the year to EUR5 .9 m in the first half of 2009 .,negative,Sentences_75Agree.txt
"Earnings per share ( EPS ) amounted to EUR1 .37 , down from EUR2 .30 .",negative,Sentences_75Agree.txt
Earnings per share ( EPS ) in 2005 decreased to EUR1 .87 from EUR1 .89 in 2003 .,negative,Sentences_75Agree.txt
"Earnings per share ( EPS ) in the first half of 2007 amounted to EUR0 .29 , down from EUR0 .40 year ago .",negative,Sentences_75Agree.txt
Finnair 's total traffic decreased by 8.7 % in terms of revenue passenger kilometres .,negative,Sentences_75Agree.txt
Finnish business software group AffectoGenimap Oyj said its net profit halved to 1.2 mln euro ( $ 1.5 mln ) in the first nine months of 2006 from 2.2 mln euro ( $ 2.8 mln ) in the same period of 2005 .,negative,Sentences_75Agree.txt
"Finnish financial software solutions developer BasWare Oyj said its net profit fell to 884,000 euro ( $ 1.2 mln ) for the first quarter of 2007 from 2.0 mln euro ( $ 2.7 mln ) a year earlier .",negative,Sentences_75Agree.txt
Finnish glass technology company Glaston Oyj Abp net profit decreased to 2.6 mln euro ( $ 3.8 mln ) for the first nine months of 2007 from 7.8 mln euro ( $ 11.4 mln ) for the same period of 2006 .,negative,Sentences_75Agree.txt
"Finnish management software solutions provider Ixonos Oyj net profit decreased to 369,000 euro ( $ 575,000 ) for the first quarter of 2008 from 669,000 euro ( $ 1.0 mln ) for the same period of 2007 .",negative,Sentences_75Agree.txt
Finnish media company Talentum Oyj 's net profit decreased to 2.5 mln euro ( $ 4.0 mln ) for the first quarter of 2008 from 3.0 mln euro ( $ 4.7 mln ) for the same period of 2007 .,negative,Sentences_75Agree.txt
Finnish metal products company Componenta Oyj net profit went slightly down to 25.1 mln euro ( $ 40.2 mln ) for the first half of 2008 from 25.4 mln euro ( $ 40.7 mln ) for the same period of 2007 .,negative,Sentences_75Agree.txt
"In a separate announcement to the Helsinki stock exchange , Atria revealed that the company 's third quarter profits declined from EUR13 .9 m in the third quarter of last year to EUR12 .7 m in this year 's Q3 .",negative,Sentences_75Agree.txt
"In the fourth quarter of 2008 , net sales decreased to EUR 121.4 mn from EUR 165.5 mn in the fourth quarter of 2007 .",negative,Sentences_75Agree.txt
"Insurer Axa ( PAR : CS ) slid by 5.35 % to EUR 14.15 , after Citigroup and ING slashed their targets on the stock .",negative,Sentences_75Agree.txt
"( ADP News ) - Feb 11 , 2009 - Finnish wood products technology supplier Raute Oyj ( HEL : RUTAV ) said today its net profit decreased to EUR 4.7 million ( USD 6.1 m ) for 2008 from EUR 6.6 million for 2007 .",negative,Sentences_75Agree.txt
"( ADP News ) - Feb 12 , 2009 - Finnish construction company Lemminkainen Oyj ( HEL : LEM1S ) said today its net profit decreased to EUR 63.5 million ( USD 81.1 m ) for 2008 from EUR 80.6 million for 2007 .",negative,Sentences_75Agree.txt
"( ADP News ) - Feb 4 , 2009 - Finnish broadband data communication systems and solutions company Teleste Oyj ( HEL : TLT1V ) said today its net profit decreased to EUR 5.5 million ( USD 7.2 m ) for 2008 from EUR 9.4 million for 200",negative,Sentences_75Agree.txt
"( ADP News ) - Jan 22 , 2009 - Finnish mobile phones maker Nokia Oyj ( OMX : NOK1V ) said today its operating profit decreased to EUR 5 billion ( USD 6.5 bn ) for 2008 from EUR 8 billion for 2007 .",negative,Sentences_75Agree.txt
"( ADPnews ) - May 4 , 2010 - Finnish cutlery and hand tools maker Fiskars Oyj Abp ( HEL : FISAS ) said today its net profit declined to EUR 12.9 million ( USD 17m ) in the first quarter of 2010 from EUR 17 million in the correspond",negative,Sentences_75Agree.txt
"( ADPnews ) - Oct 21 , 2009 - Finland-based IT consultancy Tieto Oyj ( HEL : TIE1V ) said today its net profit plunged to EUR 29.4 million ( USD 43.9 m ) for the first nine months of 2009 from EUR 58.7 million for the same period o",negative,Sentences_75Agree.txt
Market share decreased on the route between Helsinki in Finland and Tallinn in Estonia by 0.1 percentage points to 24.8 % .,negative,Sentences_75Agree.txt
Net profit fell by almost half to +é 5.5 million from +é 9.4 million at the end of 2007 .,negative,Sentences_75Agree.txt
"Net profit in the three months through March 31 fell to (  x20ac ) 103 million ( US$ 165 million ) from (  x20ac ) 131 million a year earlier , the Finnish company said .",negative,Sentences_75Agree.txt
Net sales decreased to EUR 220.5 mn from EUR 470.0 mn in the corresponding period in 2009 .,negative,Sentences_75Agree.txt
Net sales decreased to EUR 91.6 mn from EUR 109mn in the corresponding period in 2005 .,negative,Sentences_75Agree.txt
Net sales fell by 33 % from the third quarter of 2008 to EUR 130.5 mn .,negative,Sentences_75Agree.txt
Net sales fell by 5 % from the previous accounting period .,negative,Sentences_75Agree.txt
"Net sales of Kyro 's main business area , Glaston Technologies , a manufacturer of glass processing machines , decreased to EUR 161.5 mn from EUR 164.1 mn in January-September 2005 .",negative,Sentences_75Agree.txt
Operating profit decreased to EUR 16mn from EUR 21.1 mn in 2008 .,negative,Sentences_75Agree.txt
Operating profit fell from EUR 7.9 mn in the second quarter of 2005 to EUR 5.1 mn in the second quarter of 2006 .,negative,Sentences_75Agree.txt
Operating profit fell to EUR 15.1 mn from EUR 24.6 mn in 2006 .,negative,Sentences_75Agree.txt
Operating profit fell to EUR 23.26 mn from EUR 32.86 mn .,negative,Sentences_75Agree.txt
Operating profit fell to EUR 38.1 mn from EUR 55.3 mn in 2007 .,negative,Sentences_75Agree.txt
Operating profit fell to EUR 6.2 mn from EUR 8.5 mn in the third quarter of 2007 .,negative,Sentences_75Agree.txt
Orion 's net profit for the third quarter of 2007 decreased to 36.5 mln euro ( $ 52.1 mln ) from 40.3 mln euro ( $ 57.5 mln ) a year earlier .,negative,Sentences_75Agree.txt
Pretax profit decreased by 37 % to EUR 193.1 mn from EUR 305.6 mn .,negative,Sentences_75Agree.txt
Pretax profit decreased to EUR 33.8 mn from EUR 40.8 mn in the fourth quarter of 2005 .,negative,Sentences_75Agree.txt
"Pretax profit totaled EUR 9.0 mn , down from EUR 36.3 mn in 2007 .",negative,Sentences_75Agree.txt
Prices and delivery volumes of broadband products decreased significantly in 2005 .,negative,Sentences_75Agree.txt
Profit for the period fell to EUR 1.6 mn from EUR 7.5 mn in January-September 2008 .,negative,Sentences_75Agree.txt
"Profit for the period totalled EUR 0.8 mn , down from EUR 1.1 mn in the corresponding period in 2008 .",negative,Sentences_75Agree.txt
"Profit for the period totalled EUR 1.1 mn , down from EUR 1.6 mn in the third quarter of 2008 .",negative,Sentences_75Agree.txt
Revenue in the quarter fell 8 percent to ( EURO ) 2.4 billion compared to a year earlier .,negative,Sentences_75Agree.txt
SRV lowered its net sales estimate for the whole of 2008 due to uncertainties in housing sales .,negative,Sentences_75Agree.txt
Stora Enso Oyj said its second-quarter result would fall by half compared with the same period in 2007 .,negative,Sentences_75Agree.txt
Subscription sales decreased slightly .,negative,Sentences_75Agree.txt
The company confirmed its estimate for lower revenue for the whole 2009 than the year-ago EUR93 .9 m as given in the interim report on 5 August 2009 .,negative,Sentences_75Agree.txt
The Department Store Division 's sales fell by 8.6 % to EUR 140.2 mn .,negative,Sentences_75Agree.txt
The fair value of the company 's investment properties went down to EUR 2.768 billion at the end of 2009 from EUR 2.916 billion a year earlier .,negative,Sentences_75Agree.txt
The fair value of the company 's investment properties went down to EUR2 .769 bn at the end of September 2009 from EUR2 .878 bn a year earlier .,negative,Sentences_75Agree.txt
The Group 's order portfolio decreased from EUR 42.9 mn in 9-2007 to EUR 33.3 mn in 2-2008 .,negative,Sentences_75Agree.txt
The net sales decreased to EUR 49.8 million from EUR 59.9 million .,negative,Sentences_75Agree.txt
The sales of the Tiimari segment fell by 4.0 % year-on-year to EUR3 .3 m in June 2010 .,negative,Sentences_75Agree.txt
"Finnish electronics contract manufacturer Scanfil had net sales of EUR 52.2 mn in the first quarter of 2007 , down from EUR 60.1 mn a year before .",negative,Sentences_75Agree.txt
"Alma Media 's operating profit amounted to EUR 11.9 mn , down from EUR 15.0 mn a year earlier .",negative,Sentences_75Agree.txt
"Commission income decreased to EUR 3.8 mn , compared to EUR 4.6 mn in the third quarter of 2007 .",negative,Sentences_75Agree.txt
Commission income fell to EUR 4.6 mn from EUR 5.1 mn in the corresponding period in 2007 .,negative,Sentences_75Agree.txt
Export declined by 6 percent to 16.4 million liters .,negative,Sentences_75Agree.txt
"Exports of goods fell by 59 % , and imports by 16.7 % .",negative,Sentences_75Agree.txt
Finnish developer and manufacturer of mobile phone chargers Salcomp Plc OMX Helsinki : SAL1V on Wednesday 19 November lowered its full-year net sales estimate .,negative,Sentences_75Agree.txt
Finnish investment group Norvestia Oyj said its net profit fell to 23.5 mln euro $ 30.6 mln in 2006 from 33.5 mln euro $ 43.6 mln in 2005 .,negative,Sentences_75Agree.txt
"Group EBIT for the first half was EUR13 .6 m US$ 17.8 m , falling short of the EUR22 .5 m it posted for the same period of 2009 .",negative,Sentences_75Agree.txt
"However , its market share shrank to 47.59 per cent from 48 per cent a year earlier .",negative,Sentences_75Agree.txt
"However , the company saw its net profit for the third quarter down to EUR 1.4 million from EUR 1.5 million for the corresponding period of 2009 .",negative,Sentences_75Agree.txt
"However , the company saw its net profit for the third quarter down to EUR1 .4 m from EUR1 .5 m for the corresponding period of 2009 .",negative,Sentences_75Agree.txt
"However , the net sales declined to EUR 803.6 million from EUR 1.2 billion .",negative,Sentences_75Agree.txt
"In food trade , sales amounted to EUR320 .1 m , a decline of 1.1 % .",negative,Sentences_75Agree.txt
"In January-November 2009 , the group 's sales totalled EUR 7,801.7 mn , which was a drop of 12.6 % from the same period of 2008 .",negative,Sentences_75Agree.txt
"In July-September 2009 , Konecranes ' sales decreased to EUR 368.7 mn from EUR 520.4 mn in July-September 2008 .",negative,Sentences_75Agree.txt
"In sales volume , Coca-Cola 's market share has decreased by 2.2 % to 24.2 % .",negative,Sentences_75Agree.txt
"In September alone , the market declined by 10.2 percent year-on-year to 19.28 million liters .",negative,Sentences_75Agree.txt
"In the Baltic countries , sales fell by 40.2 % , and in Russia , by 23.2 % in terms of euros , and by 10.7 % in terms of local currency .",negative,Sentences_75Agree.txt
"In the Baltic countries , sales fell by 42.6 % .",negative,Sentences_75Agree.txt
Nokia s U.S. shares were 3.3 percent lower at $ 12.73 by 1750 GMT .,negative,Sentences_75Agree.txt
"Nokia shares hit 13.21 euros on Friday , down 50 percent from the start of the year in part because of the slow introduction of touch-screen models .",negative,Sentences_75Agree.txt
Operating profit decreased to EUR 11.2 mn from EUR 16.6 mn .,negative,Sentences_75Agree.txt
"Operating profit decreased to nearly EUR 1.7 mn , however .",negative,Sentences_75Agree.txt
Operating profit fell to EUR 20.3 mn from EUR 74.2 mn in the second quarter of 2008 .,negative,Sentences_75Agree.txt
Operating profit in the fourth quarter fell to EUR33m from EUR39m a year earlier .,negative,Sentences_75Agree.txt
"Operating profit totaled EUR 3.8 mn , down from EUR 4.5 mn in the corresponding period in 2005 .",negative,Sentences_75Agree.txt
"Operating profit totaled EUR 6.7 mn , down from EUR 7.2 mn in the corresponding period in 2005 .",negative,Sentences_75Agree.txt
"Operating profit totaled EUR 9.4 mn , down from EUR 11.7 mn in 2004 .",negative,Sentences_75Agree.txt
"Operating profit totalled EUR 1.22 mn , down from EUR 3.56 mn in the first quarter of 2008 .",negative,Sentences_75Agree.txt
"Operating profit totalled EUR 30.2 mn , down from EUR 43.8 mn a year earlier .",negative,Sentences_75Agree.txt
"Operating profit totalled EUR 9.0 mn , down from EUR 9.7 mn in the first half of 2008 .",negative,Sentences_75Agree.txt
"Operating profit totalled EUR 9.6 mn , down from EUR 42.0 mn the year before .",negative,Sentences_75Agree.txt
"Operating profit was EUR -0.1 mn , down from EUR 1.3 mn .",negative,Sentences_75Agree.txt
"Profit for the period was EUR 10.9 mn , down from EUR 14.3 mn in 2009 .",negative,Sentences_75Agree.txt
"Revenue was slightly down , at  x20ac 495 million $ 634 million , compared to  x20ac 497 million a year earlier .",negative,Sentences_75Agree.txt
Sales by Seppala diminished by 6 per cent .,negative,Sentences_75Agree.txt
Talentum 's net sales in September were smaller than expected .,negative,Sentences_75Agree.txt
"The company 's profit totaled Ls 578,100 in H1 2007 , down 30.9 % year-on-year .",negative,Sentences_75Agree.txt
The company said that sales in the three months to the end of March slid to EUR86 .4 m US$ 113.4 m from EUR91 .2 m last year .,negative,Sentences_75Agree.txt
The operating margin came down to 2.4 % from 5.7 % .,negative,Sentences_75Agree.txt
The operating margin of Aker Yards Cruise & Ferries division went down from 8.3 % to 6.4 % in the first quarter of 2007 .,negative,Sentences_75Agree.txt
The total capital of funds managed by the bank decreased by 28 % to EUR 284mn by the end of September 2008 .,negative,Sentences_75Agree.txt
UPM stock fell 3 percent to EURO 12.49 $ 17.24 in early afternoon trading in Helsinki .,negative,Sentences_75Agree.txt
"YIT 's Baltic sales in the first three quarters of 2008 totaled 106.2 million euros , representing a drop of 29 percent year on year .",negative,Sentences_75Agree.txt
"According to the company , its operating profit , excluding non-recurring items , in the fourth quarter of 2009 was significantly better than expected , and also better than the figures for the fourth quarter of 2008 .",positive,Sentences_75Agree.txt
`` I am extremely delighted with this project and the continuation of cooperation with Viking Line .,positive,Sentences_75Agree.txt
"The share issue , derogating from the pre-emptive right of the shareholders and comprising some six million new shares at market price , will be offered for subscription by shareholders , holders of capital notes and by professional clients .",neutral,Sentences_75Agree.txt
"ADPnews - Sep 28 , 2009 - Finnish silicon wafers maker Okmetic Oyj HEL : OKM1V said it will reduce the number of its clerical workers by 22 worldwide as a result of personnel negotiations completed today .",negative,Sentences_75Agree.txt
"- Demand for fireplace products was lower than expected , especially in Germany .",negative,Sentences_75Agree.txt
"Currently , the company foresees its pre-tax profit to remain below the 2009 level when it reached EUR 700,000 USD 934,000 , compared with previous projections of a slightly better pre-tax profit .",negative,Sentences_75Agree.txt
"However , the orders received during the period under review fell by 17 % quarter-on-quarter from the EUR 213 million recorded in the second quarter of 2010 .",negative,Sentences_75Agree.txt
"The announcement pushed Freenet shares down 6.3 % , or EUR0 .71 , in Frankfurt trade to EUR10 .65 as investors gave up hope United Internet AG and Drillisch would pursue their own takeover and breakup of Freenet .",negative,Sentences_75Agree.txt
"Danske Bank A-S DANSKE DC jumped 3.7 percent to 133.4 kroner , rebounding from yesterday s 3.5 percent slide .",positive,Sentences_75Agree.txt
Our superior customer centricity and expertise in digital services set us apart from our competitors .,positive,Sentences_75Agree.txt
"According to the company , in addition to normal seasonal fluctuation the market situation has weakened during autumn 2008 .",negative,Sentences_75Agree.txt
"Changes in the market situation and tougher price competition have substantially reduced demand for bread packaging manufactured at the Kauhava plant , according to the company .",negative,Sentences_75Agree.txt
"In the building and home improvement trade , sales decreased by 6.3 % , totalling EUR 154.1 mn .",negative,Sentences_75Agree.txt
"In the building and home improvement trade , net sales totalled EUR 1,173 mn , down from EUR 1,566 mn a year earlier .",negative,Sentences_75Agree.txt
"In the building and home improvement trade , sales decreased by 22.5 % to EUR 201.4 mn .",negative,Sentences_75Agree.txt
"Finnish Suominen Corporation that makes wipes , nonwovens , and flexible packaging , expects changes in the market situation to reduce sales of Suominen 's nonwovens and wet wipes from the previously estimated volumes .",negative,Sentences_75Agree.txt
The hull of the vessel was built one block at a time and Ruukki delivered the plate material for each block as construction progressed .,neutral,Sentences_75Agree.txt
The net sales of the whole fiscal year 2008 will be lower than in 2007 and operating profit is estimated to be negative .,negative,Sentences_75Agree.txt
Sales at the unit slumped last year after the industry was hit by poor snowfall in the major resorts in the winter of 2006-07 .,negative,Sentences_75Agree.txt
"The steelmaker said that the drop in profit was explained by the continuing economic uncertainty , mixed with the current drought in bank lending , resulting in a decline in demand for its products as customers find it increasingly difficult to fund operations .",negative,Sentences_75Agree.txt
"Nokia 's share price fell less than one percent to 18.70 euros ( $ 25.41 ) in Helsinki , while Siemens shares fell 1.02 percent to 90.19 euros ( $ 122.57 ) in Frankfurt .",negative,Sentences_75Agree.txt
`` Operating profit declined mainly due to the increased cost of wood and recycled fiber and the strengthened euro . '',negative,Sentences_75Agree.txt
Operating profit in the fourth quarter went down to EUR3m from EUR4 .2 m for the corresponding period of 2009 as it included costs of growth projects .,negative,Sentences_75Agree.txt
"UPM-Kymmene Corp. , the world 's largest maker of magazine paper , on Tuesday reported a 19-percent profit drop as lower paper prices , higher costs and a strong euro hurt revenue .",negative,Sentences_75Agree.txt
"In Finland , the launch of tie-in sales of 3G mobile phones did not cause a dramatic rush in mobile retail outlets during the first few days .",neutral,Sentences_75Agree.txt
`` I 'm not sure what 's happening .,neutral,Sentences_75Agree.txt
"As such , the space has blond wood floors ( unlike the rest of the store ) and a notably Scandinavian vibe .",neutral,Sentences_75Agree.txt
Pentik+ñinen emphasises that the most of the internet contents media houses provide can not be free forever .,neutral,Sentences_75Agree.txt
Finnish meat company Atria can no longer promise a sufficient amount of domestic beef to its customers .,negative,Sentences_75Agree.txt
"Thanks to the internet , consumers compare products more than previously and Finnish companies are not competitive .",negative,Sentences_75Agree.txt
"Because expenditures must be justified to pass budget approval hurdles , we believe our RoP model can help make it easier for IT and IT security practitioners to make the business case for acquiring enabling security technologies and related control activities .",neutral,Sentences_75Agree.txt
`` Capital expenditure on energy efficiency has unfortunately fallen along with the decline in the economy .,negative,Sentences_75Agree.txt
"Due to the rapid decrease in net sales , personnel reductions have been carried out on a wider scale than initially expected .",negative,Sentences_75Agree.txt
"Operating profit excluding non-recurring items decreased to EUR 6.2 mn from EUR 16.8 mn in 2007 , representing 2.3 % of net sales .",negative,Sentences_75Agree.txt
Finnish waste management and cleaning group Lassila & Tikanoja Oyj ( L&T ) net profit went down to 32.2 mln euro ( $ 47.7 mln ) for 2007 from 35.3 mln euro ( $ 52.3 mln ) for 2006 .,negative,Sentences_75Agree.txt
"Qualcomm estimated a first-quarter profit between 46 and 50 cents a share , excluding certain items , below the analyst estimate of 61 cents a share .",negative,Sentences_75Agree.txt
"Nevertheless , the development can not be allowed to ruin the print newspaper , which continues to be Sanoma News ' main medium .",neutral,Sentences_75Agree.txt
"Besides , as there is no depositor preference in Finland , senior debt and deposits rank on a par , which is also taken into consideration , the agency added .",neutral,Sentences_75Agree.txt
"Operating margin , however , slipped to 14.4 % from 15.1 % , dragged down by a poor performance in enterprise solutions .",negative,Sentences_75Agree.txt
"It holds 38 percent of Outokumpu 's shares and voting rights , but in 2001 lawmakers gave it permission to reduce the stake to 10 percent .",neutral,Sentences_75Agree.txt
Mobile communication and wireless broadband provider Nokia Inc NYSE : NOK today set new financial targets and forecasts for Nokia and the mobile device industry and also for Nokia Siemens Networks and the mobile and fixed infrastructure and related services market .,neutral,Sentences_75Agree.txt
"External net sales from the printing business fell by 43.7 % , partly due to the termination of the printing contract between Ilkka-Yhtyma 's printing house I-print Oy and sector player HSS Media AB in December 2009 and the fall in printing prices .",negative,Sentences_75Agree.txt
"Seven-month sales of Ragutis , which is controlled by the Finnish brewery Olvi , declined by 11.2 percent , to 15.41 million liters , and the company held 9.89 percent of the market .",negative,Sentences_75Agree.txt
"The OMX Helsinki index was 0.33 pct lower at 9,364.80 , while the OMX Helsinki CAP portfolio index was down 0.34 pct at 5,029.25 .",negative,Sentences_75Agree.txt
"The OMX Helsinki index was down 0.34 pct at 8,256.02 on turnover of 813.191 mln eur .",negative,Sentences_75Agree.txt
Repeats sees 2008 operating profit down y-y ( Reporting by Helsinki Newsroom ) Keywords : TECNOMEN-RESULTS,negative,Sentences_75Agree.txt
"Comparable operating profit totaled EUR 4.7 mn , down from EUR 5.1 mn in the corresponding period in 2005 , representing 7.4 % of net sales .",negative,Sentences_75Agree.txt
"In Finland 's Hobby Hall 's sales decreased by 10 % , and international sales fell by 19 % .",negative,Sentences_75Agree.txt
"In the Baltic states the company reports net sales of EUR 11.9 mn , down from EUR 14.2 mn , and an operative EBIT of EUR -2.2 mn , down from EUR -1.7 mn .",negative,Sentences_75Agree.txt
"Operating profits in the half were  0.8 m , down from  0.9 m as Glisten invested in the brand and the management team .",negative,Sentences_75Agree.txt
"Sales in Finland decreased by 2.0 % , and international sales decreased by 9.3 % in terms of euros , and by 15.1 % in terms of local currencies .",negative,Sentences_75Agree.txt
The company said that its comparable operating profit for the January-June period fell short of last year 's corresponding performance .,negative,Sentences_75Agree.txt
"Operating result for the 12-month period decreased from the profit of EUR0 .4 m while turnover decreased from EUR5 .6 m , as compared to 2004 .",negative,Sentences_75Agree.txt
"HELSINKI Thomson Financial - Shares in Cargotec fell sharply in early afternoon trade after the cargo handling group posted a surprise drop in April-June profits , which overshadowed the large number of new orders received during the three months .",negative,Sentences_75Agree.txt
LONDON MarketWatch -- Share prices ended lower in London Monday as a rebound in bank stocks failed to offset broader weakness for the FTSE 100 .,negative,Sentences_75Agree.txt
"Operating profit fell to EUR 35.4 mn from EUR 68.8 mn in 2007 , including vessel sales gain of EUR 12.3 mn .",negative,Sentences_75Agree.txt
"Sales in Finland decreased by 10.5 % in January , while sales outside Finland dropped by 17 % .",negative,Sentences_75Agree.txt
